CREATE DATABASE  IF NOT EXISTS `0604972069_freshair` /*!40100 DEFAULT CHARACTER SET utf8 */;
USE `0604972069_freshair`;
-- MySQL dump 10.13  Distrib 5.6.24, for Win64 (x86_64)
--
-- Host: tsuts.tskoli.is    Database: 0604972069_freshair
-- ------------------------------------------------------
-- Server version	5.7.14-log

/*!40101 SET @OLD_CHARACTER_SET_CLIENT=@@CHARACTER_SET_CLIENT */;
/*!40101 SET @OLD_CHARACTER_SET_RESULTS=@@CHARACTER_SET_RESULTS */;
/*!40101 SET @OLD_COLLATION_CONNECTION=@@COLLATION_CONNECTION */;
/*!40101 SET NAMES utf8 */;
/*!40103 SET @OLD_TIME_ZONE=@@TIME_ZONE */;
/*!40103 SET TIME_ZONE='+00:00' */;
/*!40014 SET @OLD_UNIQUE_CHECKS=@@UNIQUE_CHECKS, UNIQUE_CHECKS=0 */;
/*!40014 SET @OLD_FOREIGN_KEY_CHECKS=@@FOREIGN_KEY_CHECKS, FOREIGN_KEY_CHECKS=0 */;
/*!40101 SET @OLD_SQL_MODE=@@SQL_MODE, SQL_MODE='NO_AUTO_VALUE_ON_ZERO' */;
/*!40111 SET @OLD_SQL_NOTES=@@SQL_NOTES, SQL_NOTES=0 */;

--
-- Table structure for table `aircrafts`
--

DROP TABLE IF EXISTS `aircrafts`;
/*!40101 SET @saved_cs_client     = @@character_set_client */;
/*!40101 SET character_set_client = utf8 */;
CREATE TABLE `aircrafts` (
  `aircraftID` char(6) NOT NULL,
  `aircraftSpecificationsID` int(11) DEFAULT NULL,
  `enteredService` date DEFAULT NULL,
  `aircraftName` varchar(55) DEFAULT NULL,
  PRIMARY KEY (`aircraftID`)
) ENGINE=InnoDB DEFAULT CHARSET=utf8;
/*!40101 SET character_set_client = @saved_cs_client */;

--
-- Dumping data for table `aircrafts`
--

LOCK TABLES `aircrafts` WRITE;
/*!40000 ALTER TABLE `aircrafts` DISABLE KEYS */;
INSERT INTO `aircrafts` VALUES ('TF-ASA',1,'2013-01-01',NULL),('TF-BRA',4,'2013-01-01',NULL),('TF-BUS',6,'2013-01-01',NULL),('TF-CHM',7,'2013-01-01',NULL),('TF-CNA',7,'2013-01-01',NULL),('TF-ELP',3,'2013-01-01',NULL),('TF-GRT',7,'2013-01-01',NULL),('TF-GSF',7,'2013-01-01',NULL),('TF-HUX',4,'2013-01-01',NULL),('TF-LIN',4,'2013-01-01',NULL),('TF-LOK',7,'2013-01-01',NULL),('TF-LUR',2,'2013-01-01',NULL),('TF-LUS',7,'2013-01-01',NULL),('TF-MUR',4,'2013-01-01',NULL),('TF-NEI',5,'2013-01-01',NULL),('TF-PHY',7,'2013-01-01',NULL),('TF-RUM',4,'2013-01-01',NULL),('TF-TUR',1,'2013-01-01',NULL),('TF-WIN',4,'2013-01-01',NULL),('TF-YES',7,'2013-01-01',NULL);
/*!40000 ALTER TABLE `aircrafts` ENABLE KEYS */;
UNLOCK TABLES;

--
-- Table structure for table `aircraftseats`
--

DROP TABLE IF EXISTS `aircraftseats`;
/*!40101 SET @saved_cs_client     = @@character_set_client */;
/*!40101 SET character_set_client = utf8 */;
CREATE TABLE `aircraftseats` (
  `seatID` int(11) NOT NULL AUTO_INCREMENT,
  `rowNumber` tinyint(4) NOT NULL,
  `seatNumber` char(1) NOT NULL,
  `seatPlacement` varchar(15) DEFAULT NULL,
  `deck` char(5) DEFAULT NULL,
  `classID` int(11) NOT NULL,
  `aircraftID` char(6) NOT NULL,
  PRIMARY KEY (`seatID`),
  KEY `seat_class_FK` (`classID`),
  KEY `seat_plane_FK` (`aircraftID`),
  CONSTRAINT `seat_class_FK` FOREIGN KEY (`classID`) REFERENCES `classes` (`classID`),
  CONSTRAINT `seat_plane_FK` FOREIGN KEY (`aircraftID`) REFERENCES `aircrafts` (`aircraftID`)
) ENGINE=InnoDB AUTO_INCREMENT=4463 DEFAULT CHARSET=utf8;
/*!40101 SET character_set_client = @saved_cs_client */;

--
-- Dumping data for table `aircraftseats`
--

LOCK TABLES `aircraftseats` WRITE;
/*!40000 ALTER TABLE `aircraftseats` DISABLE KEYS */;
INSERT INTO `aircraftseats` VALUES (1,1,'A','w','l',1,'TF-ASA'),(2,1,'B','a','l',1,'TF-ASA'),(3,1,'C','a','l',1,'TF-ASA'),(4,1,'D','w','l',1,'TF-ASA'),(5,2,'A','w','l',1,'TF-ASA'),(6,2,'B','a','l',1,'TF-ASA'),(7,2,'C','a','l',1,'TF-ASA'),(8,2,'D','w','l',1,'TF-ASA'),(9,3,'A','w','l',3,'TF-ASA'),(10,3,'B','m','l',3,'TF-ASA'),(11,3,'C','a','l',3,'TF-ASA'),(12,3,'D','a','l',3,'TF-ASA'),(13,3,'E','m','l',3,'TF-ASA'),(14,3,'F','w','l',3,'TF-ASA'),(15,4,'A','w','l',3,'TF-ASA'),(16,4,'B','m','l',3,'TF-ASA'),(17,4,'C','a','l',3,'TF-ASA'),(18,4,'D','a','l',3,'TF-ASA'),(19,4,'E','m','l',3,'TF-ASA'),(20,4,'F','w','l',3,'TF-ASA'),(21,5,'A','w','l',3,'TF-ASA'),(22,5,'B','m','l',3,'TF-ASA'),(23,5,'C','a','l',3,'TF-ASA'),(24,5,'D','a','l',3,'TF-ASA'),(25,5,'E','m','l',3,'TF-ASA'),(26,5,'F','w','l',3,'TF-ASA'),(27,6,'A','w','l',3,'TF-ASA'),(28,6,'B','m','l',3,'TF-ASA'),(29,6,'C','a','l',3,'TF-ASA'),(30,6,'D','a','l',3,'TF-ASA'),(31,6,'E','m','l',3,'TF-ASA'),(32,6,'F','w','l',3,'TF-ASA'),(33,7,'A','w','l',3,'TF-ASA'),(34,7,'B','m','l',3,'TF-ASA'),(35,7,'C','a','l',3,'TF-ASA'),(36,7,'D','a','l',3,'TF-ASA'),(37,7,'E','m','l',3,'TF-ASA'),(38,7,'F','m','l',3,'TF-ASA'),(39,7,'G','a','l',3,'TF-ASA'),(40,7,'H','a','l',3,'TF-ASA'),(41,7,'I','m','l',3,'TF-ASA'),(42,7,'J','w','l',3,'TF-ASA'),(43,8,'A','w','l',3,'TF-ASA'),(44,8,'B','m','l',3,'TF-ASA'),(45,8,'C','a','l',3,'TF-ASA'),(46,8,'D','a','l',3,'TF-ASA'),(47,8,'E','m','l',3,'TF-ASA'),(48,8,'F','m','l',3,'TF-ASA'),(49,8,'G','a','l',3,'TF-ASA'),(50,8,'H','a','l',3,'TF-ASA'),(51,8,'I','m','l',3,'TF-ASA'),(52,8,'J','w','l',3,'TF-ASA'),(53,9,'A','w','l',3,'TF-ASA'),(54,9,'B','m','l',3,'TF-ASA'),(55,9,'C','a','l',3,'TF-ASA'),(56,9,'D','a','l',3,'TF-ASA'),(57,9,'E','m','l',3,'TF-ASA'),(58,9,'F','m','l',3,'TF-ASA'),(59,9,'G','a','l',3,'TF-ASA'),(60,9,'H','a','l',3,'TF-ASA'),(61,9,'I','m','l',3,'TF-ASA'),(62,9,'J','w','l',3,'TF-ASA'),(63,10,'A','w','l',3,'TF-ASA'),(64,10,'B','m','l',3,'TF-ASA'),(65,10,'C','a','l',3,'TF-ASA'),(66,10,'D','a','l',3,'TF-ASA'),(67,10,'E','m','l',3,'TF-ASA'),(68,10,'F','m','l',3,'TF-ASA'),(69,10,'G','a','l',3,'TF-ASA'),(70,10,'H','a','l',3,'TF-ASA'),(71,10,'I','m','l',3,'TF-ASA'),(72,10,'J','w','l',3,'TF-ASA'),(73,11,'A','w','l',3,'TF-ASA'),(74,11,'B','m','l',3,'TF-ASA'),(75,11,'C','a','l',3,'TF-ASA'),(76,11,'D','a','l',3,'TF-ASA'),(77,11,'E','m','l',3,'TF-ASA'),(78,11,'F','m','l',3,'TF-ASA'),(79,11,'G','a','l',3,'TF-ASA'),(80,11,'H','a','l',3,'TF-ASA'),(81,11,'I','m','l',3,'TF-ASA'),(82,11,'J','w','l',3,'TF-ASA'),(83,12,'A','w','l',3,'TF-ASA'),(84,12,'B','m','l',3,'TF-ASA'),(85,12,'C','a','l',3,'TF-ASA'),(86,12,'D','a','l',3,'TF-ASA'),(87,12,'E','m','l',3,'TF-ASA'),(88,12,'F','m','l',3,'TF-ASA'),(89,12,'G','a','l',3,'TF-ASA'),(90,12,'H','a','l',3,'TF-ASA'),(91,12,'I','m','l',3,'TF-ASA'),(92,12,'J','w','l',3,'TF-ASA'),(93,13,'A','w','l',3,'TF-ASA'),(94,13,'B','m','l',3,'TF-ASA'),(95,13,'C','a','l',3,'TF-ASA'),(96,13,'D','a','l',3,'TF-ASA'),(97,13,'E','m','l',3,'TF-ASA'),(98,13,'F','m','l',3,'TF-ASA'),(99,13,'G','a','l',3,'TF-ASA'),(100,13,'H','a','l',3,'TF-ASA'),(101,13,'I','m','l',3,'TF-ASA'),(102,13,'J','w','l',3,'TF-ASA'),(103,14,'A','w','l',3,'TF-ASA'),(104,14,'B','m','l',3,'TF-ASA'),(105,14,'C','a','l',3,'TF-ASA'),(106,14,'D','a','l',3,'TF-ASA'),(107,14,'E','m','l',3,'TF-ASA'),(108,14,'F','m','l',3,'TF-ASA'),(109,14,'G','a','l',3,'TF-ASA'),(110,14,'H','a','l',3,'TF-ASA'),(111,14,'I','m','l',3,'TF-ASA'),(112,14,'J','w','l',3,'TF-ASA'),(113,15,'A','w','l',3,'TF-ASA'),(114,15,'B','m','l',3,'TF-ASA'),(115,15,'C','a','l',3,'TF-ASA'),(116,15,'D','a','l',3,'TF-ASA'),(117,15,'E','m','l',3,'TF-ASA'),(118,15,'F','m','l',3,'TF-ASA'),(119,15,'G','a','l',3,'TF-ASA'),(120,15,'H','a','l',3,'TF-ASA'),(121,15,'I','m','l',3,'TF-ASA'),(122,15,'J','w','l',3,'TF-ASA'),(123,16,'A','w','l',3,'TF-ASA'),(124,16,'B','m','l',3,'TF-ASA'),(125,16,'C','a','l',3,'TF-ASA'),(126,16,'D','a','l',3,'TF-ASA'),(127,16,'E','m','l',3,'TF-ASA'),(128,16,'F','m','l',3,'TF-ASA'),(129,16,'G','a','l',3,'TF-ASA'),(130,16,'H','a','l',3,'TF-ASA'),(131,16,'I','m','l',3,'TF-ASA'),(132,16,'J','w','l',3,'TF-ASA'),(133,17,'A','w','l',3,'TF-ASA'),(134,17,'B','m','l',3,'TF-ASA'),(135,17,'C','a','l',3,'TF-ASA'),(136,17,'D','a','l',3,'TF-ASA'),(137,17,'E','m','l',3,'TF-ASA'),(138,17,'F','m','l',3,'TF-ASA'),(139,17,'G','a','l',3,'TF-ASA'),(140,17,'H','a','l',3,'TF-ASA'),(141,17,'I','m','l',3,'TF-ASA'),(142,17,'J','w','l',3,'TF-ASA'),(143,18,'A','w','l',3,'TF-ASA'),(144,18,'B','m','l',3,'TF-ASA'),(145,18,'C','a','l',3,'TF-ASA'),(146,18,'D','a','l',3,'TF-ASA'),(147,18,'E','m','l',3,'TF-ASA'),(148,18,'F','m','l',3,'TF-ASA'),(149,18,'G','a','l',3,'TF-ASA'),(150,18,'H','a','l',3,'TF-ASA'),(151,18,'I','m','l',3,'TF-ASA'),(152,18,'J','w','l',3,'TF-ASA'),(153,19,'A','w','l',3,'TF-ASA'),(154,19,'B','m','l',3,'TF-ASA'),(155,19,'C','a','l',3,'TF-ASA'),(156,19,'D','a','l',3,'TF-ASA'),(157,19,'E','m','l',3,'TF-ASA'),(158,19,'F','m','l',3,'TF-ASA'),(159,19,'G','a','l',3,'TF-ASA'),(160,19,'H','a','l',3,'TF-ASA'),(161,19,'I','m','l',3,'TF-ASA'),(162,19,'J','w','l',3,'TF-ASA'),(163,20,'A','w','l',3,'TF-ASA'),(164,20,'B','m','l',3,'TF-ASA'),(165,20,'C','a','l',3,'TF-ASA'),(166,20,'D','a','l',3,'TF-ASA'),(167,20,'E','m','l',3,'TF-ASA'),(168,20,'F','w','l',3,'TF-ASA'),(169,21,'A','w','l',3,'TF-ASA'),(170,21,'B','m','l',3,'TF-ASA'),(171,21,'C','a','l',3,'TF-ASA'),(172,21,'D','a','l',3,'TF-ASA'),(173,21,'E','m','l',3,'TF-ASA'),(174,21,'F','m','l',3,'TF-ASA'),(175,21,'G','a','l',3,'TF-ASA'),(176,21,'H','a','l',3,'TF-ASA'),(177,21,'I','m','l',3,'TF-ASA'),(178,21,'J','w','l',3,'TF-ASA'),(179,22,'A','w','l',3,'TF-ASA'),(180,22,'B','m','l',3,'TF-ASA'),(181,22,'C','a','l',3,'TF-ASA'),(182,22,'D','a','l',3,'TF-ASA'),(183,22,'E','m','l',3,'TF-ASA'),(184,22,'F','m','l',3,'TF-ASA'),(185,22,'G','a','l',3,'TF-ASA'),(186,22,'H','a','l',3,'TF-ASA'),(187,22,'I','m','l',3,'TF-ASA'),(188,22,'J','w','l',3,'TF-ASA'),(189,23,'A','w','l',3,'TF-ASA'),(190,23,'B','m','l',3,'TF-ASA'),(191,23,'C','a','l',3,'TF-ASA'),(192,23,'D','a','l',3,'TF-ASA'),(193,23,'E','m','l',3,'TF-ASA'),(194,23,'F','m','l',3,'TF-ASA'),(195,23,'G','a','l',3,'TF-ASA'),(196,23,'H','a','l',3,'TF-ASA'),(197,23,'I','m','l',3,'TF-ASA'),(198,23,'J','w','l',3,'TF-ASA'),(199,24,'A','w','l',3,'TF-ASA'),(200,24,'B','m','l',3,'TF-ASA'),(201,24,'C','a','l',3,'TF-ASA'),(202,24,'D','a','l',3,'TF-ASA'),(203,24,'E','m','l',3,'TF-ASA'),(204,24,'F','m','l',3,'TF-ASA'),(205,24,'G','a','l',3,'TF-ASA'),(206,24,'H','a','l',3,'TF-ASA'),(207,24,'I','m','l',3,'TF-ASA'),(208,24,'J','w','l',3,'TF-ASA'),(209,25,'A','w','l',3,'TF-ASA'),(210,25,'B','m','l',3,'TF-ASA'),(211,25,'C','a','l',3,'TF-ASA'),(212,25,'D','a','l',3,'TF-ASA'),(213,25,'E','m','l',3,'TF-ASA'),(214,25,'F','m','l',3,'TF-ASA'),(215,25,'G','a','l',3,'TF-ASA'),(216,25,'H','a','l',3,'TF-ASA'),(217,25,'I','m','l',3,'TF-ASA'),(218,25,'J','w','l',3,'TF-ASA'),(219,26,'A','w','l',3,'TF-ASA'),(220,26,'B','m','l',3,'TF-ASA'),(221,26,'C','a','l',3,'TF-ASA'),(222,26,'D','a','l',3,'TF-ASA'),(223,26,'E','m','l',3,'TF-ASA'),(224,26,'F','m','l',3,'TF-ASA'),(225,26,'G','a','l',3,'TF-ASA'),(226,26,'H','a','l',3,'TF-ASA'),(227,26,'I','m','l',3,'TF-ASA'),(228,26,'J','w','l',3,'TF-ASA'),(229,27,'A','w','l',3,'TF-ASA'),(230,27,'B','m','l',3,'TF-ASA'),(231,27,'C','a','l',3,'TF-ASA'),(232,27,'D','a','l',3,'TF-ASA'),(233,27,'E','m','l',3,'TF-ASA'),(234,27,'F','m','l',3,'TF-ASA'),(235,27,'G','a','l',3,'TF-ASA'),(236,27,'H','a','l',3,'TF-ASA'),(237,27,'I','m','l',3,'TF-ASA'),(238,27,'J','w','l',3,'TF-ASA'),(239,28,'A','w','l',3,'TF-ASA'),(240,28,'B','m','l',3,'TF-ASA'),(241,28,'C','a','l',3,'TF-ASA'),(242,28,'D','a','l',3,'TF-ASA'),(243,28,'E','m','l',3,'TF-ASA'),(244,28,'F','m','l',3,'TF-ASA'),(245,28,'G','a','l',3,'TF-ASA'),(246,28,'H','a','l',3,'TF-ASA'),(247,28,'I','m','l',3,'TF-ASA'),(248,28,'J','w','l',3,'TF-ASA'),(249,29,'A','w','l',3,'TF-ASA'),(250,29,'B','m','l',3,'TF-ASA'),(251,29,'C','a','l',3,'TF-ASA'),(252,29,'D','a','l',3,'TF-ASA'),(253,29,'E','m','l',3,'TF-ASA'),(254,29,'F','w','l',3,'TF-ASA'),(255,30,'A','w','l',3,'TF-ASA'),(256,30,'B','m','l',3,'TF-ASA'),(257,30,'C','a','l',3,'TF-ASA'),(258,30,'D','a','l',3,'TF-ASA'),(259,30,'E','m','l',3,'TF-ASA'),(260,30,'F','w','l',3,'TF-ASA'),(261,31,'A','w','l',3,'TF-ASA'),(262,31,'B','m','l',3,'TF-ASA'),(263,31,'C','a','l',3,'TF-ASA'),(264,31,'D','a','l',3,'TF-ASA'),(265,31,'E','m','l',3,'TF-ASA'),(266,31,'F','w','l',3,'TF-ASA'),(267,32,'A','w','l',3,'TF-ASA'),(268,32,'B','m','l',3,'TF-ASA'),(269,32,'C','a','l',3,'TF-ASA'),(270,32,'D','a','l',3,'TF-ASA'),(271,32,'E','m','l',3,'TF-ASA'),(272,32,'F','w','l',3,'TF-ASA'),(273,33,'A','w','l',3,'TF-ASA'),(274,33,'B','a','l',3,'TF-ASA'),(275,33,'C','a','l',3,'TF-ASA'),(276,33,'D','w','l',3,'TF-ASA'),(277,34,'A','w','l',3,'TF-ASA'),(278,34,'B','m','l',3,'TF-ASA'),(279,34,'C','a','l',3,'TF-ASA'),(280,34,'D','a','l',3,'TF-ASA'),(281,34,'E','m','l',3,'TF-ASA'),(282,34,'F','w','l',3,'TF-ASA'),(283,35,'A','w','l',3,'TF-ASA'),(284,35,'B','m','l',3,'TF-ASA'),(285,35,'C','a','l',3,'TF-ASA'),(286,35,'D','a','l',3,'TF-ASA'),(287,35,'E','m','l',3,'TF-ASA'),(288,35,'F','m','l',3,'TF-ASA'),(289,35,'G','a','l',3,'TF-ASA'),(290,35,'H','a','l',3,'TF-ASA'),(291,35,'I','m','l',3,'TF-ASA'),(292,35,'J','w','l',3,'TF-ASA'),(293,36,'A','w','l',3,'TF-ASA'),(294,36,'B','m','l',3,'TF-ASA'),(295,36,'C','a','l',3,'TF-ASA'),(296,36,'D','a','l',3,'TF-ASA'),(297,36,'E','m','l',3,'TF-ASA'),(298,36,'F','m','l',3,'TF-ASA'),(299,36,'G','a','l',3,'TF-ASA'),(300,36,'H','a','l',3,'TF-ASA'),(301,36,'I','m','l',3,'TF-ASA'),(302,36,'J','w','l',3,'TF-ASA'),(303,37,'A','w','l',3,'TF-ASA'),(304,37,'B','m','l',3,'TF-ASA'),(305,37,'C','a','l',3,'TF-ASA'),(306,37,'D','a','l',3,'TF-ASA'),(307,37,'E','m','l',3,'TF-ASA'),(308,37,'F','m','l',3,'TF-ASA'),(309,37,'G','a','l',3,'TF-ASA'),(310,37,'H','a','l',3,'TF-ASA'),(311,37,'I','m','l',3,'TF-ASA'),(312,37,'J','w','l',3,'TF-ASA'),(313,38,'A','w','l',3,'TF-ASA'),(314,38,'B','m','l',3,'TF-ASA'),(315,38,'C','a','l',3,'TF-ASA'),(316,38,'D','a','l',3,'TF-ASA'),(317,38,'E','m','l',3,'TF-ASA'),(318,38,'F','m','l',3,'TF-ASA'),(319,38,'G','a','l',3,'TF-ASA'),(320,38,'H','a','l',3,'TF-ASA'),(321,38,'I','m','l',3,'TF-ASA'),(322,38,'J','w','l',3,'TF-ASA'),(323,39,'A','w','l',3,'TF-ASA'),(324,39,'B','m','l',3,'TF-ASA'),(325,39,'C','a','l',3,'TF-ASA'),(326,39,'D','a','l',3,'TF-ASA'),(327,39,'E','m','l',3,'TF-ASA'),(328,39,'F','m','l',3,'TF-ASA'),(329,39,'G','a','l',3,'TF-ASA'),(330,39,'H','a','l',3,'TF-ASA'),(331,39,'I','m','l',3,'TF-ASA'),(332,39,'J','w','l',3,'TF-ASA'),(333,40,'A','w','l',3,'TF-ASA'),(334,40,'B','m','l',3,'TF-ASA'),(335,40,'C','a','l',3,'TF-ASA'),(336,40,'D','a','l',3,'TF-ASA'),(337,40,'E','m','l',3,'TF-ASA'),(338,40,'F','m','l',3,'TF-ASA'),(339,40,'G','a','l',3,'TF-ASA'),(340,40,'H','a','l',3,'TF-ASA'),(341,40,'I','m','l',3,'TF-ASA'),(342,40,'J','w','l',3,'TF-ASA'),(343,41,'A','w','l',3,'TF-ASA'),(344,41,'B','m','l',3,'TF-ASA'),(345,41,'C','a','l',3,'TF-ASA'),(346,41,'D','a','l',3,'TF-ASA'),(347,41,'E','m','l',3,'TF-ASA'),(348,41,'F','m','l',3,'TF-ASA'),(349,41,'G','a','l',3,'TF-ASA'),(350,41,'H','a','l',3,'TF-ASA'),(351,41,'I','m','l',3,'TF-ASA'),(352,41,'J','w','l',3,'TF-ASA'),(353,1,'A','w','u',2,'TF-ASA'),(354,1,'B','a','u',2,'TF-ASA'),(355,1,'C','a','u',2,'TF-ASA'),(356,1,'D','a','u',2,'TF-ASA'),(357,1,'E','a','u',2,'TF-ASA'),(358,1,'F','w','u',2,'TF-ASA'),(359,2,'A','w','u',2,'TF-ASA'),(360,2,'B','a','u',2,'TF-ASA'),(361,2,'C','a','u',2,'TF-ASA'),(362,2,'D','a','u',2,'TF-ASA'),(363,2,'E','a','u',2,'TF-ASA'),(364,2,'F','w','u',2,'TF-ASA'),(365,3,'A','w','u',2,'TF-ASA'),(366,3,'B','a','u',2,'TF-ASA'),(367,3,'C','a','u',2,'TF-ASA'),(368,3,'D','a','u',2,'TF-ASA'),(369,3,'E','a','u',2,'TF-ASA'),(370,3,'F','w','u',2,'TF-ASA'),(371,4,'A','w','u',2,'TF-ASA'),(372,4,'B','a','u',2,'TF-ASA'),(373,4,'C','a','u',2,'TF-ASA'),(374,4,'D','a','u',2,'TF-ASA'),(375,4,'E','a','u',2,'TF-ASA'),(376,4,'F','w','u',2,'TF-ASA'),(377,5,'A','w','u',2,'TF-ASA'),(378,5,'B','a','u',2,'TF-ASA'),(379,5,'C','a','u',2,'TF-ASA'),(380,5,'D','a','u',2,'TF-ASA'),(381,5,'E','a','u',2,'TF-ASA'),(382,5,'F','w','u',2,'TF-ASA'),(383,6,'A','w','u',2,'TF-ASA'),(384,6,'B','a','u',2,'TF-ASA'),(385,6,'C','a','u',2,'TF-ASA'),(386,6,'D','a','u',2,'TF-ASA'),(387,6,'E','a','u',2,'TF-ASA'),(388,6,'F','w','u',2,'TF-ASA'),(389,7,'A','w','u',2,'TF-ASA'),(390,7,'B','a','u',2,'TF-ASA'),(391,7,'C','a','u',2,'TF-ASA'),(392,7,'D','a','u',2,'TF-ASA'),(393,7,'E','a','u',2,'TF-ASA'),(394,7,'F','w','u',2,'TF-ASA'),(395,8,'A','w','u',2,'TF-ASA'),(396,8,'B','a','u',2,'TF-ASA'),(397,8,'C','a','u',2,'TF-ASA'),(398,8,'D','a','u',2,'TF-ASA'),(399,8,'E','a','u',2,'TF-ASA'),(400,8,'F','w','u',2,'TF-ASA'),(401,9,'A','w','u',2,'TF-ASA'),(402,9,'B','a','u',2,'TF-ASA'),(403,9,'C','a','u',2,'TF-ASA'),(404,9,'D','a','u',2,'TF-ASA'),(405,9,'E','a','u',2,'TF-ASA'),(406,9,'F','w','u',2,'TF-ASA'),(407,10,'A','w','u',2,'TF-ASA'),(408,10,'B','a','u',2,'TF-ASA'),(409,10,'C','a','u',2,'TF-ASA'),(410,10,'D','a','u',2,'TF-ASA'),(411,10,'E','a','u',2,'TF-ASA'),(412,10,'F','w','u',2,'TF-ASA'),(413,11,'A','w','u',2,'TF-ASA'),(414,11,'B','a','u',2,'TF-ASA'),(415,11,'C','a','u',2,'TF-ASA'),(416,11,'D','a','u',2,'TF-ASA'),(417,11,'E','a','u',2,'TF-ASA'),(418,11,'F','w','u',2,'TF-ASA'),(419,12,'A','w','u',3,'TF-ASA'),(420,12,'B','a','u',3,'TF-ASA'),(421,12,'C','a','u',3,'TF-ASA'),(422,12,'D','m','u',3,'TF-ASA'),(423,12,'E','m','u',3,'TF-ASA'),(424,12,'F','a','u',3,'TF-ASA'),(425,12,'G','a','u',3,'TF-ASA'),(426,12,'H','w','u',3,'TF-ASA'),(427,13,'A','w','u',3,'TF-ASA'),(428,13,'B','a','u',3,'TF-ASA'),(429,13,'C','a','u',3,'TF-ASA'),(430,13,'D','m','u',3,'TF-ASA'),(431,13,'E','m','u',3,'TF-ASA'),(432,13,'F','a','u',3,'TF-ASA'),(433,13,'G','a','u',3,'TF-ASA'),(434,13,'H','w','u',3,'TF-ASA'),(435,14,'A','w','u',3,'TF-ASA'),(436,14,'B','a','u',3,'TF-ASA'),(437,14,'C','a','u',3,'TF-ASA'),(438,14,'D','m','u',3,'TF-ASA'),(439,14,'E','m','u',3,'TF-ASA'),(440,14,'F','a','u',3,'TF-ASA'),(441,14,'G','a','u',3,'TF-ASA'),(442,14,'H','w','u',3,'TF-ASA'),(443,15,'A','w','u',3,'TF-ASA'),(444,15,'B','a','u',3,'TF-ASA'),(445,15,'C','a','u',3,'TF-ASA'),(446,15,'D','m','u',3,'TF-ASA'),(447,15,'E','m','u',3,'TF-ASA'),(448,15,'F','a','u',3,'TF-ASA'),(449,15,'G','a','u',3,'TF-ASA'),(450,15,'H','w','u',3,'TF-ASA'),(451,16,'A','w','u',3,'TF-ASA'),(452,16,'B','a','u',3,'TF-ASA'),(453,16,'C','a','u',3,'TF-ASA'),(454,16,'D','m','u',3,'TF-ASA'),(455,16,'E','m','u',3,'TF-ASA'),(456,16,'F','a','u',3,'TF-ASA'),(457,16,'G','a','u',3,'TF-ASA'),(458,16,'H','w','u',3,'TF-ASA'),(459,17,'A','w','u',3,'TF-ASA'),(460,17,'B','a','u',3,'TF-ASA'),(461,17,'C','a','u',3,'TF-ASA'),(462,17,'D','m','u',3,'TF-ASA'),(463,17,'E','m','u',3,'TF-ASA'),(464,17,'F','a','u',3,'TF-ASA'),(465,17,'G','a','u',3,'TF-ASA'),(466,17,'H','w','u',3,'TF-ASA'),(467,18,'A','w','u',3,'TF-ASA'),(468,18,'B','a','u',3,'TF-ASA'),(469,18,'C','a','u',3,'TF-ASA'),(470,18,'D','m','u',3,'TF-ASA'),(471,18,'E','m','u',3,'TF-ASA'),(472,18,'F','a','u',3,'TF-ASA'),(473,18,'G','a','u',3,'TF-ASA'),(474,18,'H','w','u',3,'TF-ASA'),(475,19,'A','w','u',3,'TF-ASA'),(476,19,'B','a','u',3,'TF-ASA'),(477,19,'C','a','u',3,'TF-ASA'),(478,19,'D','m','u',3,'TF-ASA'),(479,19,'E','m','u',3,'TF-ASA'),(480,19,'F','a','u',3,'TF-ASA'),(481,19,'G','a','u',3,'TF-ASA'),(482,19,'H','w','u',3,'TF-ASA'),(483,20,'A','w','u',3,'TF-ASA'),(484,20,'B','a','u',3,'TF-ASA'),(485,20,'C','a','u',3,'TF-ASA'),(486,20,'D','m','u',3,'TF-ASA'),(487,20,'E','m','u',3,'TF-ASA'),(488,20,'F','a','u',3,'TF-ASA'),(489,20,'G','a','u',3,'TF-ASA'),(490,20,'H','w','u',3,'TF-ASA'),(491,1,'A','w','l',1,'TF-TUR'),(492,1,'B','a','l',1,'TF-TUR'),(493,1,'C','a','l',1,'TF-TUR'),(494,1,'D','w','l',1,'TF-TUR'),(495,2,'A','w','l',1,'TF-TUR'),(496,2,'B','a','l',1,'TF-TUR'),(497,2,'C','a','l',1,'TF-TUR'),(498,2,'D','w','l',1,'TF-TUR'),(499,3,'A','w','l',3,'TF-TUR'),(500,3,'B','m','l',3,'TF-TUR'),(501,3,'C','a','l',3,'TF-TUR'),(502,3,'D','a','l',3,'TF-TUR'),(503,3,'E','m','l',3,'TF-TUR'),(504,3,'F','w','l',3,'TF-TUR'),(505,4,'A','w','l',3,'TF-TUR'),(506,4,'B','m','l',3,'TF-TUR'),(507,4,'C','a','l',3,'TF-TUR'),(508,4,'D','a','l',3,'TF-TUR'),(509,4,'E','m','l',3,'TF-TUR'),(510,4,'F','w','l',3,'TF-TUR'),(511,5,'A','w','l',3,'TF-TUR'),(512,5,'B','m','l',3,'TF-TUR'),(513,5,'C','a','l',3,'TF-TUR'),(514,5,'D','a','l',3,'TF-TUR'),(515,5,'E','m','l',3,'TF-TUR'),(516,5,'F','w','l',3,'TF-TUR'),(517,6,'A','w','l',3,'TF-TUR'),(518,6,'B','m','l',3,'TF-TUR'),(519,6,'C','a','l',3,'TF-TUR'),(520,6,'D','a','l',3,'TF-TUR'),(521,6,'E','m','l',3,'TF-TUR'),(522,6,'F','w','l',3,'TF-TUR'),(523,7,'A','w','l',3,'TF-TUR'),(524,7,'B','m','l',3,'TF-TUR'),(525,7,'C','a','l',3,'TF-TUR'),(526,7,'D','a','l',3,'TF-TUR'),(527,7,'E','m','l',3,'TF-TUR'),(528,7,'F','m','l',3,'TF-TUR'),(529,7,'G','a','l',3,'TF-TUR'),(530,7,'H','a','l',3,'TF-TUR'),(531,7,'I','m','l',3,'TF-TUR'),(532,7,'J','w','l',3,'TF-TUR'),(533,8,'A','w','l',3,'TF-TUR'),(534,8,'B','m','l',3,'TF-TUR'),(535,8,'C','a','l',3,'TF-TUR'),(536,8,'D','a','l',3,'TF-TUR'),(537,8,'E','m','l',3,'TF-TUR'),(538,8,'F','m','l',3,'TF-TUR'),(539,8,'G','a','l',3,'TF-TUR'),(540,8,'H','a','l',3,'TF-TUR'),(541,8,'I','m','l',3,'TF-TUR'),(542,8,'J','w','l',3,'TF-TUR'),(543,9,'A','w','l',3,'TF-TUR'),(544,9,'B','m','l',3,'TF-TUR'),(545,9,'C','a','l',3,'TF-TUR'),(546,9,'D','a','l',3,'TF-TUR'),(547,9,'E','m','l',3,'TF-TUR'),(548,9,'F','m','l',3,'TF-TUR'),(549,9,'G','a','l',3,'TF-TUR'),(550,9,'H','a','l',3,'TF-TUR'),(551,9,'I','m','l',3,'TF-TUR'),(552,9,'J','w','l',3,'TF-TUR'),(553,10,'A','w','l',3,'TF-TUR'),(554,10,'B','m','l',3,'TF-TUR'),(555,10,'C','a','l',3,'TF-TUR'),(556,10,'D','a','l',3,'TF-TUR'),(557,10,'E','m','l',3,'TF-TUR'),(558,10,'F','m','l',3,'TF-TUR'),(559,10,'G','a','l',3,'TF-TUR'),(560,10,'H','a','l',3,'TF-TUR'),(561,10,'I','m','l',3,'TF-TUR'),(562,10,'J','w','l',3,'TF-TUR'),(563,11,'A','w','l',3,'TF-TUR'),(564,11,'B','m','l',3,'TF-TUR'),(565,11,'C','a','l',3,'TF-TUR'),(566,11,'D','a','l',3,'TF-TUR'),(567,11,'E','m','l',3,'TF-TUR'),(568,11,'F','m','l',3,'TF-TUR'),(569,11,'G','a','l',3,'TF-TUR'),(570,11,'H','a','l',3,'TF-TUR'),(571,11,'I','m','l',3,'TF-TUR'),(572,11,'J','w','l',3,'TF-TUR'),(573,12,'A','w','l',3,'TF-TUR'),(574,12,'B','m','l',3,'TF-TUR'),(575,12,'C','a','l',3,'TF-TUR'),(576,12,'D','a','l',3,'TF-TUR'),(577,12,'E','m','l',3,'TF-TUR'),(578,12,'F','m','l',3,'TF-TUR'),(579,12,'G','a','l',3,'TF-TUR'),(580,12,'H','a','l',3,'TF-TUR'),(581,12,'I','m','l',3,'TF-TUR'),(582,12,'J','w','l',3,'TF-TUR'),(583,13,'A','w','l',3,'TF-TUR'),(584,13,'B','m','l',3,'TF-TUR'),(585,13,'C','a','l',3,'TF-TUR'),(586,13,'D','a','l',3,'TF-TUR'),(587,13,'E','m','l',3,'TF-TUR'),(588,13,'F','m','l',3,'TF-TUR'),(589,13,'G','a','l',3,'TF-TUR'),(590,13,'H','a','l',3,'TF-TUR'),(591,13,'I','m','l',3,'TF-TUR'),(592,13,'J','w','l',3,'TF-TUR'),(593,14,'A','w','l',3,'TF-TUR'),(594,14,'B','m','l',3,'TF-TUR'),(595,14,'C','a','l',3,'TF-TUR'),(596,14,'D','a','l',3,'TF-TUR'),(597,14,'E','m','l',3,'TF-TUR'),(598,14,'F','m','l',3,'TF-TUR'),(599,14,'G','a','l',3,'TF-TUR'),(600,14,'H','a','l',3,'TF-TUR'),(601,14,'I','m','l',3,'TF-TUR'),(602,14,'J','w','l',3,'TF-TUR'),(603,15,'A','w','l',3,'TF-TUR'),(604,15,'B','m','l',3,'TF-TUR'),(605,15,'C','a','l',3,'TF-TUR'),(606,15,'D','a','l',3,'TF-TUR'),(607,15,'E','m','l',3,'TF-TUR'),(608,15,'F','m','l',3,'TF-TUR'),(609,15,'G','a','l',3,'TF-TUR'),(610,15,'H','a','l',3,'TF-TUR'),(611,15,'I','m','l',3,'TF-TUR'),(612,15,'J','w','l',3,'TF-TUR'),(613,16,'A','w','l',3,'TF-TUR'),(614,16,'B','m','l',3,'TF-TUR'),(615,16,'C','a','l',3,'TF-TUR'),(616,16,'D','a','l',3,'TF-TUR'),(617,16,'E','m','l',3,'TF-TUR'),(618,16,'F','m','l',3,'TF-TUR'),(619,16,'G','a','l',3,'TF-TUR'),(620,16,'H','a','l',3,'TF-TUR'),(621,16,'I','m','l',3,'TF-TUR'),(622,16,'J','w','l',3,'TF-TUR'),(623,17,'A','w','l',3,'TF-TUR'),(624,17,'B','m','l',3,'TF-TUR'),(625,17,'C','a','l',3,'TF-TUR'),(626,17,'D','a','l',3,'TF-TUR'),(627,17,'E','m','l',3,'TF-TUR'),(628,17,'F','m','l',3,'TF-TUR'),(629,17,'G','a','l',3,'TF-TUR'),(630,17,'H','a','l',3,'TF-TUR'),(631,17,'I','m','l',3,'TF-TUR'),(632,17,'J','w','l',3,'TF-TUR'),(633,18,'A','w','l',3,'TF-TUR'),(634,18,'B','m','l',3,'TF-TUR'),(635,18,'C','a','l',3,'TF-TUR'),(636,18,'D','a','l',3,'TF-TUR'),(637,18,'E','m','l',3,'TF-TUR'),(638,18,'F','m','l',3,'TF-TUR'),(639,18,'G','a','l',3,'TF-TUR'),(640,18,'H','a','l',3,'TF-TUR'),(641,18,'I','m','l',3,'TF-TUR'),(642,18,'J','w','l',3,'TF-TUR'),(643,19,'A','w','l',3,'TF-TUR'),(644,19,'B','m','l',3,'TF-TUR'),(645,19,'C','a','l',3,'TF-TUR'),(646,19,'D','a','l',3,'TF-TUR'),(647,19,'E','m','l',3,'TF-TUR'),(648,19,'F','m','l',3,'TF-TUR'),(649,19,'G','a','l',3,'TF-TUR'),(650,19,'H','a','l',3,'TF-TUR'),(651,19,'I','m','l',3,'TF-TUR'),(652,19,'J','w','l',3,'TF-TUR'),(653,20,'A','w','l',3,'TF-TUR'),(654,20,'B','m','l',3,'TF-TUR'),(655,20,'C','a','l',3,'TF-TUR'),(656,20,'D','a','l',3,'TF-TUR'),(657,20,'E','m','l',3,'TF-TUR'),(658,20,'F','w','l',3,'TF-TUR'),(659,21,'A','w','l',3,'TF-TUR'),(660,21,'B','m','l',3,'TF-TUR'),(661,21,'C','a','l',3,'TF-TUR'),(662,21,'D','a','l',3,'TF-TUR'),(663,21,'E','m','l',3,'TF-TUR'),(664,21,'F','m','l',3,'TF-TUR'),(665,21,'G','a','l',3,'TF-TUR'),(666,21,'H','a','l',3,'TF-TUR'),(667,21,'I','m','l',3,'TF-TUR'),(668,21,'J','w','l',3,'TF-TUR'),(669,22,'A','w','l',3,'TF-TUR'),(670,22,'B','m','l',3,'TF-TUR'),(671,22,'C','a','l',3,'TF-TUR'),(672,22,'D','a','l',3,'TF-TUR'),(673,22,'E','m','l',3,'TF-TUR'),(674,22,'F','m','l',3,'TF-TUR'),(675,22,'G','a','l',3,'TF-TUR'),(676,22,'H','a','l',3,'TF-TUR'),(677,22,'I','m','l',3,'TF-TUR'),(678,22,'J','w','l',3,'TF-TUR'),(679,23,'A','w','l',3,'TF-TUR'),(680,23,'B','m','l',3,'TF-TUR'),(681,23,'C','a','l',3,'TF-TUR'),(682,23,'D','a','l',3,'TF-TUR'),(683,23,'E','m','l',3,'TF-TUR'),(684,23,'F','m','l',3,'TF-TUR'),(685,23,'G','a','l',3,'TF-TUR'),(686,23,'H','a','l',3,'TF-TUR'),(687,23,'I','m','l',3,'TF-TUR'),(688,23,'J','w','l',3,'TF-TUR'),(689,24,'A','w','l',3,'TF-TUR'),(690,24,'B','m','l',3,'TF-TUR'),(691,24,'C','a','l',3,'TF-TUR'),(692,24,'D','a','l',3,'TF-TUR'),(693,24,'E','m','l',3,'TF-TUR'),(694,24,'F','m','l',3,'TF-TUR'),(695,24,'G','a','l',3,'TF-TUR'),(696,24,'H','a','l',3,'TF-TUR'),(697,24,'I','m','l',3,'TF-TUR'),(698,24,'J','w','l',3,'TF-TUR'),(699,25,'A','w','l',3,'TF-TUR'),(700,25,'B','m','l',3,'TF-TUR'),(701,25,'C','a','l',3,'TF-TUR'),(702,25,'D','a','l',3,'TF-TUR'),(703,25,'E','m','l',3,'TF-TUR'),(704,25,'F','m','l',3,'TF-TUR'),(705,25,'G','a','l',3,'TF-TUR'),(706,25,'H','a','l',3,'TF-TUR'),(707,25,'I','m','l',3,'TF-TUR'),(708,25,'J','w','l',3,'TF-TUR'),(709,26,'A','w','l',3,'TF-TUR'),(710,26,'B','m','l',3,'TF-TUR'),(711,26,'C','a','l',3,'TF-TUR'),(712,26,'D','a','l',3,'TF-TUR'),(713,26,'E','m','l',3,'TF-TUR'),(714,26,'F','m','l',3,'TF-TUR'),(715,26,'G','a','l',3,'TF-TUR'),(716,26,'H','a','l',3,'TF-TUR'),(717,26,'I','m','l',3,'TF-TUR'),(718,26,'J','w','l',3,'TF-TUR'),(719,27,'A','w','l',3,'TF-TUR'),(720,27,'B','m','l',3,'TF-TUR'),(721,27,'C','a','l',3,'TF-TUR'),(722,27,'D','a','l',3,'TF-TUR'),(723,27,'E','m','l',3,'TF-TUR'),(724,27,'F','m','l',3,'TF-TUR'),(725,27,'G','a','l',3,'TF-TUR'),(726,27,'H','a','l',3,'TF-TUR'),(727,27,'I','m','l',3,'TF-TUR'),(728,27,'J','w','l',3,'TF-TUR'),(729,28,'A','w','l',3,'TF-TUR'),(730,28,'B','m','l',3,'TF-TUR'),(731,28,'C','a','l',3,'TF-TUR'),(732,28,'D','a','l',3,'TF-TUR'),(733,28,'E','m','l',3,'TF-TUR'),(734,28,'F','m','l',3,'TF-TUR'),(735,28,'G','a','l',3,'TF-TUR'),(736,28,'H','a','l',3,'TF-TUR'),(737,28,'I','m','l',3,'TF-TUR'),(738,28,'J','w','l',3,'TF-TUR'),(739,29,'A','w','l',3,'TF-TUR'),(740,29,'B','m','l',3,'TF-TUR'),(741,29,'C','a','l',3,'TF-TUR'),(742,29,'D','a','l',3,'TF-TUR'),(743,29,'E','m','l',3,'TF-TUR'),(744,29,'F','w','l',3,'TF-TUR'),(745,30,'A','w','l',3,'TF-TUR'),(746,30,'B','m','l',3,'TF-TUR'),(747,30,'C','a','l',3,'TF-TUR'),(748,30,'D','a','l',3,'TF-TUR'),(749,30,'E','m','l',3,'TF-TUR'),(750,30,'F','w','l',3,'TF-TUR'),(751,31,'A','w','l',3,'TF-TUR'),(752,31,'B','m','l',3,'TF-TUR'),(753,31,'C','a','l',3,'TF-TUR'),(754,31,'D','a','l',3,'TF-TUR'),(755,31,'E','m','l',3,'TF-TUR'),(756,31,'F','w','l',3,'TF-TUR'),(757,32,'A','w','l',3,'TF-TUR'),(758,32,'B','m','l',3,'TF-TUR'),(759,32,'C','a','l',3,'TF-TUR'),(760,32,'D','a','l',3,'TF-TUR'),(761,32,'E','m','l',3,'TF-TUR'),(762,32,'F','w','l',3,'TF-TUR'),(763,33,'A','w','l',3,'TF-TUR'),(764,33,'B','a','l',3,'TF-TUR'),(765,33,'C','a','l',3,'TF-TUR'),(766,33,'D','w','l',3,'TF-TUR'),(767,34,'A','w','l',3,'TF-TUR'),(768,34,'B','m','l',3,'TF-TUR'),(769,34,'C','a','l',3,'TF-TUR'),(770,34,'D','a','l',3,'TF-TUR'),(771,34,'E','m','l',3,'TF-TUR'),(772,34,'F','w','l',3,'TF-TUR'),(773,35,'A','w','l',3,'TF-TUR'),(774,35,'B','m','l',3,'TF-TUR'),(775,35,'C','a','l',3,'TF-TUR'),(776,35,'D','a','l',3,'TF-TUR'),(777,35,'E','m','l',3,'TF-TUR'),(778,35,'F','m','l',3,'TF-TUR'),(779,35,'G','a','l',3,'TF-TUR'),(780,35,'H','a','l',3,'TF-TUR'),(781,35,'I','m','l',3,'TF-TUR'),(782,35,'J','w','l',3,'TF-TUR'),(783,36,'A','w','l',3,'TF-TUR'),(784,36,'B','m','l',3,'TF-TUR'),(785,36,'C','a','l',3,'TF-TUR'),(786,36,'D','a','l',3,'TF-TUR'),(787,36,'E','m','l',3,'TF-TUR'),(788,36,'F','m','l',3,'TF-TUR'),(789,36,'G','a','l',3,'TF-TUR'),(790,36,'H','a','l',3,'TF-TUR'),(791,36,'I','m','l',3,'TF-TUR'),(792,36,'J','w','l',3,'TF-TUR'),(793,37,'A','w','l',3,'TF-TUR'),(794,37,'B','m','l',3,'TF-TUR'),(795,37,'C','a','l',3,'TF-TUR'),(796,37,'D','a','l',3,'TF-TUR'),(797,37,'E','m','l',3,'TF-TUR'),(798,37,'F','m','l',3,'TF-TUR'),(799,37,'G','a','l',3,'TF-TUR'),(800,37,'H','a','l',3,'TF-TUR'),(801,37,'I','m','l',3,'TF-TUR'),(802,37,'J','w','l',3,'TF-TUR'),(803,38,'A','w','l',3,'TF-TUR'),(804,38,'B','m','l',3,'TF-TUR'),(805,38,'C','a','l',3,'TF-TUR'),(806,38,'D','a','l',3,'TF-TUR'),(807,38,'E','m','l',3,'TF-TUR'),(808,38,'F','m','l',3,'TF-TUR'),(809,38,'G','a','l',3,'TF-TUR'),(810,38,'H','a','l',3,'TF-TUR'),(811,38,'I','m','l',3,'TF-TUR'),(812,38,'J','w','l',3,'TF-TUR'),(813,39,'A','w','l',3,'TF-TUR'),(814,39,'B','m','l',3,'TF-TUR'),(815,39,'C','a','l',3,'TF-TUR'),(816,39,'D','a','l',3,'TF-TUR'),(817,39,'E','m','l',3,'TF-TUR'),(818,39,'F','m','l',3,'TF-TUR'),(819,39,'G','a','l',3,'TF-TUR'),(820,39,'H','a','l',3,'TF-TUR'),(821,39,'I','m','l',3,'TF-TUR'),(822,39,'J','w','l',3,'TF-TUR'),(823,40,'A','w','l',3,'TF-TUR'),(824,40,'B','m','l',3,'TF-TUR'),(825,40,'C','a','l',3,'TF-TUR'),(826,40,'D','a','l',3,'TF-TUR'),(827,40,'E','m','l',3,'TF-TUR'),(828,40,'F','m','l',3,'TF-TUR'),(829,40,'G','a','l',3,'TF-TUR'),(830,40,'H','a','l',3,'TF-TUR'),(831,40,'I','m','l',3,'TF-TUR'),(832,40,'J','w','l',3,'TF-TUR'),(833,41,'A','w','l',3,'TF-TUR'),(834,41,'B','m','l',3,'TF-TUR'),(835,41,'C','a','l',3,'TF-TUR'),(836,41,'D','a','l',3,'TF-TUR'),(837,41,'E','m','l',3,'TF-TUR'),(838,41,'F','m','l',3,'TF-TUR'),(839,41,'G','a','l',3,'TF-TUR'),(840,41,'H','a','l',3,'TF-TUR'),(841,41,'I','m','l',3,'TF-TUR'),(842,41,'J','w','l',3,'TF-TUR'),(843,1,'A','w','u',2,'TF-TUR'),(844,1,'B','a','u',2,'TF-TUR'),(845,1,'C','a','u',2,'TF-TUR'),(846,1,'D','a','u',2,'TF-TUR'),(847,1,'E','a','u',2,'TF-TUR'),(848,1,'F','w','u',2,'TF-TUR'),(849,2,'A','w','u',2,'TF-TUR'),(850,2,'B','a','u',2,'TF-TUR'),(851,2,'C','a','u',2,'TF-TUR'),(852,2,'D','a','u',2,'TF-TUR'),(853,2,'E','a','u',2,'TF-TUR'),(854,2,'F','w','u',2,'TF-TUR'),(855,3,'A','w','u',2,'TF-TUR'),(856,3,'B','a','u',2,'TF-TUR'),(857,3,'C','a','u',2,'TF-TUR'),(858,3,'D','a','u',2,'TF-TUR'),(859,3,'E','a','u',2,'TF-TUR'),(860,3,'F','w','u',2,'TF-TUR'),(861,4,'A','w','u',2,'TF-TUR'),(862,4,'B','a','u',2,'TF-TUR'),(863,4,'C','a','u',2,'TF-TUR'),(864,4,'D','a','u',2,'TF-TUR'),(865,4,'E','a','u',2,'TF-TUR'),(866,4,'F','w','u',2,'TF-TUR'),(867,5,'A','w','u',2,'TF-TUR'),(868,5,'B','a','u',2,'TF-TUR'),(869,5,'C','a','u',2,'TF-TUR'),(870,5,'D','a','u',2,'TF-TUR'),(871,5,'E','a','u',2,'TF-TUR'),(872,5,'F','w','u',2,'TF-TUR'),(873,6,'A','w','u',2,'TF-TUR'),(874,6,'B','a','u',2,'TF-TUR'),(875,6,'C','a','u',2,'TF-TUR'),(876,6,'D','a','u',2,'TF-TUR'),(877,6,'E','a','u',2,'TF-TUR'),(878,6,'F','w','u',2,'TF-TUR'),(879,7,'A','w','u',2,'TF-TUR'),(880,7,'B','a','u',2,'TF-TUR'),(881,7,'C','a','u',2,'TF-TUR'),(882,7,'D','a','u',2,'TF-TUR'),(883,7,'E','a','u',2,'TF-TUR'),(884,7,'F','w','u',2,'TF-TUR'),(885,8,'A','w','u',2,'TF-TUR'),(886,8,'B','a','u',2,'TF-TUR'),(887,8,'C','a','u',2,'TF-TUR'),(888,8,'D','a','u',2,'TF-TUR'),(889,8,'E','a','u',2,'TF-TUR'),(890,8,'F','w','u',2,'TF-TUR'),(891,9,'A','w','u',2,'TF-TUR'),(892,9,'B','a','u',2,'TF-TUR'),(893,9,'C','a','u',2,'TF-TUR'),(894,9,'D','a','u',2,'TF-TUR'),(895,9,'E','a','u',2,'TF-TUR'),(896,9,'F','w','u',2,'TF-TUR'),(897,10,'A','w','u',2,'TF-TUR'),(898,10,'B','a','u',2,'TF-TUR'),(899,10,'C','a','u',2,'TF-TUR'),(900,10,'D','a','u',2,'TF-TUR'),(901,10,'E','a','u',2,'TF-TUR'),(902,10,'F','w','u',2,'TF-TUR'),(903,11,'A','w','u',2,'TF-TUR'),(904,11,'B','a','u',2,'TF-TUR'),(905,11,'C','a','u',2,'TF-TUR'),(906,11,'D','a','u',2,'TF-TUR'),(907,11,'E','a','u',2,'TF-TUR'),(908,11,'F','w','u',2,'TF-TUR'),(909,12,'A','w','u',3,'TF-TUR'),(910,12,'B','a','u',3,'TF-TUR'),(911,12,'C','a','u',3,'TF-TUR'),(912,12,'D','m','u',3,'TF-TUR'),(913,12,'E','m','u',3,'TF-TUR'),(914,12,'F','a','u',3,'TF-TUR'),(915,12,'G','a','u',3,'TF-TUR'),(916,12,'H','w','u',3,'TF-TUR'),(917,13,'A','w','u',3,'TF-TUR'),(918,13,'B','a','u',3,'TF-TUR'),(919,13,'C','a','u',3,'TF-TUR'),(920,13,'D','m','u',3,'TF-TUR'),(921,13,'E','m','u',3,'TF-TUR'),(922,13,'F','a','u',3,'TF-TUR'),(923,13,'G','a','u',3,'TF-TUR'),(924,13,'H','w','u',3,'TF-TUR'),(925,14,'A','w','u',3,'TF-TUR'),(926,14,'B','a','u',3,'TF-TUR'),(927,14,'C','a','u',3,'TF-TUR'),(928,14,'D','m','u',3,'TF-TUR'),(929,14,'E','m','u',3,'TF-TUR'),(930,14,'F','a','u',3,'TF-TUR'),(931,14,'G','a','u',3,'TF-TUR'),(932,14,'H','w','u',3,'TF-TUR'),(933,15,'A','w','u',3,'TF-TUR'),(934,15,'B','a','u',3,'TF-TUR'),(935,15,'C','a','u',3,'TF-TUR'),(936,15,'D','m','u',3,'TF-TUR'),(937,15,'E','m','u',3,'TF-TUR'),(938,15,'F','a','u',3,'TF-TUR'),(939,15,'G','a','u',3,'TF-TUR'),(940,15,'H','w','u',3,'TF-TUR'),(941,16,'A','w','u',3,'TF-TUR'),(942,16,'B','a','u',3,'TF-TUR'),(943,16,'C','a','u',3,'TF-TUR'),(944,16,'D','m','u',3,'TF-TUR'),(945,16,'E','m','u',3,'TF-TUR'),(946,16,'F','a','u',3,'TF-TUR'),(947,16,'G','a','u',3,'TF-TUR'),(948,16,'H','w','u',3,'TF-TUR'),(949,17,'A','w','u',3,'TF-TUR'),(950,17,'B','a','u',3,'TF-TUR'),(951,17,'C','a','u',3,'TF-TUR'),(952,17,'D','m','u',3,'TF-TUR'),(953,17,'E','m','u',3,'TF-TUR'),(954,17,'F','a','u',3,'TF-TUR'),(955,17,'G','a','u',3,'TF-TUR'),(956,17,'H','w','u',3,'TF-TUR'),(957,18,'A','w','u',3,'TF-TUR'),(958,18,'B','a','u',3,'TF-TUR'),(959,18,'C','a','u',3,'TF-TUR'),(960,18,'D','m','u',3,'TF-TUR'),(961,18,'E','m','u',3,'TF-TUR'),(962,18,'F','a','u',3,'TF-TUR'),(963,18,'G','a','u',3,'TF-TUR'),(964,18,'H','w','u',3,'TF-TUR'),(965,19,'A','w','u',3,'TF-TUR'),(966,19,'B','a','u',3,'TF-TUR'),(967,19,'C','a','u',3,'TF-TUR'),(968,19,'D','m','u',3,'TF-TUR'),(969,19,'E','m','u',3,'TF-TUR'),(970,19,'F','a','u',3,'TF-TUR'),(971,19,'G','a','u',3,'TF-TUR'),(972,19,'H','w','u',3,'TF-TUR'),(973,20,'A','w','u',3,'TF-TUR'),(974,20,'B','a','u',3,'TF-TUR'),(975,20,'C','a','u',3,'TF-TUR'),(976,20,'D','m','u',3,'TF-TUR'),(977,20,'E','m','u',3,'TF-TUR'),(978,20,'F','a','u',3,'TF-TUR'),(979,20,'G','a','u',3,'TF-TUR'),(980,20,'H','w','u',3,'TF-TUR'),(981,1,'A','w','na',2,'TF-LUR'),(982,1,'B','a','na',2,'TF-LUR'),(983,1,'C','a','na',2,'TF-LUR'),(984,1,'D','a','na',2,'TF-LUR'),(985,1,'E','a','na',2,'TF-LUR'),(986,1,'F','w','na',2,'TF-LUR'),(987,2,'A','w','na',2,'TF-LUR'),(988,2,'B','a','na',2,'TF-LUR'),(989,2,'C','a','na',2,'TF-LUR'),(990,2,'D','a','na',2,'TF-LUR'),(991,2,'E','a','na',2,'TF-LUR'),(992,2,'F','w','na',2,'TF-LUR'),(993,3,'A','w','na',2,'TF-LUR'),(994,3,'B','a','na',2,'TF-LUR'),(995,3,'C','a','na',2,'TF-LUR'),(996,3,'D','a','na',2,'TF-LUR'),(997,3,'E','a','na',2,'TF-LUR'),(998,3,'F','w','na',2,'TF-LUR'),(999,4,'A','w','na',2,'TF-LUR'),(1000,4,'B','a','na',2,'TF-LUR'),(1001,4,'C','a','na',2,'TF-LUR'),(1002,4,'D','a','na',2,'TF-LUR'),(1003,4,'E','a','na',2,'TF-LUR'),(1004,4,'F','w','na',2,'TF-LUR'),(1005,5,'A','w','na',2,'TF-LUR'),(1006,5,'B','a','na',2,'TF-LUR'),(1007,5,'C','a','na',2,'TF-LUR'),(1008,5,'D','a','na',2,'TF-LUR'),(1009,5,'E','a','na',2,'TF-LUR'),(1010,5,'F','w','na',2,'TF-LUR'),(1011,6,'A','w','na',2,'TF-LUR'),(1012,6,'B','a','na',2,'TF-LUR'),(1013,6,'C','a','na',2,'TF-LUR'),(1014,6,'D','a','na',2,'TF-LUR'),(1015,6,'E','a','na',2,'TF-LUR'),(1016,6,'F','w','na',2,'TF-LUR'),(1017,7,'A','w','na',2,'TF-LUR'),(1018,7,'B','a','na',2,'TF-LUR'),(1019,7,'C','a','na',2,'TF-LUR'),(1020,7,'D','a','na',2,'TF-LUR'),(1021,7,'E','a','na',2,'TF-LUR'),(1022,7,'F','w','na',2,'TF-LUR'),(1023,8,'A','w','na',2,'TF-LUR'),(1024,8,'B','a','na',2,'TF-LUR'),(1025,8,'C','a','na',2,'TF-LUR'),(1026,8,'D','a','na',2,'TF-LUR'),(1027,8,'E','a','na',2,'TF-LUR'),(1028,8,'F','w','na',2,'TF-LUR'),(1029,9,'A','w','na',3,'TF-LUR'),(1030,9,'B','m','na',3,'TF-LUR'),(1031,9,'C','a','na',3,'TF-LUR'),(1032,9,'D','a','na',3,'TF-LUR'),(1033,9,'E','m','na',3,'TF-LUR'),(1034,9,'F','a','na',3,'TF-LUR'),(1035,9,'G','a','na',3,'TF-LUR'),(1036,9,'H','m','na',3,'TF-LUR'),(1037,9,'I','w','na',3,'TF-LUR'),(1038,10,'A','w','na',3,'TF-LUR'),(1039,10,'B','m','na',3,'TF-LUR'),(1040,10,'C','a','na',3,'TF-LUR'),(1041,10,'D','a','na',3,'TF-LUR'),(1042,10,'E','m','na',3,'TF-LUR'),(1043,10,'F','a','na',3,'TF-LUR'),(1044,10,'G','a','na',3,'TF-LUR'),(1045,10,'H','m','na',3,'TF-LUR'),(1046,10,'I','w','na',3,'TF-LUR'),(1047,11,'A','w','na',3,'TF-LUR'),(1048,11,'B','m','na',3,'TF-LUR'),(1049,11,'C','a','na',3,'TF-LUR'),(1050,11,'D','a','na',3,'TF-LUR'),(1051,11,'E','m','na',3,'TF-LUR'),(1052,11,'F','a','na',3,'TF-LUR'),(1053,11,'G','a','na',3,'TF-LUR'),(1054,11,'H','m','na',3,'TF-LUR'),(1055,11,'I','w','na',3,'TF-LUR'),(1056,12,'A','w','na',3,'TF-LUR'),(1057,12,'B','m','na',3,'TF-LUR'),(1058,12,'C','a','na',3,'TF-LUR'),(1059,12,'D','a','na',3,'TF-LUR'),(1060,12,'E','m','na',3,'TF-LUR'),(1061,12,'F','a','na',3,'TF-LUR'),(1062,12,'G','a','na',3,'TF-LUR'),(1063,12,'H','m','na',3,'TF-LUR'),(1064,12,'I','w','na',3,'TF-LUR'),(1065,13,'A','w','na',3,'TF-LUR'),(1066,13,'B','m','na',3,'TF-LUR'),(1067,13,'C','a','na',3,'TF-LUR'),(1068,13,'D','a','na',3,'TF-LUR'),(1069,13,'E','m','na',3,'TF-LUR'),(1070,13,'F','a','na',3,'TF-LUR'),(1071,13,'G','a','na',3,'TF-LUR'),(1072,13,'H','m','na',3,'TF-LUR'),(1073,13,'I','w','na',3,'TF-LUR'),(1074,14,'A','w','na',3,'TF-LUR'),(1075,14,'B','m','na',3,'TF-LUR'),(1076,14,'C','a','na',3,'TF-LUR'),(1077,14,'D','a','na',3,'TF-LUR'),(1078,14,'E','m','na',3,'TF-LUR'),(1079,14,'F','a','na',3,'TF-LUR'),(1080,14,'G','a','na',3,'TF-LUR'),(1081,14,'H','m','na',3,'TF-LUR'),(1082,14,'I','w','na',3,'TF-LUR'),(1083,15,'A','w','na',3,'TF-LUR'),(1084,15,'B','m','na',3,'TF-LUR'),(1085,15,'C','a','na',3,'TF-LUR'),(1086,15,'D','a','na',3,'TF-LUR'),(1087,15,'E','m','na',3,'TF-LUR'),(1088,15,'F','a','na',3,'TF-LUR'),(1089,15,'G','a','na',3,'TF-LUR'),(1090,15,'H','m','na',3,'TF-LUR'),(1091,15,'I','w','na',3,'TF-LUR'),(1092,16,'A','w','na',3,'TF-LUR'),(1093,16,'B','m','na',3,'TF-LUR'),(1094,16,'C','a','na',3,'TF-LUR'),(1095,16,'D','a','na',3,'TF-LUR'),(1096,16,'E','m','na',3,'TF-LUR'),(1097,16,'F','a','na',3,'TF-LUR'),(1098,16,'G','a','na',3,'TF-LUR'),(1099,16,'H','m','na',3,'TF-LUR'),(1100,16,'I','w','na',3,'TF-LUR'),(1101,17,'A','w','na',3,'TF-LUR'),(1102,17,'B','m','na',3,'TF-LUR'),(1103,17,'C','a','na',3,'TF-LUR'),(1104,17,'D','a','na',3,'TF-LUR'),(1105,17,'E','m','na',3,'TF-LUR'),(1106,17,'F','a','na',3,'TF-LUR'),(1107,17,'G','a','na',3,'TF-LUR'),(1108,17,'H','m','na',3,'TF-LUR'),(1109,17,'I','w','na',3,'TF-LUR'),(1110,18,'A','w','na',3,'TF-LUR'),(1111,18,'B','m','na',3,'TF-LUR'),(1112,18,'C','a','na',3,'TF-LUR'),(1113,18,'D','a','na',3,'TF-LUR'),(1114,18,'E','m','na',3,'TF-LUR'),(1115,18,'F','a','na',3,'TF-LUR'),(1116,18,'G','a','na',3,'TF-LUR'),(1117,18,'H','m','na',3,'TF-LUR'),(1118,18,'I','w','na',3,'TF-LUR'),(1119,19,'A','w','na',3,'TF-LUR'),(1120,19,'B','m','na',3,'TF-LUR'),(1121,19,'C','a','na',3,'TF-LUR'),(1122,19,'D','a','na',3,'TF-LUR'),(1123,19,'E','m','na',3,'TF-LUR'),(1124,19,'F','a','na',3,'TF-LUR'),(1125,19,'G','a','na',3,'TF-LUR'),(1126,19,'H','m','na',3,'TF-LUR'),(1127,19,'I','w','na',3,'TF-LUR'),(1128,20,'A','w','na',3,'TF-LUR'),(1129,20,'B','m','na',3,'TF-LUR'),(1130,20,'C','a','na',3,'TF-LUR'),(1131,20,'D','a','na',3,'TF-LUR'),(1132,20,'E','m','na',3,'TF-LUR'),(1133,20,'F','a','na',3,'TF-LUR'),(1134,20,'G','a','na',3,'TF-LUR'),(1135,20,'H','m','na',3,'TF-LUR'),(1136,20,'I','w','na',3,'TF-LUR'),(1137,21,'A','w','na',3,'TF-LUR'),(1138,21,'B','m','na',3,'TF-LUR'),(1139,21,'C','a','na',3,'TF-LUR'),(1140,21,'D','a','na',3,'TF-LUR'),(1141,21,'E','m','na',3,'TF-LUR'),(1142,21,'F','a','na',3,'TF-LUR'),(1143,21,'G','a','na',3,'TF-LUR'),(1144,21,'H','m','na',3,'TF-LUR'),(1145,21,'I','w','na',3,'TF-LUR'),(1146,22,'A','w','na',3,'TF-LUR'),(1147,22,'B','m','na',3,'TF-LUR'),(1148,22,'C','a','na',3,'TF-LUR'),(1149,22,'D','a','na',3,'TF-LUR'),(1150,22,'E','m','na',3,'TF-LUR'),(1151,22,'F','a','na',3,'TF-LUR'),(1152,22,'G','a','na',3,'TF-LUR'),(1153,22,'H','m','na',3,'TF-LUR'),(1154,22,'I','w','na',3,'TF-LUR'),(1155,23,'A','w','na',3,'TF-LUR'),(1156,23,'B','m','na',3,'TF-LUR'),(1157,23,'C','a','na',3,'TF-LUR'),(1158,23,'D','a','na',3,'TF-LUR'),(1159,23,'E','m','na',3,'TF-LUR'),(1160,23,'F','a','na',3,'TF-LUR'),(1161,23,'G','a','na',3,'TF-LUR'),(1162,23,'H','m','na',3,'TF-LUR'),(1163,23,'I','w','na',3,'TF-LUR'),(1164,24,'A','a','na',3,'TF-LUR'),(1165,24,'B','m','na',3,'TF-LUR'),(1166,24,'C','a','na',3,'TF-LUR'),(1167,25,'A','w','na',3,'TF-LUR'),(1168,25,'B','m','na',3,'TF-LUR'),(1169,25,'C','a','na',3,'TF-LUR'),(1170,25,'D','a','na',3,'TF-LUR'),(1171,25,'E','m','na',3,'TF-LUR'),(1172,25,'F','a','na',3,'TF-LUR'),(1173,25,'G','a','na',3,'TF-LUR'),(1174,25,'H','m','na',3,'TF-LUR'),(1175,25,'I','w','na',3,'TF-LUR'),(1176,26,'A','w','na',3,'TF-LUR'),(1177,26,'B','m','na',3,'TF-LUR'),(1178,26,'C','a','na',3,'TF-LUR'),(1179,26,'D','a','na',3,'TF-LUR'),(1180,26,'E','m','na',3,'TF-LUR'),(1181,26,'F','a','na',3,'TF-LUR'),(1182,26,'G','a','na',3,'TF-LUR'),(1183,26,'H','m','na',3,'TF-LUR'),(1184,26,'I','w','na',3,'TF-LUR'),(1185,27,'A','w','na',3,'TF-LUR'),(1186,27,'B','m','na',3,'TF-LUR'),(1187,27,'C','a','na',3,'TF-LUR'),(1188,27,'D','a','na',3,'TF-LUR'),(1189,27,'E','m','na',3,'TF-LUR'),(1190,27,'F','a','na',3,'TF-LUR'),(1191,27,'G','a','na',3,'TF-LUR'),(1192,27,'H','m','na',3,'TF-LUR'),(1193,27,'I','w','na',3,'TF-LUR'),(1194,28,'A','w','na',3,'TF-LUR'),(1195,28,'B','m','na',3,'TF-LUR'),(1196,28,'C','a','na',3,'TF-LUR'),(1197,28,'D','a','na',3,'TF-LUR'),(1198,28,'E','m','na',3,'TF-LUR'),(1199,28,'F','a','na',3,'TF-LUR'),(1200,28,'G','a','na',3,'TF-LUR'),(1201,28,'H','m','na',3,'TF-LUR'),(1202,28,'I','w','na',3,'TF-LUR'),(1203,29,'A','w','na',3,'TF-LUR'),(1204,29,'B','m','na',3,'TF-LUR'),(1205,29,'C','a','na',3,'TF-LUR'),(1206,29,'D','a','na',3,'TF-LUR'),(1207,29,'E','m','na',3,'TF-LUR'),(1208,29,'F','a','na',3,'TF-LUR'),(1209,29,'G','a','na',3,'TF-LUR'),(1210,29,'H','m','na',3,'TF-LUR'),(1211,29,'I','w','na',3,'TF-LUR'),(1212,30,'A','w','na',3,'TF-LUR'),(1213,30,'B','m','na',3,'TF-LUR'),(1214,30,'C','a','na',3,'TF-LUR'),(1215,30,'D','a','na',3,'TF-LUR'),(1216,30,'E','m','na',3,'TF-LUR'),(1217,30,'F','a','na',3,'TF-LUR'),(1218,30,'G','a','na',3,'TF-LUR'),(1219,30,'H','m','na',3,'TF-LUR'),(1220,30,'I','w','na',3,'TF-LUR'),(1221,31,'A','w','na',3,'TF-LUR'),(1222,31,'B','m','na',3,'TF-LUR'),(1223,31,'C','a','na',3,'TF-LUR'),(1224,31,'D','a','na',3,'TF-LUR'),(1225,31,'E','m','na',3,'TF-LUR'),(1226,31,'F','a','na',3,'TF-LUR'),(1227,31,'G','a','na',3,'TF-LUR'),(1228,31,'H','m','na',3,'TF-LUR'),(1229,31,'I','w','na',3,'TF-LUR'),(1230,32,'A','w','na',3,'TF-LUR'),(1231,32,'B','m','na',3,'TF-LUR'),(1232,32,'C','a','na',3,'TF-LUR'),(1233,32,'D','a','na',3,'TF-LUR'),(1234,32,'E','m','na',3,'TF-LUR'),(1235,32,'F','a','na',3,'TF-LUR'),(1236,32,'G','a','na',3,'TF-LUR'),(1237,32,'H','m','na',3,'TF-LUR'),(1238,32,'I','w','na',3,'TF-LUR'),(1239,33,'A','w','na',3,'TF-LUR'),(1240,33,'B','m','na',3,'TF-LUR'),(1241,33,'C','a','na',3,'TF-LUR'),(1242,33,'D','a','na',3,'TF-LUR'),(1243,33,'E','m','na',3,'TF-LUR'),(1244,33,'F','a','na',3,'TF-LUR'),(1245,33,'G','a','na',3,'TF-LUR'),(1246,33,'H','m','na',3,'TF-LUR'),(1247,33,'I','w','na',3,'TF-LUR'),(1248,34,'A','w','na',3,'TF-LUR'),(1249,34,'B','m','na',3,'TF-LUR'),(1250,34,'C','a','na',3,'TF-LUR'),(1251,34,'D','a','na',3,'TF-LUR'),(1252,34,'E','m','na',3,'TF-LUR'),(1253,34,'F','a','na',3,'TF-LUR'),(1254,34,'G','a','na',3,'TF-LUR'),(1255,34,'H','m','na',3,'TF-LUR'),(1256,34,'I','w','na',3,'TF-LUR'),(1257,35,'A','w','na',3,'TF-LUR'),(1258,35,'B','m','na',3,'TF-LUR'),(1259,35,'C','a','na',3,'TF-LUR'),(1260,35,'D','a','na',3,'TF-LUR'),(1261,35,'E','m','na',3,'TF-LUR'),(1262,35,'F','a','na',3,'TF-LUR'),(1263,35,'G','a','na',3,'TF-LUR'),(1264,35,'H','m','na',3,'TF-LUR'),(1265,35,'I','w','na',3,'TF-LUR'),(1266,36,'A','a','na',3,'TF-LUR'),(1267,36,'B','m','na',3,'TF-LUR'),(1268,36,'C','a','na',3,'TF-LUR'),(1269,1,'A','w','na',2,'TF-RUM'),(1270,1,'B','m','na',2,'TF-RUM'),(1271,1,'C','a','na',2,'TF-RUM'),(1272,1,'D','a','na',2,'TF-RUM'),(1273,1,'E','m','na',2,'TF-RUM'),(1274,1,'F','w','na',2,'TF-RUM'),(1275,2,'A','w','na',2,'TF-RUM'),(1276,2,'B','m','na',2,'TF-RUM'),(1277,2,'C','a','na',2,'TF-RUM'),(1278,2,'D','a','na',2,'TF-RUM'),(1279,2,'E','m','na',2,'TF-RUM'),(1280,2,'F','w','na',2,'TF-RUM'),(1281,3,'A','w','na',2,'TF-RUM'),(1282,3,'B','m','na',2,'TF-RUM'),(1283,3,'C','a','na',2,'TF-RUM'),(1284,3,'D','a','na',2,'TF-RUM'),(1285,3,'E','m','na',2,'TF-RUM'),(1286,3,'F','w','na',2,'TF-RUM'),(1287,4,'A','w','na',2,'TF-RUM'),(1288,4,'B','m','na',2,'TF-RUM'),(1289,4,'C','a','na',2,'TF-RUM'),(1290,4,'D','a','na',2,'TF-RUM'),(1291,4,'E','m','na',2,'TF-RUM'),(1292,4,'F','w','na',2,'TF-RUM'),(1293,5,'A','w','na',2,'TF-RUM'),(1294,5,'B','m','na',2,'TF-RUM'),(1295,5,'C','a','na',2,'TF-RUM'),(1296,5,'D','a','na',2,'TF-RUM'),(1297,5,'E','m','na',2,'TF-RUM'),(1298,5,'F','w','na',2,'TF-RUM'),(1299,6,'A','w','na',3,'TF-RUM'),(1300,6,'B','m','na',3,'TF-RUM'),(1301,6,'C','a','na',3,'TF-RUM'),(1302,6,'D','a','na',3,'TF-RUM'),(1303,6,'E','m','na',3,'TF-RUM'),(1304,6,'F','w','na',3,'TF-RUM'),(1305,7,'A','w','na',3,'TF-RUM'),(1306,7,'B','m','na',3,'TF-RUM'),(1307,7,'C','a','na',3,'TF-RUM'),(1308,7,'D','a','na',3,'TF-RUM'),(1309,7,'E','m','na',3,'TF-RUM'),(1310,7,'F','w','na',3,'TF-RUM'),(1311,8,'A','w','na',3,'TF-RUM'),(1312,8,'B','m','na',3,'TF-RUM'),(1313,8,'C','a','na',3,'TF-RUM'),(1314,8,'D','a','na',3,'TF-RUM'),(1315,8,'E','m','na',3,'TF-RUM'),(1316,8,'F','w','na',3,'TF-RUM'),(1317,9,'A','w','na',3,'TF-RUM'),(1318,9,'B','m','na',3,'TF-RUM'),(1319,9,'C','a','na',3,'TF-RUM'),(1320,9,'D','a','na',3,'TF-RUM'),(1321,9,'E','m','na',3,'TF-RUM'),(1322,9,'F','w','na',3,'TF-RUM'),(1323,10,'A','w','na',3,'TF-RUM'),(1324,10,'B','m','na',3,'TF-RUM'),(1325,10,'C','a','na',3,'TF-RUM'),(1326,10,'D','a','na',3,'TF-RUM'),(1327,10,'E','m','na',3,'TF-RUM'),(1328,10,'F','w','na',3,'TF-RUM'),(1329,11,'A','w','na',3,'TF-RUM'),(1330,11,'B','m','na',3,'TF-RUM'),(1331,11,'C','a','na',3,'TF-RUM'),(1332,11,'D','a','na',3,'TF-RUM'),(1333,11,'E','m','na',3,'TF-RUM'),(1334,11,'F','w','na',3,'TF-RUM'),(1335,12,'A','w','na',3,'TF-RUM'),(1336,12,'B','m','na',3,'TF-RUM'),(1337,12,'C','a','na',3,'TF-RUM'),(1338,12,'D','a','na',3,'TF-RUM'),(1339,12,'E','m','na',3,'TF-RUM'),(1340,12,'F','w','na',3,'TF-RUM'),(1341,13,'A','w','na',3,'TF-RUM'),(1342,13,'B','m','na',3,'TF-RUM'),(1343,13,'C','a','na',3,'TF-RUM'),(1344,13,'D','a','na',3,'TF-RUM'),(1345,13,'E','m','na',3,'TF-RUM'),(1346,13,'F','w','na',3,'TF-RUM'),(1347,14,'A','w','na',3,'TF-RUM'),(1348,14,'B','m','na',3,'TF-RUM'),(1349,14,'C','a','na',3,'TF-RUM'),(1350,14,'D','a','na',3,'TF-RUM'),(1351,14,'E','m','na',3,'TF-RUM'),(1352,14,'F','w','na',3,'TF-RUM'),(1353,15,'A','w','na',3,'TF-RUM'),(1354,15,'B','m','na',3,'TF-RUM'),(1355,15,'C','a','na',3,'TF-RUM'),(1356,15,'D','a','na',3,'TF-RUM'),(1357,15,'E','m','na',3,'TF-RUM'),(1358,15,'F','w','na',3,'TF-RUM'),(1359,16,'A','w','na',3,'TF-RUM'),(1360,16,'B','m','na',3,'TF-RUM'),(1361,16,'C','a','na',3,'TF-RUM'),(1362,16,'D','a','na',3,'TF-RUM'),(1363,16,'E','m','na',3,'TF-RUM'),(1364,16,'F','w','na',3,'TF-RUM'),(1365,17,'A','w','na',3,'TF-RUM'),(1366,17,'B','m','na',3,'TF-RUM'),(1367,17,'C','a','na',3,'TF-RUM'),(1368,17,'D','a','na',3,'TF-RUM'),(1369,17,'E','m','na',3,'TF-RUM'),(1370,17,'F','w','na',3,'TF-RUM'),(1371,18,'A','w','na',3,'TF-RUM'),(1372,18,'B','m','na',3,'TF-RUM'),(1373,18,'C','a','na',3,'TF-RUM'),(1374,18,'D','a','na',3,'TF-RUM'),(1375,18,'E','m','na',3,'TF-RUM'),(1376,18,'F','w','na',3,'TF-RUM'),(1377,19,'A','w','na',3,'TF-RUM'),(1378,19,'B','m','na',3,'TF-RUM'),(1379,19,'C','a','na',3,'TF-RUM'),(1380,19,'D','a','na',3,'TF-RUM'),(1381,19,'E','m','na',3,'TF-RUM'),(1382,19,'F','w','na',3,'TF-RUM'),(1383,20,'A','w','na',3,'TF-RUM'),(1384,20,'B','m','na',3,'TF-RUM'),(1385,20,'C','a','na',3,'TF-RUM'),(1386,20,'D','a','na',3,'TF-RUM'),(1387,20,'E','m','na',3,'TF-RUM'),(1388,20,'F','w','na',3,'TF-RUM'),(1389,21,'A','w','na',3,'TF-RUM'),(1390,21,'B','m','na',3,'TF-RUM'),(1391,21,'C','a','na',3,'TF-RUM'),(1392,21,'D','a','na',3,'TF-RUM'),(1393,21,'E','m','na',3,'TF-RUM'),(1394,21,'F','w','na',3,'TF-RUM'),(1395,22,'A','w','na',3,'TF-RUM'),(1396,22,'B','m','na',3,'TF-RUM'),(1397,22,'C','a','na',3,'TF-RUM'),(1398,22,'D','a','na',3,'TF-RUM'),(1399,22,'E','m','na',3,'TF-RUM'),(1400,22,'F','w','na',3,'TF-RUM'),(1401,23,'A','w','na',3,'TF-RUM'),(1402,23,'B','m','na',3,'TF-RUM'),(1403,23,'C','a','na',3,'TF-RUM'),(1404,23,'D','a','na',3,'TF-RUM'),(1405,23,'E','m','na',3,'TF-RUM'),(1406,23,'F','w','na',3,'TF-RUM'),(1407,24,'A','w','na',3,'TF-RUM'),(1408,24,'B','m','na',3,'TF-RUM'),(1409,24,'C','a','na',3,'TF-RUM'),(1410,24,'D','a','na',3,'TF-RUM'),(1411,24,'E','m','na',3,'TF-RUM'),(1412,24,'F','w','na',3,'TF-RUM'),(1413,25,'A','w','na',3,'TF-RUM'),(1414,25,'B','m','na',3,'TF-RUM'),(1415,25,'C','a','na',3,'TF-RUM'),(1416,25,'D','a','na',3,'TF-RUM'),(1417,25,'E','m','na',3,'TF-RUM'),(1418,25,'F','w','na',3,'TF-RUM'),(1419,26,'A','w','na',3,'TF-RUM'),(1420,26,'B','m','na',3,'TF-RUM'),(1421,26,'C','a','na',3,'TF-RUM'),(1422,26,'D','a','na',3,'TF-RUM'),(1423,26,'E','m','na',3,'TF-RUM'),(1424,26,'F','w','na',3,'TF-RUM'),(1425,27,'A','w','na',3,'TF-RUM'),(1426,27,'B','m','na',3,'TF-RUM'),(1427,27,'C','a','na',3,'TF-RUM'),(1428,27,'D','a','na',3,'TF-RUM'),(1429,27,'E','m','na',3,'TF-RUM'),(1430,27,'F','w','na',3,'TF-RUM'),(1431,1,'A','w','na',2,'TF-MUR'),(1432,1,'B','m','na',2,'TF-MUR'),(1433,1,'C','a','na',2,'TF-MUR'),(1434,1,'D','a','na',2,'TF-MUR'),(1435,1,'E','m','na',2,'TF-MUR'),(1436,1,'F','w','na',2,'TF-MUR'),(1437,2,'A','w','na',2,'TF-MUR'),(1438,2,'B','m','na',2,'TF-MUR'),(1439,2,'C','a','na',2,'TF-MUR'),(1440,2,'D','a','na',2,'TF-MUR'),(1441,2,'E','m','na',2,'TF-MUR'),(1442,2,'F','w','na',2,'TF-MUR'),(1443,3,'A','w','na',2,'TF-MUR'),(1444,3,'B','m','na',2,'TF-MUR'),(1445,3,'C','a','na',2,'TF-MUR'),(1446,3,'D','a','na',2,'TF-MUR'),(1447,3,'E','m','na',2,'TF-MUR'),(1448,3,'F','w','na',2,'TF-MUR'),(1449,4,'A','w','na',2,'TF-MUR'),(1450,4,'B','m','na',2,'TF-MUR'),(1451,4,'C','a','na',2,'TF-MUR'),(1452,4,'D','a','na',2,'TF-MUR'),(1453,4,'E','m','na',2,'TF-MUR'),(1454,4,'F','w','na',2,'TF-MUR'),(1455,5,'A','w','na',2,'TF-MUR'),(1456,5,'B','m','na',2,'TF-MUR'),(1457,5,'C','a','na',2,'TF-MUR'),(1458,5,'D','a','na',2,'TF-MUR'),(1459,5,'E','m','na',2,'TF-MUR'),(1460,5,'F','w','na',2,'TF-MUR'),(1461,6,'A','w','na',3,'TF-MUR'),(1462,6,'B','m','na',3,'TF-MUR'),(1463,6,'C','a','na',3,'TF-MUR'),(1464,6,'D','a','na',3,'TF-MUR'),(1465,6,'E','m','na',3,'TF-MUR'),(1466,6,'F','w','na',3,'TF-MUR'),(1467,7,'A','w','na',3,'TF-MUR'),(1468,7,'B','m','na',3,'TF-MUR'),(1469,7,'C','a','na',3,'TF-MUR'),(1470,7,'D','a','na',3,'TF-MUR'),(1471,7,'E','m','na',3,'TF-MUR'),(1472,7,'F','w','na',3,'TF-MUR'),(1473,8,'A','w','na',3,'TF-MUR'),(1474,8,'B','m','na',3,'TF-MUR'),(1475,8,'C','a','na',3,'TF-MUR'),(1476,8,'D','a','na',3,'TF-MUR'),(1477,8,'E','m','na',3,'TF-MUR'),(1478,8,'F','w','na',3,'TF-MUR'),(1479,9,'A','w','na',3,'TF-MUR'),(1480,9,'B','m','na',3,'TF-MUR'),(1481,9,'C','a','na',3,'TF-MUR'),(1482,9,'D','a','na',3,'TF-MUR'),(1483,9,'E','m','na',3,'TF-MUR'),(1484,9,'F','w','na',3,'TF-MUR'),(1485,10,'A','w','na',3,'TF-MUR'),(1486,10,'B','m','na',3,'TF-MUR'),(1487,10,'C','a','na',3,'TF-MUR'),(1488,10,'D','a','na',3,'TF-MUR'),(1489,10,'E','m','na',3,'TF-MUR'),(1490,10,'F','w','na',3,'TF-MUR'),(1491,11,'A','w','na',3,'TF-MUR'),(1492,11,'B','m','na',3,'TF-MUR'),(1493,11,'C','a','na',3,'TF-MUR'),(1494,11,'D','a','na',3,'TF-MUR'),(1495,11,'E','m','na',3,'TF-MUR'),(1496,11,'F','w','na',3,'TF-MUR'),(1497,12,'A','w','na',3,'TF-MUR'),(1498,12,'B','m','na',3,'TF-MUR'),(1499,12,'C','a','na',3,'TF-MUR'),(1500,12,'D','a','na',3,'TF-MUR'),(1501,12,'E','m','na',3,'TF-MUR'),(1502,12,'F','w','na',3,'TF-MUR'),(1503,13,'A','w','na',3,'TF-MUR'),(1504,13,'B','m','na',3,'TF-MUR'),(1505,13,'C','a','na',3,'TF-MUR'),(1506,13,'D','a','na',3,'TF-MUR'),(1507,13,'E','m','na',3,'TF-MUR'),(1508,13,'F','w','na',3,'TF-MUR'),(1509,14,'A','w','na',3,'TF-MUR'),(1510,14,'B','m','na',3,'TF-MUR'),(1511,14,'C','a','na',3,'TF-MUR'),(1512,14,'D','a','na',3,'TF-MUR'),(1513,14,'E','m','na',3,'TF-MUR'),(1514,14,'F','w','na',3,'TF-MUR'),(1515,15,'A','w','na',3,'TF-MUR'),(1516,15,'B','m','na',3,'TF-MUR'),(1517,15,'C','a','na',3,'TF-MUR'),(1518,15,'D','a','na',3,'TF-MUR'),(1519,15,'E','m','na',3,'TF-MUR'),(1520,15,'F','w','na',3,'TF-MUR'),(1521,16,'A','w','na',3,'TF-MUR'),(1522,16,'B','m','na',3,'TF-MUR'),(1523,16,'C','a','na',3,'TF-MUR'),(1524,16,'D','a','na',3,'TF-MUR'),(1525,16,'E','m','na',3,'TF-MUR'),(1526,16,'F','w','na',3,'TF-MUR'),(1527,17,'A','w','na',3,'TF-MUR'),(1528,17,'B','m','na',3,'TF-MUR'),(1529,17,'C','a','na',3,'TF-MUR'),(1530,17,'D','a','na',3,'TF-MUR'),(1531,17,'E','m','na',3,'TF-MUR'),(1532,17,'F','w','na',3,'TF-MUR'),(1533,18,'A','w','na',3,'TF-MUR'),(1534,18,'B','m','na',3,'TF-MUR'),(1535,18,'C','a','na',3,'TF-MUR'),(1536,18,'D','a','na',3,'TF-MUR'),(1537,18,'E','m','na',3,'TF-MUR'),(1538,18,'F','w','na',3,'TF-MUR'),(1539,19,'A','w','na',3,'TF-MUR'),(1540,19,'B','m','na',3,'TF-MUR'),(1541,19,'C','a','na',3,'TF-MUR'),(1542,19,'D','a','na',3,'TF-MUR'),(1543,19,'E','m','na',3,'TF-MUR'),(1544,19,'F','w','na',3,'TF-MUR'),(1545,20,'A','w','na',3,'TF-MUR'),(1546,20,'B','m','na',3,'TF-MUR'),(1547,20,'C','a','na',3,'TF-MUR'),(1548,20,'D','a','na',3,'TF-MUR'),(1549,20,'E','m','na',3,'TF-MUR'),(1550,20,'F','w','na',3,'TF-MUR'),(1551,21,'A','w','na',3,'TF-MUR'),(1552,21,'B','m','na',3,'TF-MUR'),(1553,21,'C','a','na',3,'TF-MUR'),(1554,21,'D','a','na',3,'TF-MUR'),(1555,21,'E','m','na',3,'TF-MUR'),(1556,21,'F','w','na',3,'TF-MUR'),(1557,22,'A','w','na',3,'TF-MUR'),(1558,22,'B','m','na',3,'TF-MUR'),(1559,22,'C','a','na',3,'TF-MUR'),(1560,22,'D','a','na',3,'TF-MUR'),(1561,22,'E','m','na',3,'TF-MUR'),(1562,22,'F','w','na',3,'TF-MUR'),(1563,23,'A','w','na',3,'TF-MUR'),(1564,23,'B','m','na',3,'TF-MUR'),(1565,23,'C','a','na',3,'TF-MUR'),(1566,23,'D','a','na',3,'TF-MUR'),(1567,23,'E','m','na',3,'TF-MUR'),(1568,23,'F','w','na',3,'TF-MUR'),(1569,24,'A','w','na',3,'TF-MUR'),(1570,24,'B','m','na',3,'TF-MUR'),(1571,24,'C','a','na',3,'TF-MUR'),(1572,24,'D','a','na',3,'TF-MUR'),(1573,24,'E','m','na',3,'TF-MUR'),(1574,24,'F','w','na',3,'TF-MUR'),(1575,25,'A','w','na',3,'TF-MUR'),(1576,25,'B','m','na',3,'TF-MUR'),(1577,25,'C','a','na',3,'TF-MUR'),(1578,25,'D','a','na',3,'TF-MUR'),(1579,25,'E','m','na',3,'TF-MUR'),(1580,25,'F','w','na',3,'TF-MUR'),(1581,26,'A','w','na',3,'TF-MUR'),(1582,26,'B','m','na',3,'TF-MUR'),(1583,26,'C','a','na',3,'TF-MUR'),(1584,26,'D','a','na',3,'TF-MUR'),(1585,26,'E','m','na',3,'TF-MUR'),(1586,26,'F','w','na',3,'TF-MUR'),(1587,27,'A','w','na',3,'TF-MUR'),(1588,27,'B','m','na',3,'TF-MUR'),(1589,27,'C','a','na',3,'TF-MUR'),(1590,27,'D','a','na',3,'TF-MUR'),(1591,27,'E','m','na',3,'TF-MUR'),(1592,27,'F','w','na',3,'TF-MUR'),(1593,1,'A','w','na',2,'TF-LIN'),(1594,1,'B','m','na',2,'TF-LIN'),(1595,1,'C','a','na',2,'TF-LIN'),(1596,1,'D','a','na',2,'TF-LIN'),(1597,1,'E','m','na',2,'TF-LIN'),(1598,1,'F','w','na',2,'TF-LIN'),(1599,2,'A','w','na',2,'TF-LIN'),(1600,2,'B','m','na',2,'TF-LIN'),(1601,2,'C','a','na',2,'TF-LIN'),(1602,2,'D','a','na',2,'TF-LIN'),(1603,2,'E','m','na',2,'TF-LIN'),(1604,2,'F','w','na',2,'TF-LIN'),(1605,3,'A','w','na',2,'TF-LIN'),(1606,3,'B','m','na',2,'TF-LIN'),(1607,3,'C','a','na',2,'TF-LIN'),(1608,3,'D','a','na',2,'TF-LIN'),(1609,3,'E','m','na',2,'TF-LIN'),(1610,3,'F','w','na',2,'TF-LIN'),(1611,4,'A','w','na',2,'TF-LIN'),(1612,4,'B','m','na',2,'TF-LIN'),(1613,4,'C','a','na',2,'TF-LIN'),(1614,4,'D','a','na',2,'TF-LIN'),(1615,4,'E','m','na',2,'TF-LIN'),(1616,4,'F','w','na',2,'TF-LIN'),(1617,5,'A','w','na',2,'TF-LIN'),(1618,5,'B','m','na',2,'TF-LIN'),(1619,5,'C','a','na',2,'TF-LIN'),(1620,5,'D','a','na',2,'TF-LIN'),(1621,5,'E','m','na',2,'TF-LIN'),(1622,5,'F','w','na',2,'TF-LIN'),(1623,6,'A','w','na',3,'TF-LIN'),(1624,6,'B','m','na',3,'TF-LIN'),(1625,6,'C','a','na',3,'TF-LIN'),(1626,6,'D','a','na',3,'TF-LIN'),(1627,6,'E','m','na',3,'TF-LIN'),(1628,6,'F','w','na',3,'TF-LIN'),(1629,7,'A','w','na',3,'TF-LIN'),(1630,7,'B','m','na',3,'TF-LIN'),(1631,7,'C','a','na',3,'TF-LIN'),(1632,7,'D','a','na',3,'TF-LIN'),(1633,7,'E','m','na',3,'TF-LIN'),(1634,7,'F','w','na',3,'TF-LIN'),(1635,8,'A','w','na',3,'TF-LIN'),(1636,8,'B','m','na',3,'TF-LIN'),(1637,8,'C','a','na',3,'TF-LIN'),(1638,8,'D','a','na',3,'TF-LIN'),(1639,8,'E','m','na',3,'TF-LIN'),(1640,8,'F','w','na',3,'TF-LIN'),(1641,9,'A','w','na',3,'TF-LIN'),(1642,9,'B','m','na',3,'TF-LIN'),(1643,9,'C','a','na',3,'TF-LIN'),(1644,9,'D','a','na',3,'TF-LIN'),(1645,9,'E','m','na',3,'TF-LIN'),(1646,9,'F','w','na',3,'TF-LIN'),(1647,10,'A','w','na',3,'TF-LIN'),(1648,10,'B','m','na',3,'TF-LIN'),(1649,10,'C','a','na',3,'TF-LIN'),(1650,10,'D','a','na',3,'TF-LIN'),(1651,10,'E','m','na',3,'TF-LIN'),(1652,10,'F','w','na',3,'TF-LIN'),(1653,11,'A','w','na',3,'TF-LIN'),(1654,11,'B','m','na',3,'TF-LIN'),(1655,11,'C','a','na',3,'TF-LIN'),(1656,11,'D','a','na',3,'TF-LIN'),(1657,11,'E','m','na',3,'TF-LIN'),(1658,11,'F','w','na',3,'TF-LIN'),(1659,12,'A','w','na',3,'TF-LIN'),(1660,12,'B','m','na',3,'TF-LIN'),(1661,12,'C','a','na',3,'TF-LIN'),(1662,12,'D','a','na',3,'TF-LIN'),(1663,12,'E','m','na',3,'TF-LIN'),(1664,12,'F','w','na',3,'TF-LIN'),(1665,13,'A','w','na',3,'TF-LIN'),(1666,13,'B','m','na',3,'TF-LIN'),(1667,13,'C','a','na',3,'TF-LIN'),(1668,13,'D','a','na',3,'TF-LIN'),(1669,13,'E','m','na',3,'TF-LIN'),(1670,13,'F','w','na',3,'TF-LIN'),(1671,14,'A','w','na',3,'TF-LIN'),(1672,14,'B','m','na',3,'TF-LIN'),(1673,14,'C','a','na',3,'TF-LIN'),(1674,14,'D','a','na',3,'TF-LIN'),(1675,14,'E','m','na',3,'TF-LIN'),(1676,14,'F','w','na',3,'TF-LIN'),(1677,15,'A','w','na',3,'TF-LIN'),(1678,15,'B','m','na',3,'TF-LIN'),(1679,15,'C','a','na',3,'TF-LIN'),(1680,15,'D','a','na',3,'TF-LIN'),(1681,15,'E','m','na',3,'TF-LIN'),(1682,15,'F','w','na',3,'TF-LIN'),(1683,16,'A','w','na',3,'TF-LIN'),(1684,16,'B','m','na',3,'TF-LIN'),(1685,16,'C','a','na',3,'TF-LIN'),(1686,16,'D','a','na',3,'TF-LIN'),(1687,16,'E','m','na',3,'TF-LIN'),(1688,16,'F','w','na',3,'TF-LIN'),(1689,17,'A','w','na',3,'TF-LIN'),(1690,17,'B','m','na',3,'TF-LIN'),(1691,17,'C','a','na',3,'TF-LIN'),(1692,17,'D','a','na',3,'TF-LIN'),(1693,17,'E','m','na',3,'TF-LIN'),(1694,17,'F','w','na',3,'TF-LIN'),(1695,18,'A','w','na',3,'TF-LIN'),(1696,18,'B','m','na',3,'TF-LIN'),(1697,18,'C','a','na',3,'TF-LIN'),(1698,18,'D','a','na',3,'TF-LIN'),(1699,18,'E','m','na',3,'TF-LIN'),(1700,18,'F','w','na',3,'TF-LIN'),(1701,19,'A','w','na',3,'TF-LIN'),(1702,19,'B','m','na',3,'TF-LIN'),(1703,19,'C','a','na',3,'TF-LIN'),(1704,19,'D','a','na',3,'TF-LIN'),(1705,19,'E','m','na',3,'TF-LIN'),(1706,19,'F','w','na',3,'TF-LIN'),(1707,20,'A','w','na',3,'TF-LIN'),(1708,20,'B','m','na',3,'TF-LIN'),(1709,20,'C','a','na',3,'TF-LIN'),(1710,20,'D','a','na',3,'TF-LIN'),(1711,20,'E','m','na',3,'TF-LIN'),(1712,20,'F','w','na',3,'TF-LIN'),(1713,21,'A','w','na',3,'TF-LIN'),(1714,21,'B','m','na',3,'TF-LIN'),(1715,21,'C','a','na',3,'TF-LIN'),(1716,21,'D','a','na',3,'TF-LIN'),(1717,21,'E','m','na',3,'TF-LIN'),(1718,21,'F','w','na',3,'TF-LIN'),(1719,22,'A','w','na',3,'TF-LIN'),(1720,22,'B','m','na',3,'TF-LIN'),(1721,22,'C','a','na',3,'TF-LIN'),(1722,22,'D','a','na',3,'TF-LIN'),(1723,22,'E','m','na',3,'TF-LIN'),(1724,22,'F','w','na',3,'TF-LIN'),(1725,23,'A','w','na',3,'TF-LIN'),(1726,23,'B','m','na',3,'TF-LIN'),(1727,23,'C','a','na',3,'TF-LIN'),(1728,23,'D','a','na',3,'TF-LIN'),(1729,23,'E','m','na',3,'TF-LIN'),(1730,23,'F','w','na',3,'TF-LIN'),(1731,24,'A','w','na',3,'TF-LIN'),(1732,24,'B','m','na',3,'TF-LIN'),(1733,24,'C','a','na',3,'TF-LIN'),(1734,24,'D','a','na',3,'TF-LIN'),(1735,24,'E','m','na',3,'TF-LIN'),(1736,24,'F','w','na',3,'TF-LIN'),(1737,25,'A','w','na',3,'TF-LIN'),(1738,25,'B','m','na',3,'TF-LIN'),(1739,25,'C','a','na',3,'TF-LIN'),(1740,25,'D','a','na',3,'TF-LIN'),(1741,25,'E','m','na',3,'TF-LIN'),(1742,25,'F','w','na',3,'TF-LIN'),(1743,26,'A','w','na',3,'TF-LIN'),(1744,26,'B','m','na',3,'TF-LIN'),(1745,26,'C','a','na',3,'TF-LIN'),(1746,26,'D','a','na',3,'TF-LIN'),(1747,26,'E','m','na',3,'TF-LIN'),(1748,26,'F','w','na',3,'TF-LIN'),(1749,27,'A','w','na',3,'TF-LIN'),(1750,27,'B','m','na',3,'TF-LIN'),(1751,27,'C','a','na',3,'TF-LIN'),(1752,27,'D','a','na',3,'TF-LIN'),(1753,27,'E','m','na',3,'TF-LIN'),(1754,27,'F','w','na',3,'TF-LIN'),(1755,1,'A','w','na',2,'TF-WIN'),(1756,1,'B','m','na',2,'TF-WIN'),(1757,1,'C','a','na',2,'TF-WIN'),(1758,1,'D','a','na',2,'TF-WIN'),(1759,1,'E','m','na',2,'TF-WIN'),(1760,1,'F','w','na',2,'TF-WIN'),(1761,2,'A','w','na',2,'TF-WIN'),(1762,2,'B','m','na',2,'TF-WIN'),(1763,2,'C','a','na',2,'TF-WIN'),(1764,2,'D','a','na',2,'TF-WIN'),(1765,2,'E','m','na',2,'TF-WIN'),(1766,2,'F','w','na',2,'TF-WIN'),(1767,3,'A','w','na',2,'TF-WIN'),(1768,3,'B','m','na',2,'TF-WIN'),(1769,3,'C','a','na',2,'TF-WIN'),(1770,3,'D','a','na',2,'TF-WIN'),(1771,3,'E','m','na',2,'TF-WIN'),(1772,3,'F','w','na',2,'TF-WIN'),(1773,4,'A','w','na',2,'TF-WIN'),(1774,4,'B','m','na',2,'TF-WIN'),(1775,4,'C','a','na',2,'TF-WIN'),(1776,4,'D','a','na',2,'TF-WIN'),(1777,4,'E','m','na',2,'TF-WIN'),(1778,4,'F','w','na',2,'TF-WIN'),(1779,5,'A','w','na',2,'TF-WIN'),(1780,5,'B','m','na',2,'TF-WIN'),(1781,5,'C','a','na',2,'TF-WIN'),(1782,5,'D','a','na',2,'TF-WIN'),(1783,5,'E','m','na',2,'TF-WIN'),(1784,5,'F','w','na',2,'TF-WIN'),(1785,6,'A','w','na',3,'TF-WIN'),(1786,6,'B','m','na',3,'TF-WIN'),(1787,6,'C','a','na',3,'TF-WIN'),(1788,6,'D','a','na',3,'TF-WIN'),(1789,6,'E','m','na',3,'TF-WIN'),(1790,6,'F','w','na',3,'TF-WIN'),(1791,7,'A','w','na',3,'TF-WIN'),(1792,7,'B','m','na',3,'TF-WIN'),(1793,7,'C','a','na',3,'TF-WIN'),(1794,7,'D','a','na',3,'TF-WIN'),(1795,7,'E','m','na',3,'TF-WIN'),(1796,7,'F','w','na',3,'TF-WIN'),(1797,8,'A','w','na',3,'TF-WIN'),(1798,8,'B','m','na',3,'TF-WIN'),(1799,8,'C','a','na',3,'TF-WIN'),(1800,8,'D','a','na',3,'TF-WIN'),(1801,8,'E','m','na',3,'TF-WIN'),(1802,8,'F','w','na',3,'TF-WIN'),(1803,9,'A','w','na',3,'TF-WIN'),(1804,9,'B','m','na',3,'TF-WIN'),(1805,9,'C','a','na',3,'TF-WIN'),(1806,9,'D','a','na',3,'TF-WIN'),(1807,9,'E','m','na',3,'TF-WIN'),(1808,9,'F','w','na',3,'TF-WIN'),(1809,10,'A','w','na',3,'TF-WIN'),(1810,10,'B','m','na',3,'TF-WIN'),(1811,10,'C','a','na',3,'TF-WIN'),(1812,10,'D','a','na',3,'TF-WIN'),(1813,10,'E','m','na',3,'TF-WIN'),(1814,10,'F','w','na',3,'TF-WIN'),(1815,11,'A','w','na',3,'TF-WIN'),(1816,11,'B','m','na',3,'TF-WIN'),(1817,11,'C','a','na',3,'TF-WIN'),(1818,11,'D','a','na',3,'TF-WIN'),(1819,11,'E','m','na',3,'TF-WIN'),(1820,11,'F','w','na',3,'TF-WIN'),(1821,12,'A','w','na',3,'TF-WIN'),(1822,12,'B','m','na',3,'TF-WIN'),(1823,12,'C','a','na',3,'TF-WIN'),(1824,12,'D','a','na',3,'TF-WIN'),(1825,12,'E','m','na',3,'TF-WIN'),(1826,12,'F','w','na',3,'TF-WIN'),(1827,13,'A','w','na',3,'TF-WIN'),(1828,13,'B','m','na',3,'TF-WIN'),(1829,13,'C','a','na',3,'TF-WIN'),(1830,13,'D','a','na',3,'TF-WIN'),(1831,13,'E','m','na',3,'TF-WIN'),(1832,13,'F','w','na',3,'TF-WIN'),(1833,14,'A','w','na',3,'TF-WIN'),(1834,14,'B','m','na',3,'TF-WIN'),(1835,14,'C','a','na',3,'TF-WIN'),(1836,14,'D','a','na',3,'TF-WIN'),(1837,14,'E','m','na',3,'TF-WIN'),(1838,14,'F','w','na',3,'TF-WIN'),(1839,15,'A','w','na',3,'TF-WIN'),(1840,15,'B','m','na',3,'TF-WIN'),(1841,15,'C','a','na',3,'TF-WIN'),(1842,15,'D','a','na',3,'TF-WIN'),(1843,15,'E','m','na',3,'TF-WIN'),(1844,15,'F','w','na',3,'TF-WIN'),(1845,16,'A','w','na',3,'TF-WIN'),(1846,16,'B','m','na',3,'TF-WIN'),(1847,16,'C','a','na',3,'TF-WIN'),(1848,16,'D','a','na',3,'TF-WIN'),(1849,16,'E','m','na',3,'TF-WIN'),(1850,16,'F','w','na',3,'TF-WIN'),(1851,17,'A','w','na',3,'TF-WIN'),(1852,17,'B','m','na',3,'TF-WIN'),(1853,17,'C','a','na',3,'TF-WIN'),(1854,17,'D','a','na',3,'TF-WIN'),(1855,17,'E','m','na',3,'TF-WIN'),(1856,17,'F','w','na',3,'TF-WIN'),(1857,18,'A','w','na',3,'TF-WIN'),(1858,18,'B','m','na',3,'TF-WIN'),(1859,18,'C','a','na',3,'TF-WIN'),(1860,18,'D','a','na',3,'TF-WIN'),(1861,18,'E','m','na',3,'TF-WIN'),(1862,18,'F','w','na',3,'TF-WIN'),(1863,19,'A','w','na',3,'TF-WIN'),(1864,19,'B','m','na',3,'TF-WIN'),(1865,19,'C','a','na',3,'TF-WIN'),(1866,19,'D','a','na',3,'TF-WIN'),(1867,19,'E','m','na',3,'TF-WIN'),(1868,19,'F','w','na',3,'TF-WIN'),(1869,20,'A','w','na',3,'TF-WIN'),(1870,20,'B','m','na',3,'TF-WIN'),(1871,20,'C','a','na',3,'TF-WIN'),(1872,20,'D','a','na',3,'TF-WIN'),(1873,20,'E','m','na',3,'TF-WIN'),(1874,20,'F','w','na',3,'TF-WIN'),(1875,21,'A','w','na',3,'TF-WIN'),(1876,21,'B','m','na',3,'TF-WIN'),(1877,21,'C','a','na',3,'TF-WIN'),(1878,21,'D','a','na',3,'TF-WIN'),(1879,21,'E','m','na',3,'TF-WIN'),(1880,21,'F','w','na',3,'TF-WIN'),(1881,22,'A','w','na',3,'TF-WIN'),(1882,22,'B','m','na',3,'TF-WIN'),(1883,22,'C','a','na',3,'TF-WIN'),(1884,22,'D','a','na',3,'TF-WIN'),(1885,22,'E','m','na',3,'TF-WIN'),(1886,22,'F','w','na',3,'TF-WIN'),(1887,23,'A','w','na',3,'TF-WIN'),(1888,23,'B','m','na',3,'TF-WIN'),(1889,23,'C','a','na',3,'TF-WIN'),(1890,23,'D','a','na',3,'TF-WIN'),(1891,23,'E','m','na',3,'TF-WIN'),(1892,23,'F','w','na',3,'TF-WIN'),(1893,24,'A','w','na',3,'TF-WIN'),(1894,24,'B','m','na',3,'TF-WIN'),(1895,24,'C','a','na',3,'TF-WIN'),(1896,24,'D','a','na',3,'TF-WIN'),(1897,24,'E','m','na',3,'TF-WIN'),(1898,24,'F','w','na',3,'TF-WIN'),(1899,25,'A','w','na',3,'TF-WIN'),(1900,25,'B','m','na',3,'TF-WIN'),(1901,25,'C','a','na',3,'TF-WIN'),(1902,25,'D','a','na',3,'TF-WIN'),(1903,25,'E','m','na',3,'TF-WIN'),(1904,25,'F','w','na',3,'TF-WIN'),(1905,26,'A','w','na',3,'TF-WIN'),(1906,26,'B','m','na',3,'TF-WIN'),(1907,26,'C','a','na',3,'TF-WIN'),(1908,26,'D','a','na',3,'TF-WIN'),(1909,26,'E','m','na',3,'TF-WIN'),(1910,26,'F','w','na',3,'TF-WIN'),(1911,27,'A','w','na',3,'TF-WIN'),(1912,27,'B','m','na',3,'TF-WIN'),(1913,27,'C','a','na',3,'TF-WIN'),(1914,27,'D','a','na',3,'TF-WIN'),(1915,27,'E','m','na',3,'TF-WIN'),(1916,27,'F','w','na',3,'TF-WIN'),(1917,1,'A','w','na',2,'TF-BRA'),(1918,1,'B','m','na',2,'TF-BRA'),(1919,1,'C','a','na',2,'TF-BRA'),(1920,1,'D','a','na',2,'TF-BRA'),(1921,1,'E','m','na',2,'TF-BRA'),(1922,1,'F','w','na',2,'TF-BRA'),(1923,2,'A','w','na',2,'TF-BRA'),(1924,2,'B','m','na',2,'TF-BRA'),(1925,2,'C','a','na',2,'TF-BRA'),(1926,2,'D','a','na',2,'TF-BRA'),(1927,2,'E','m','na',2,'TF-BRA'),(1928,2,'F','w','na',2,'TF-BRA'),(1929,3,'A','w','na',2,'TF-BRA'),(1930,3,'B','m','na',2,'TF-BRA'),(1931,3,'C','a','na',2,'TF-BRA'),(1932,3,'D','a','na',2,'TF-BRA'),(1933,3,'E','m','na',2,'TF-BRA'),(1934,3,'F','w','na',2,'TF-BRA'),(1935,4,'A','w','na',2,'TF-BRA'),(1936,4,'B','m','na',2,'TF-BRA'),(1937,4,'C','a','na',2,'TF-BRA'),(1938,4,'D','a','na',2,'TF-BRA'),(1939,4,'E','m','na',2,'TF-BRA'),(1940,4,'F','w','na',2,'TF-BRA'),(1941,5,'A','w','na',2,'TF-BRA'),(1942,5,'B','m','na',2,'TF-BRA'),(1943,5,'C','a','na',2,'TF-BRA'),(1944,5,'D','a','na',2,'TF-BRA'),(1945,5,'E','m','na',2,'TF-BRA'),(1946,5,'F','w','na',2,'TF-BRA'),(1947,6,'A','w','na',3,'TF-BRA'),(1948,6,'B','m','na',3,'TF-BRA'),(1949,6,'C','a','na',3,'TF-BRA'),(1950,6,'D','a','na',3,'TF-BRA'),(1951,6,'E','m','na',3,'TF-BRA'),(1952,6,'F','w','na',3,'TF-BRA'),(1953,7,'A','w','na',3,'TF-BRA'),(1954,7,'B','m','na',3,'TF-BRA'),(1955,7,'C','a','na',3,'TF-BRA'),(1956,7,'D','a','na',3,'TF-BRA'),(1957,7,'E','m','na',3,'TF-BRA'),(1958,7,'F','w','na',3,'TF-BRA'),(1959,8,'A','w','na',3,'TF-BRA'),(1960,8,'B','m','na',3,'TF-BRA'),(1961,8,'C','a','na',3,'TF-BRA'),(1962,8,'D','a','na',3,'TF-BRA'),(1963,8,'E','m','na',3,'TF-BRA'),(1964,8,'F','w','na',3,'TF-BRA'),(1965,9,'A','w','na',3,'TF-BRA'),(1966,9,'B','m','na',3,'TF-BRA'),(1967,9,'C','a','na',3,'TF-BRA'),(1968,9,'D','a','na',3,'TF-BRA'),(1969,9,'E','m','na',3,'TF-BRA'),(1970,9,'F','w','na',3,'TF-BRA'),(1971,10,'A','w','na',3,'TF-BRA'),(1972,10,'B','m','na',3,'TF-BRA'),(1973,10,'C','a','na',3,'TF-BRA'),(1974,10,'D','a','na',3,'TF-BRA'),(1975,10,'E','m','na',3,'TF-BRA'),(1976,10,'F','w','na',3,'TF-BRA'),(1977,11,'A','w','na',3,'TF-BRA'),(1978,11,'B','m','na',3,'TF-BRA'),(1979,11,'C','a','na',3,'TF-BRA'),(1980,11,'D','a','na',3,'TF-BRA'),(1981,11,'E','m','na',3,'TF-BRA'),(1982,11,'F','w','na',3,'TF-BRA'),(1983,12,'A','w','na',3,'TF-BRA'),(1984,12,'B','m','na',3,'TF-BRA'),(1985,12,'C','a','na',3,'TF-BRA'),(1986,12,'D','a','na',3,'TF-BRA'),(1987,12,'E','m','na',3,'TF-BRA'),(1988,12,'F','w','na',3,'TF-BRA'),(1989,13,'A','w','na',3,'TF-BRA'),(1990,13,'B','m','na',3,'TF-BRA'),(1991,13,'C','a','na',3,'TF-BRA'),(1992,13,'D','a','na',3,'TF-BRA'),(1993,13,'E','m','na',3,'TF-BRA'),(1994,13,'F','w','na',3,'TF-BRA'),(1995,14,'A','w','na',3,'TF-BRA'),(1996,14,'B','m','na',3,'TF-BRA'),(1997,14,'C','a','na',3,'TF-BRA'),(1998,14,'D','a','na',3,'TF-BRA'),(1999,14,'E','m','na',3,'TF-BRA'),(2000,14,'F','w','na',3,'TF-BRA'),(2001,15,'A','w','na',3,'TF-BRA'),(2002,15,'B','m','na',3,'TF-BRA'),(2003,15,'C','a','na',3,'TF-BRA'),(2004,15,'D','a','na',3,'TF-BRA'),(2005,15,'E','m','na',3,'TF-BRA'),(2006,15,'F','w','na',3,'TF-BRA'),(2007,16,'A','w','na',3,'TF-BRA'),(2008,16,'B','m','na',3,'TF-BRA'),(2009,16,'C','a','na',3,'TF-BRA'),(2010,16,'D','a','na',3,'TF-BRA'),(2011,16,'E','m','na',3,'TF-BRA'),(2012,16,'F','w','na',3,'TF-BRA'),(2013,17,'A','w','na',3,'TF-BRA'),(2014,17,'B','m','na',3,'TF-BRA'),(2015,17,'C','a','na',3,'TF-BRA'),(2016,17,'D','a','na',3,'TF-BRA'),(2017,17,'E','m','na',3,'TF-BRA'),(2018,17,'F','w','na',3,'TF-BRA'),(2019,18,'A','w','na',3,'TF-BRA'),(2020,18,'B','m','na',3,'TF-BRA'),(2021,18,'C','a','na',3,'TF-BRA'),(2022,18,'D','a','na',3,'TF-BRA'),(2023,18,'E','m','na',3,'TF-BRA'),(2024,18,'F','w','na',3,'TF-BRA'),(2025,19,'A','w','na',3,'TF-BRA'),(2026,19,'B','m','na',3,'TF-BRA'),(2027,19,'C','a','na',3,'TF-BRA'),(2028,19,'D','a','na',3,'TF-BRA'),(2029,19,'E','m','na',3,'TF-BRA'),(2030,19,'F','w','na',3,'TF-BRA'),(2031,20,'A','w','na',3,'TF-BRA'),(2032,20,'B','m','na',3,'TF-BRA'),(2033,20,'C','a','na',3,'TF-BRA'),(2034,20,'D','a','na',3,'TF-BRA'),(2035,20,'E','m','na',3,'TF-BRA'),(2036,20,'F','w','na',3,'TF-BRA'),(2037,21,'A','w','na',3,'TF-BRA'),(2038,21,'B','m','na',3,'TF-BRA'),(2039,21,'C','a','na',3,'TF-BRA'),(2040,21,'D','a','na',3,'TF-BRA'),(2041,21,'E','m','na',3,'TF-BRA'),(2042,21,'F','w','na',3,'TF-BRA'),(2043,22,'A','w','na',3,'TF-BRA'),(2044,22,'B','m','na',3,'TF-BRA'),(2045,22,'C','a','na',3,'TF-BRA'),(2046,22,'D','a','na',3,'TF-BRA'),(2047,22,'E','m','na',3,'TF-BRA'),(2048,22,'F','w','na',3,'TF-BRA'),(2049,23,'A','w','na',3,'TF-BRA'),(2050,23,'B','m','na',3,'TF-BRA'),(2051,23,'C','a','na',3,'TF-BRA'),(2052,23,'D','a','na',3,'TF-BRA'),(2053,23,'E','m','na',3,'TF-BRA'),(2054,23,'F','w','na',3,'TF-BRA'),(2055,24,'A','w','na',3,'TF-BRA'),(2056,24,'B','m','na',3,'TF-BRA'),(2057,24,'C','a','na',3,'TF-BRA'),(2058,24,'D','a','na',3,'TF-BRA'),(2059,24,'E','m','na',3,'TF-BRA'),(2060,24,'F','w','na',3,'TF-BRA'),(2061,25,'A','w','na',3,'TF-BRA'),(2062,25,'B','m','na',3,'TF-BRA'),(2063,25,'C','a','na',3,'TF-BRA'),(2064,25,'D','a','na',3,'TF-BRA'),(2065,25,'E','m','na',3,'TF-BRA'),(2066,25,'F','w','na',3,'TF-BRA'),(2067,26,'A','w','na',3,'TF-BRA'),(2068,26,'B','m','na',3,'TF-BRA'),(2069,26,'C','a','na',3,'TF-BRA'),(2070,26,'D','a','na',3,'TF-BRA'),(2071,26,'E','m','na',3,'TF-BRA'),(2072,26,'F','w','na',3,'TF-BRA'),(2073,27,'A','w','na',3,'TF-BRA'),(2074,27,'B','m','na',3,'TF-BRA'),(2075,27,'C','a','na',3,'TF-BRA'),(2076,27,'D','a','na',3,'TF-BRA'),(2077,27,'E','m','na',3,'TF-BRA'),(2078,27,'F','w','na',3,'TF-BRA'),(2079,1,'A','w','na',2,'TF-HUX'),(2080,1,'B','m','na',2,'TF-HUX'),(2081,1,'C','a','na',2,'TF-HUX'),(2082,1,'D','a','na',2,'TF-HUX'),(2083,1,'E','m','na',2,'TF-HUX'),(2084,1,'F','w','na',2,'TF-HUX'),(2085,2,'A','w','na',2,'TF-HUX'),(2086,2,'B','m','na',2,'TF-HUX'),(2087,2,'C','a','na',2,'TF-HUX'),(2088,2,'D','a','na',2,'TF-HUX'),(2089,2,'E','m','na',2,'TF-HUX'),(2090,2,'F','w','na',2,'TF-HUX'),(2091,3,'A','w','na',2,'TF-HUX'),(2092,3,'B','m','na',2,'TF-HUX'),(2093,3,'C','a','na',2,'TF-HUX'),(2094,3,'D','a','na',2,'TF-HUX'),(2095,3,'E','m','na',2,'TF-HUX'),(2096,3,'F','w','na',2,'TF-HUX'),(2097,4,'A','w','na',2,'TF-HUX'),(2098,4,'B','m','na',2,'TF-HUX'),(2099,4,'C','a','na',2,'TF-HUX'),(2100,4,'D','a','na',2,'TF-HUX'),(2101,4,'E','m','na',2,'TF-HUX'),(2102,4,'F','w','na',2,'TF-HUX'),(2103,5,'A','w','na',2,'TF-HUX'),(2104,5,'B','m','na',2,'TF-HUX'),(2105,5,'C','a','na',2,'TF-HUX'),(2106,5,'D','a','na',2,'TF-HUX'),(2107,5,'E','m','na',2,'TF-HUX'),(2108,5,'F','w','na',2,'TF-HUX'),(2109,6,'A','w','na',3,'TF-HUX'),(2110,6,'B','m','na',3,'TF-HUX'),(2111,6,'C','a','na',3,'TF-HUX'),(2112,6,'D','a','na',3,'TF-HUX'),(2113,6,'E','m','na',3,'TF-HUX'),(2114,6,'F','w','na',3,'TF-HUX'),(2115,7,'A','w','na',3,'TF-HUX'),(2116,7,'B','m','na',3,'TF-HUX'),(2117,7,'C','a','na',3,'TF-HUX'),(2118,7,'D','a','na',3,'TF-HUX'),(2119,7,'E','m','na',3,'TF-HUX'),(2120,7,'F','w','na',3,'TF-HUX'),(2121,8,'A','w','na',3,'TF-HUX'),(2122,8,'B','m','na',3,'TF-HUX'),(2123,8,'C','a','na',3,'TF-HUX'),(2124,8,'D','a','na',3,'TF-HUX'),(2125,8,'E','m','na',3,'TF-HUX'),(2126,8,'F','w','na',3,'TF-HUX'),(2127,9,'A','w','na',3,'TF-HUX'),(2128,9,'B','m','na',3,'TF-HUX'),(2129,9,'C','a','na',3,'TF-HUX'),(2130,9,'D','a','na',3,'TF-HUX'),(2131,9,'E','m','na',3,'TF-HUX'),(2132,9,'F','w','na',3,'TF-HUX'),(2133,10,'A','w','na',3,'TF-HUX'),(2134,10,'B','m','na',3,'TF-HUX'),(2135,10,'C','a','na',3,'TF-HUX'),(2136,10,'D','a','na',3,'TF-HUX'),(2137,10,'E','m','na',3,'TF-HUX'),(2138,10,'F','w','na',3,'TF-HUX'),(2139,11,'A','w','na',3,'TF-HUX'),(2140,11,'B','m','na',3,'TF-HUX'),(2141,11,'C','a','na',3,'TF-HUX'),(2142,11,'D','a','na',3,'TF-HUX'),(2143,11,'E','m','na',3,'TF-HUX'),(2144,11,'F','w','na',3,'TF-HUX'),(2145,12,'A','w','na',3,'TF-HUX'),(2146,12,'B','m','na',3,'TF-HUX'),(2147,12,'C','a','na',3,'TF-HUX'),(2148,12,'D','a','na',3,'TF-HUX'),(2149,12,'E','m','na',3,'TF-HUX'),(2150,12,'F','w','na',3,'TF-HUX'),(2151,13,'A','w','na',3,'TF-HUX'),(2152,13,'B','m','na',3,'TF-HUX'),(2153,13,'C','a','na',3,'TF-HUX'),(2154,13,'D','a','na',3,'TF-HUX'),(2155,13,'E','m','na',3,'TF-HUX'),(2156,13,'F','w','na',3,'TF-HUX'),(2157,14,'A','w','na',3,'TF-HUX'),(2158,14,'B','m','na',3,'TF-HUX'),(2159,14,'C','a','na',3,'TF-HUX'),(2160,14,'D','a','na',3,'TF-HUX'),(2161,14,'E','m','na',3,'TF-HUX'),(2162,14,'F','w','na',3,'TF-HUX'),(2163,15,'A','w','na',3,'TF-HUX'),(2164,15,'B','m','na',3,'TF-HUX'),(2165,15,'C','a','na',3,'TF-HUX'),(2166,15,'D','a','na',3,'TF-HUX'),(2167,15,'E','m','na',3,'TF-HUX'),(2168,15,'F','w','na',3,'TF-HUX'),(2169,16,'A','w','na',3,'TF-HUX'),(2170,16,'B','m','na',3,'TF-HUX'),(2171,16,'C','a','na',3,'TF-HUX'),(2172,16,'D','a','na',3,'TF-HUX'),(2173,16,'E','m','na',3,'TF-HUX'),(2174,16,'F','w','na',3,'TF-HUX'),(2175,17,'A','w','na',3,'TF-HUX'),(2176,17,'B','m','na',3,'TF-HUX'),(2177,17,'C','a','na',3,'TF-HUX'),(2178,17,'D','a','na',3,'TF-HUX'),(2179,17,'E','m','na',3,'TF-HUX'),(2180,17,'F','w','na',3,'TF-HUX'),(2181,18,'A','w','na',3,'TF-HUX'),(2182,18,'B','m','na',3,'TF-HUX'),(2183,18,'C','a','na',3,'TF-HUX'),(2184,18,'D','a','na',3,'TF-HUX'),(2185,18,'E','m','na',3,'TF-HUX'),(2186,18,'F','w','na',3,'TF-HUX'),(2187,19,'A','w','na',3,'TF-HUX'),(2188,19,'B','m','na',3,'TF-HUX'),(2189,19,'C','a','na',3,'TF-HUX'),(2190,19,'D','a','na',3,'TF-HUX'),(2191,19,'E','m','na',3,'TF-HUX'),(2192,19,'F','w','na',3,'TF-HUX'),(2193,20,'A','w','na',3,'TF-HUX'),(2194,20,'B','m','na',3,'TF-HUX'),(2195,20,'C','a','na',3,'TF-HUX'),(2196,20,'D','a','na',3,'TF-HUX'),(2197,20,'E','m','na',3,'TF-HUX'),(2198,20,'F','w','na',3,'TF-HUX'),(2199,21,'A','w','na',3,'TF-HUX'),(2200,21,'B','m','na',3,'TF-HUX'),(2201,21,'C','a','na',3,'TF-HUX'),(2202,21,'D','a','na',3,'TF-HUX'),(2203,21,'E','m','na',3,'TF-HUX'),(2204,21,'F','w','na',3,'TF-HUX'),(2205,22,'A','w','na',3,'TF-HUX'),(2206,22,'B','m','na',3,'TF-HUX'),(2207,22,'C','a','na',3,'TF-HUX'),(2208,22,'D','a','na',3,'TF-HUX'),(2209,22,'E','m','na',3,'TF-HUX'),(2210,22,'F','w','na',3,'TF-HUX'),(2211,23,'A','w','na',3,'TF-HUX'),(2212,23,'B','m','na',3,'TF-HUX'),(2213,23,'C','a','na',3,'TF-HUX'),(2214,23,'D','a','na',3,'TF-HUX'),(2215,23,'E','m','na',3,'TF-HUX'),(2216,23,'F','w','na',3,'TF-HUX'),(2217,24,'A','w','na',3,'TF-HUX'),(2218,24,'B','m','na',3,'TF-HUX'),(2219,24,'C','a','na',3,'TF-HUX'),(2220,24,'D','a','na',3,'TF-HUX'),(2221,24,'E','m','na',3,'TF-HUX'),(2222,24,'F','w','na',3,'TF-HUX'),(2223,25,'A','w','na',3,'TF-HUX'),(2224,25,'B','m','na',3,'TF-HUX'),(2225,25,'C','a','na',3,'TF-HUX'),(2226,25,'D','a','na',3,'TF-HUX'),(2227,25,'E','m','na',3,'TF-HUX'),(2228,25,'F','w','na',3,'TF-HUX'),(2229,26,'A','w','na',3,'TF-HUX'),(2230,26,'B','m','na',3,'TF-HUX'),(2231,26,'C','a','na',3,'TF-HUX'),(2232,26,'D','a','na',3,'TF-HUX'),(2233,26,'E','m','na',3,'TF-HUX'),(2234,26,'F','w','na',3,'TF-HUX'),(2235,27,'A','w','na',3,'TF-HUX'),(2236,27,'B','m','na',3,'TF-HUX'),(2237,27,'C','a','na',3,'TF-HUX'),(2238,27,'D','a','na',3,'TF-HUX'),(2239,27,'E','m','na',3,'TF-HUX'),(2240,27,'F','w','na',3,'TF-HUX'),(2241,1,'A','w','na',2,'TF-NEI'),(2242,1,'B','a','na',2,'TF-NEI'),(2243,1,'C','a','na',2,'TF-NEI'),(2244,1,'D','a','na',2,'TF-NEI'),(2245,1,'E','a','na',2,'TF-NEI'),(2246,1,'F','w','na',2,'TF-NEI'),(2247,2,'A','w','na',2,'TF-NEI'),(2248,2,'B','a','na',2,'TF-NEI'),(2249,2,'C','a','na',2,'TF-NEI'),(2250,2,'D','a','na',2,'TF-NEI'),(2251,2,'E','a','na',2,'TF-NEI'),(2252,2,'F','w','na',2,'TF-NEI'),(2253,3,'A','w','na',2,'TF-NEI'),(2254,3,'B','a','na',2,'TF-NEI'),(2255,3,'C','a','na',2,'TF-NEI'),(2256,3,'D','a','na',2,'TF-NEI'),(2257,3,'E','a','na',2,'TF-NEI'),(2258,3,'F','w','na',2,'TF-NEI'),(2259,4,'A','w','na',2,'TF-NEI'),(2260,4,'B','a','na',2,'TF-NEI'),(2261,4,'C','a','na',2,'TF-NEI'),(2262,4,'D','a','na',2,'TF-NEI'),(2263,4,'E','a','na',2,'TF-NEI'),(2264,4,'F','w','na',2,'TF-NEI'),(2265,5,'A','w','na',2,'TF-NEI'),(2266,5,'B','a','na',2,'TF-NEI'),(2267,5,'C','a','na',2,'TF-NEI'),(2268,5,'D','a','na',2,'TF-NEI'),(2269,5,'E','a','na',2,'TF-NEI'),(2270,5,'F','w','na',2,'TF-NEI'),(2271,6,'A','w','na',2,'TF-NEI'),(2272,6,'B','a','na',2,'TF-NEI'),(2273,6,'C','a','na',2,'TF-NEI'),(2274,6,'D','a','na',2,'TF-NEI'),(2275,6,'E','a','na',2,'TF-NEI'),(2276,6,'F','w','na',2,'TF-NEI'),(2277,7,'A','w','na',2,'TF-NEI'),(2278,7,'B','a','na',2,'TF-NEI'),(2279,7,'C','a','na',2,'TF-NEI'),(2280,7,'D','a','na',2,'TF-NEI'),(2281,7,'E','a','na',2,'TF-NEI'),(2282,7,'F','w','na',2,'TF-NEI'),(2283,8,'A','w','na',3,'TF-NEI'),(2284,8,'B','a','na',3,'TF-NEI'),(2285,8,'C','a','na',3,'TF-NEI'),(2286,8,'D','w','na',3,'TF-NEI'),(2287,9,'A','w','na',3,'TF-NEI'),(2288,9,'B','a','na',3,'TF-NEI'),(2289,9,'C','a','na',3,'TF-NEI'),(2290,9,'D','m','na',3,'TF-NEI'),(2291,9,'E','m','na',3,'TF-NEI'),(2292,9,'F','a','na',3,'TF-NEI'),(2293,9,'G','a','na',3,'TF-NEI'),(2294,9,'H','w','na',3,'TF-NEI'),(2295,10,'A','w','na',3,'TF-NEI'),(2296,10,'B','a','na',3,'TF-NEI'),(2297,10,'C','a','na',3,'TF-NEI'),(2298,10,'D','m','na',3,'TF-NEI'),(2299,10,'E','m','na',3,'TF-NEI'),(2300,10,'F','a','na',3,'TF-NEI'),(2301,10,'G','a','na',3,'TF-NEI'),(2302,10,'H','w','na',3,'TF-NEI'),(2303,11,'A','w','na',3,'TF-NEI'),(2304,11,'B','a','na',3,'TF-NEI'),(2305,11,'C','a','na',3,'TF-NEI'),(2306,11,'D','m','na',3,'TF-NEI'),(2307,11,'E','m','na',3,'TF-NEI'),(2308,11,'F','a','na',3,'TF-NEI'),(2309,11,'G','a','na',3,'TF-NEI'),(2310,11,'H','w','na',3,'TF-NEI'),(2311,12,'A','w','na',3,'TF-NEI'),(2312,12,'B','a','na',3,'TF-NEI'),(2313,12,'C','a','na',3,'TF-NEI'),(2314,12,'D','m','na',3,'TF-NEI'),(2315,12,'E','m','na',3,'TF-NEI'),(2316,12,'F','a','na',3,'TF-NEI'),(2317,12,'G','a','na',3,'TF-NEI'),(2318,12,'H','w','na',3,'TF-NEI'),(2319,13,'A','w','na',3,'TF-NEI'),(2320,13,'B','a','na',3,'TF-NEI'),(2321,13,'C','a','na',3,'TF-NEI'),(2322,13,'D','m','na',3,'TF-NEI'),(2323,13,'E','m','na',3,'TF-NEI'),(2324,13,'F','a','na',3,'TF-NEI'),(2325,13,'G','a','na',3,'TF-NEI'),(2326,13,'H','w','na',3,'TF-NEI'),(2327,14,'A','w','na',3,'TF-NEI'),(2328,14,'B','a','na',3,'TF-NEI'),(2329,14,'C','a','na',3,'TF-NEI'),(2330,14,'D','m','na',3,'TF-NEI'),(2331,14,'E','m','na',3,'TF-NEI'),(2332,14,'F','a','na',3,'TF-NEI'),(2333,14,'G','a','na',3,'TF-NEI'),(2334,14,'H','w','na',3,'TF-NEI'),(2335,15,'A','w','na',3,'TF-NEI'),(2336,15,'B','a','na',3,'TF-NEI'),(2337,15,'C','a','na',3,'TF-NEI'),(2338,15,'D','m','na',3,'TF-NEI'),(2339,15,'E','m','na',3,'TF-NEI'),(2340,15,'F','a','na',3,'TF-NEI'),(2341,15,'G','a','na',3,'TF-NEI'),(2342,15,'H','w','na',3,'TF-NEI'),(2343,16,'A','w','na',3,'TF-NEI'),(2344,16,'B','a','na',3,'TF-NEI'),(2345,16,'C','a','na',3,'TF-NEI'),(2346,16,'D','m','na',3,'TF-NEI'),(2347,16,'E','m','na',3,'TF-NEI'),(2348,16,'F','a','na',3,'TF-NEI'),(2349,16,'G','a','na',3,'TF-NEI'),(2350,16,'H','w','na',3,'TF-NEI'),(2351,17,'A','w','na',3,'TF-NEI'),(2352,17,'B','a','na',3,'TF-NEI'),(2353,17,'C','a','na',3,'TF-NEI'),(2354,17,'D','m','na',3,'TF-NEI'),(2355,17,'E','m','na',3,'TF-NEI'),(2356,17,'F','a','na',3,'TF-NEI'),(2357,17,'G','a','na',3,'TF-NEI'),(2358,17,'H','w','na',3,'TF-NEI'),(2359,18,'A','w','na',3,'TF-NEI'),(2360,18,'B','a','na',3,'TF-NEI'),(2361,18,'C','a','na',3,'TF-NEI'),(2362,18,'D','m','na',3,'TF-NEI'),(2363,18,'E','m','na',3,'TF-NEI'),(2364,18,'F','a','na',3,'TF-NEI'),(2365,18,'G','a','na',3,'TF-NEI'),(2366,18,'H','w','na',3,'TF-NEI'),(2367,19,'A','w','na',3,'TF-NEI'),(2368,19,'B','a','na',3,'TF-NEI'),(2369,19,'C','a','na',3,'TF-NEI'),(2370,19,'D','m','na',3,'TF-NEI'),(2371,19,'E','m','na',3,'TF-NEI'),(2372,19,'F','a','na',3,'TF-NEI'),(2373,19,'G','a','na',3,'TF-NEI'),(2374,19,'H','w','na',3,'TF-NEI'),(2375,20,'A','w','na',3,'TF-NEI'),(2376,20,'B','a','na',3,'TF-NEI'),(2377,20,'C','a','na',3,'TF-NEI'),(2378,20,'D','m','na',3,'TF-NEI'),(2379,20,'E','m','na',3,'TF-NEI'),(2380,20,'F','a','na',3,'TF-NEI'),(2381,20,'G','a','na',3,'TF-NEI'),(2382,20,'H','w','na',3,'TF-NEI'),(2383,21,'A','w','na',3,'TF-NEI'),(2384,21,'B','a','na',3,'TF-NEI'),(2385,21,'C','a','na',3,'TF-NEI'),(2386,21,'D','m','na',3,'TF-NEI'),(2387,21,'E','m','na',3,'TF-NEI'),(2388,21,'F','a','na',3,'TF-NEI'),(2389,21,'G','a','na',3,'TF-NEI'),(2390,21,'H','w','na',3,'TF-NEI'),(2391,22,'A','w','na',3,'TF-NEI'),(2392,22,'B','a','na',3,'TF-NEI'),(2393,22,'C','a','na',3,'TF-NEI'),(2394,22,'D','m','na',3,'TF-NEI'),(2395,22,'E','m','na',3,'TF-NEI'),(2396,22,'F','a','na',3,'TF-NEI'),(2397,22,'G','a','na',3,'TF-NEI'),(2398,22,'H','w','na',3,'TF-NEI'),(2399,23,'A','w','na',3,'TF-NEI'),(2400,23,'B','a','na',3,'TF-NEI'),(2401,23,'C','a','na',3,'TF-NEI'),(2402,23,'D','m','na',3,'TF-NEI'),(2403,23,'E','m','na',3,'TF-NEI'),(2404,23,'F','a','na',3,'TF-NEI'),(2405,23,'G','a','na',3,'TF-NEI'),(2406,23,'H','w','na',3,'TF-NEI'),(2407,24,'A','w','na',3,'TF-NEI'),(2408,24,'B','a','na',3,'TF-NEI'),(2409,24,'C','a','na',3,'TF-NEI'),(2410,24,'D','m','na',3,'TF-NEI'),(2411,24,'E','m','na',3,'TF-NEI'),(2412,24,'F','a','na',3,'TF-NEI'),(2413,24,'G','a','na',3,'TF-NEI'),(2414,24,'H','w','na',3,'TF-NEI'),(2415,25,'A','w','na',3,'TF-NEI'),(2416,25,'B','a','na',3,'TF-NEI'),(2417,25,'C','a','na',3,'TF-NEI'),(2418,25,'D','m','na',3,'TF-NEI'),(2419,25,'E','m','na',3,'TF-NEI'),(2420,25,'F','a','na',3,'TF-NEI'),(2421,25,'G','a','na',3,'TF-NEI'),(2422,25,'H','w','na',3,'TF-NEI'),(2423,26,'A','w','na',3,'TF-NEI'),(2424,26,'B','a','na',3,'TF-NEI'),(2425,26,'C','a','na',3,'TF-NEI'),(2426,26,'D','m','na',3,'TF-NEI'),(2427,26,'E','m','na',3,'TF-NEI'),(2428,26,'F','a','na',3,'TF-NEI'),(2429,26,'G','a','na',3,'TF-NEI'),(2430,26,'H','w','na',3,'TF-NEI'),(2431,27,'A','w','na',3,'TF-NEI'),(2432,27,'B','a','na',3,'TF-NEI'),(2433,27,'C','a','na',3,'TF-NEI'),(2434,27,'D','m','na',3,'TF-NEI'),(2435,27,'E','m','na',3,'TF-NEI'),(2436,27,'F','a','na',3,'TF-NEI'),(2437,27,'G','a','na',3,'TF-NEI'),(2438,27,'H','w','na',3,'TF-NEI'),(2439,28,'A','w','na',3,'TF-NEI'),(2440,28,'B','a','na',3,'TF-NEI'),(2441,28,'C','a','na',3,'TF-NEI'),(2442,28,'D','m','na',3,'TF-NEI'),(2443,28,'E','m','na',3,'TF-NEI'),(2444,28,'F','a','na',3,'TF-NEI'),(2445,28,'G','a','na',3,'TF-NEI'),(2446,28,'H','w','na',3,'TF-NEI'),(2447,29,'A','w','na',3,'TF-NEI'),(2448,29,'B','a','na',3,'TF-NEI'),(2449,29,'C','a','na',3,'TF-NEI'),(2450,29,'D','m','na',3,'TF-NEI'),(2451,29,'E','m','na',3,'TF-NEI'),(2452,29,'F','a','na',3,'TF-NEI'),(2453,29,'G','a','na',3,'TF-NEI'),(2454,29,'H','w','na',3,'TF-NEI'),(2455,30,'A','w','na',3,'TF-NEI'),(2456,30,'B','a','na',3,'TF-NEI'),(2457,30,'C','a','na',3,'TF-NEI'),(2458,30,'D','m','na',3,'TF-NEI'),(2459,30,'E','m','na',3,'TF-NEI'),(2460,30,'F','a','na',3,'TF-NEI'),(2461,30,'G','a','na',3,'TF-NEI'),(2462,30,'H','w','na',3,'TF-NEI'),(2463,1,'A','w','na',1,'TF-BUS'),(2464,1,'B','a','na',1,'TF-BUS'),(2465,1,'C','a','na',1,'TF-BUS'),(2466,1,'D','w','na',1,'TF-BUS'),(2467,2,'A','w','na',1,'TF-BUS'),(2468,2,'B','a','na',1,'TF-BUS'),(2469,2,'C','a','na',1,'TF-BUS'),(2470,2,'D','w','na',1,'TF-BUS'),(2471,3,'A','w','na',1,'TF-BUS'),(2472,3,'B','a','na',1,'TF-BUS'),(2473,3,'C','a','na',1,'TF-BUS'),(2474,3,'D','w','na',1,'TF-BUS'),(2475,4,'A','w','na',2,'TF-BUS'),(2476,4,'B','a','na',2,'TF-BUS'),(2477,4,'C','a','na',2,'TF-BUS'),(2478,4,'D','m','na',2,'TF-BUS'),(2479,4,'E','a','na',2,'TF-BUS'),(2480,4,'F','a','na',2,'TF-BUS'),(2481,4,'G','w','na',2,'TF-BUS'),(2482,5,'A','w','na',2,'TF-BUS'),(2483,5,'B','a','na',2,'TF-BUS'),(2484,5,'C','a','na',2,'TF-BUS'),(2485,5,'D','m','na',2,'TF-BUS'),(2486,5,'E','a','na',2,'TF-BUS'),(2487,5,'F','a','na',2,'TF-BUS'),(2488,5,'G','w','na',2,'TF-BUS'),(2489,6,'A','w','na',2,'TF-BUS'),(2490,6,'B','a','na',2,'TF-BUS'),(2491,6,'C','a','na',2,'TF-BUS'),(2492,6,'D','m','na',2,'TF-BUS'),(2493,6,'E','a','na',2,'TF-BUS'),(2494,6,'F','a','na',2,'TF-BUS'),(2495,6,'G','w','na',2,'TF-BUS'),(2496,7,'A','w','na',2,'TF-BUS'),(2497,7,'B','a','na',2,'TF-BUS'),(2498,7,'C','a','na',2,'TF-BUS'),(2499,7,'D','m','na',2,'TF-BUS'),(2500,7,'E','a','na',2,'TF-BUS'),(2501,7,'F','a','na',2,'TF-BUS'),(2502,7,'G','w','na',2,'TF-BUS'),(2503,8,'A','w','na',2,'TF-BUS'),(2504,8,'B','a','na',2,'TF-BUS'),(2505,8,'C','a','na',2,'TF-BUS'),(2506,8,'D','m','na',2,'TF-BUS'),(2507,8,'E','a','na',2,'TF-BUS'),(2508,8,'F','a','na',2,'TF-BUS'),(2509,8,'G','w','na',2,'TF-BUS'),(2510,9,'A','w','na',2,'TF-BUS'),(2511,9,'B','a','na',2,'TF-BUS'),(2512,9,'C','a','na',2,'TF-BUS'),(2513,9,'D','m','na',2,'TF-BUS'),(2514,9,'E','a','na',2,'TF-BUS'),(2515,9,'F','a','na',2,'TF-BUS'),(2516,9,'G','w','na',2,'TF-BUS'),(2517,10,'A','w','na',2,'TF-BUS'),(2518,10,'B','a','na',2,'TF-BUS'),(2519,10,'C','a','na',2,'TF-BUS'),(2520,10,'D','m','na',2,'TF-BUS'),(2521,10,'E','a','na',2,'TF-BUS'),(2522,10,'F','a','na',2,'TF-BUS'),(2523,10,'G','w','na',2,'TF-BUS'),(2524,11,'A','w','na',3,'TF-BUS'),(2525,11,'B','a','na',3,'TF-BUS'),(2526,11,'C','a','na',3,'TF-BUS'),(2527,11,'D','m','na',3,'TF-BUS'),(2528,11,'E','m','na',3,'TF-BUS'),(2529,11,'F','m','na',3,'TF-BUS'),(2530,11,'G','a','na',3,'TF-BUS'),(2531,11,'H','a','na',3,'TF-BUS'),(2532,11,'I','w','na',3,'TF-BUS'),(2533,12,'A','w','na',3,'TF-BUS'),(2534,12,'B','a','na',3,'TF-BUS'),(2535,12,'C','a','na',3,'TF-BUS'),(2536,12,'D','m','na',3,'TF-BUS'),(2537,12,'E','m','na',3,'TF-BUS'),(2538,12,'F','m','na',3,'TF-BUS'),(2539,12,'G','a','na',3,'TF-BUS'),(2540,12,'H','a','na',3,'TF-BUS'),(2541,12,'I','w','na',3,'TF-BUS'),(2542,13,'A','w','na',3,'TF-BUS'),(2543,13,'B','a','na',3,'TF-BUS'),(2544,13,'C','a','na',3,'TF-BUS'),(2545,13,'D','m','na',3,'TF-BUS'),(2546,13,'E','m','na',3,'TF-BUS'),(2547,13,'F','m','na',3,'TF-BUS'),(2548,13,'G','a','na',3,'TF-BUS'),(2549,13,'H','a','na',3,'TF-BUS'),(2550,13,'I','w','na',3,'TF-BUS'),(2551,14,'A','w','na',3,'TF-BUS'),(2552,14,'B','a','na',3,'TF-BUS'),(2553,14,'C','a','na',3,'TF-BUS'),(2554,14,'D','m','na',3,'TF-BUS'),(2555,14,'E','m','na',3,'TF-BUS'),(2556,14,'F','m','na',3,'TF-BUS'),(2557,14,'G','a','na',3,'TF-BUS'),(2558,14,'H','a','na',3,'TF-BUS'),(2559,14,'I','w','na',3,'TF-BUS'),(2560,15,'A','w','na',3,'TF-BUS'),(2561,15,'B','a','na',3,'TF-BUS'),(2562,15,'C','a','na',3,'TF-BUS'),(2563,15,'D','m','na',3,'TF-BUS'),(2564,15,'E','m','na',3,'TF-BUS'),(2565,15,'F','m','na',3,'TF-BUS'),(2566,15,'G','a','na',3,'TF-BUS'),(2567,15,'H','a','na',3,'TF-BUS'),(2568,15,'I','w','na',3,'TF-BUS'),(2569,16,'A','w','na',3,'TF-BUS'),(2570,16,'B','a','na',3,'TF-BUS'),(2571,16,'C','a','na',3,'TF-BUS'),(2572,16,'D','m','na',3,'TF-BUS'),(2573,16,'E','m','na',3,'TF-BUS'),(2574,16,'F','m','na',3,'TF-BUS'),(2575,16,'G','a','na',3,'TF-BUS'),(2576,16,'H','a','na',3,'TF-BUS'),(2577,16,'I','w','na',3,'TF-BUS'),(2578,17,'A','w','na',3,'TF-BUS'),(2579,17,'B','a','na',3,'TF-BUS'),(2580,17,'C','a','na',3,'TF-BUS'),(2581,17,'D','m','na',3,'TF-BUS'),(2582,17,'E','m','na',3,'TF-BUS'),(2583,17,'F','m','na',3,'TF-BUS'),(2584,17,'G','a','na',3,'TF-BUS'),(2585,17,'H','a','na',3,'TF-BUS'),(2586,17,'I','w','na',3,'TF-BUS'),(2587,18,'A','w','na',3,'TF-BUS'),(2588,18,'B','a','na',3,'TF-BUS'),(2589,18,'C','a','na',3,'TF-BUS'),(2590,18,'D','m','na',3,'TF-BUS'),(2591,18,'E','m','na',3,'TF-BUS'),(2592,18,'F','m','na',3,'TF-BUS'),(2593,18,'G','a','na',3,'TF-BUS'),(2594,18,'H','a','na',3,'TF-BUS'),(2595,18,'I','w','na',3,'TF-BUS'),(2596,19,'A','w','na',3,'TF-BUS'),(2597,19,'B','a','na',3,'TF-BUS'),(2598,19,'C','a','na',3,'TF-BUS'),(2599,19,'D','m','na',3,'TF-BUS'),(2600,19,'E','m','na',3,'TF-BUS'),(2601,19,'F','m','na',3,'TF-BUS'),(2602,19,'G','a','na',3,'TF-BUS'),(2603,19,'H','a','na',3,'TF-BUS'),(2604,19,'I','w','na',3,'TF-BUS'),(2605,20,'A','w','na',3,'TF-BUS'),(2606,20,'B','a','na',3,'TF-BUS'),(2607,20,'C','a','na',3,'TF-BUS'),(2608,20,'D','w','na',3,'TF-BUS'),(2609,21,'A','w','na',3,'TF-BUS'),(2610,21,'B','a','na',3,'TF-BUS'),(2611,21,'C','a','na',3,'TF-BUS'),(2612,21,'D','w','na',3,'TF-BUS'),(2613,22,'A','w','na',3,'TF-BUS'),(2614,22,'B','a','na',3,'TF-BUS'),(2615,22,'C','a','na',3,'TF-BUS'),(2616,22,'D','m','na',3,'TF-BUS'),(2617,22,'E','m','na',3,'TF-BUS'),(2618,22,'F','m','na',3,'TF-BUS'),(2619,22,'G','a','na',3,'TF-BUS'),(2620,22,'H','a','na',3,'TF-BUS'),(2621,22,'I','w','na',3,'TF-BUS'),(2622,23,'A','w','na',3,'TF-BUS'),(2623,23,'B','a','na',3,'TF-BUS'),(2624,23,'C','a','na',3,'TF-BUS'),(2625,23,'D','m','na',3,'TF-BUS'),(2626,23,'E','m','na',3,'TF-BUS'),(2627,23,'F','m','na',3,'TF-BUS'),(2628,23,'G','a','na',3,'TF-BUS'),(2629,23,'H','a','na',3,'TF-BUS'),(2630,23,'I','w','na',3,'TF-BUS'),(2631,24,'A','w','na',3,'TF-BUS'),(2632,24,'B','a','na',3,'TF-BUS'),(2633,24,'C','a','na',3,'TF-BUS'),(2634,24,'D','m','na',3,'TF-BUS'),(2635,24,'E','m','na',3,'TF-BUS'),(2636,24,'F','m','na',3,'TF-BUS'),(2637,24,'G','a','na',3,'TF-BUS'),(2638,24,'H','a','na',3,'TF-BUS'),(2639,24,'I','w','na',3,'TF-BUS'),(2640,25,'A','w','na',3,'TF-BUS'),(2641,25,'B','a','na',3,'TF-BUS'),(2642,25,'C','a','na',3,'TF-BUS'),(2643,25,'D','m','na',3,'TF-BUS'),(2644,25,'E','m','na',3,'TF-BUS'),(2645,25,'F','m','na',3,'TF-BUS'),(2646,25,'G','a','na',3,'TF-BUS'),(2647,25,'H','a','na',3,'TF-BUS'),(2648,25,'I','w','na',3,'TF-BUS'),(2649,26,'A','w','na',3,'TF-BUS'),(2650,26,'B','a','na',3,'TF-BUS'),(2651,26,'C','a','na',3,'TF-BUS'),(2652,26,'D','m','na',3,'TF-BUS'),(2653,26,'E','m','na',3,'TF-BUS'),(2654,26,'F','m','na',3,'TF-BUS'),(2655,26,'G','a','na',3,'TF-BUS'),(2656,26,'H','a','na',3,'TF-BUS'),(2657,26,'I','w','na',3,'TF-BUS'),(2658,27,'A','w','na',3,'TF-BUS'),(2659,27,'B','a','na',3,'TF-BUS'),(2660,27,'C','a','na',3,'TF-BUS'),(2661,27,'D','m','na',3,'TF-BUS'),(2662,27,'E','m','na',3,'TF-BUS'),(2663,27,'F','m','na',3,'TF-BUS'),(2664,27,'G','a','na',3,'TF-BUS'),(2665,27,'H','a','na',3,'TF-BUS'),(2666,27,'I','w','na',3,'TF-BUS'),(2667,28,'A','w','na',3,'TF-BUS'),(2668,28,'B','a','na',3,'TF-BUS'),(2669,28,'C','a','na',3,'TF-BUS'),(2670,28,'D','m','na',3,'TF-BUS'),(2671,28,'E','m','na',3,'TF-BUS'),(2672,28,'F','m','na',3,'TF-BUS'),(2673,28,'G','a','na',3,'TF-BUS'),(2674,28,'H','a','na',3,'TF-BUS'),(2675,28,'I','w','na',3,'TF-BUS'),(2676,29,'A','w','na',3,'TF-BUS'),(2677,29,'B','a','na',3,'TF-BUS'),(2678,29,'C','a','na',3,'TF-BUS'),(2679,29,'D','m','na',3,'TF-BUS'),(2680,29,'E','m','na',3,'TF-BUS'),(2681,29,'F','m','na',3,'TF-BUS'),(2682,29,'G','a','na',3,'TF-BUS'),(2683,29,'H','a','na',3,'TF-BUS'),(2684,29,'I','w','na',3,'TF-BUS'),(2685,30,'A','w','na',3,'TF-BUS'),(2686,30,'B','a','na',3,'TF-BUS'),(2687,30,'C','a','na',3,'TF-BUS'),(2688,30,'D','m','na',3,'TF-BUS'),(2689,30,'E','m','na',3,'TF-BUS'),(2690,30,'F','m','na',3,'TF-BUS'),(2691,30,'G','a','na',3,'TF-BUS'),(2692,30,'H','a','na',3,'TF-BUS'),(2693,30,'I','w','na',3,'TF-BUS'),(2694,31,'A','w','na',3,'TF-BUS'),(2695,31,'B','a','na',3,'TF-BUS'),(2696,31,'C','a','na',3,'TF-BUS'),(2697,31,'D','m','na',3,'TF-BUS'),(2698,31,'E','m','na',3,'TF-BUS'),(2699,31,'F','m','na',3,'TF-BUS'),(2700,31,'G','a','na',3,'TF-BUS'),(2701,31,'H','a','na',3,'TF-BUS'),(2702,31,'I','w','na',3,'TF-BUS'),(2703,32,'A','w','na',3,'TF-BUS'),(2704,32,'B','a','na',3,'TF-BUS'),(2705,32,'C','a','na',3,'TF-BUS'),(2706,32,'D','m','na',3,'TF-BUS'),(2707,32,'E','m','na',3,'TF-BUS'),(2708,32,'F','a','na',3,'TF-BUS'),(2709,32,'G','a','na',3,'TF-BUS'),(2710,32,'H','w','na',3,'TF-BUS'),(2711,33,'A','w','na',3,'TF-BUS'),(2712,33,'B','a','na',3,'TF-BUS'),(2713,33,'C','a','na',3,'TF-BUS'),(2714,33,'D','m','na',3,'TF-BUS'),(2715,33,'E','m','na',3,'TF-BUS'),(2716,33,'F','a','na',3,'TF-BUS'),(2717,33,'G','a','na',3,'TF-BUS'),(2718,33,'H','w','na',3,'TF-BUS'),(2719,34,'A','a','na',3,'TF-BUS'),(2720,34,'B','m','na',3,'TF-BUS'),(2721,34,'C','m','na',3,'TF-BUS'),(2722,34,'D','a','na',3,'TF-BUS'),(2723,1,'A','w','na',2,'TF-LOK'),(2724,1,'B','a','na',2,'TF-LOK'),(2725,1,'C','a','na',2,'TF-LOK'),(2726,1,'D','w','na',2,'TF-LOK'),(2727,2,'A','w','na',2,'TF-LOK'),(2728,2,'B','a','na',2,'TF-LOK'),(2729,2,'C','a','na',2,'TF-LOK'),(2730,2,'D','w','na',2,'TF-LOK'),(2731,3,'A','w','na',2,'TF-LOK'),(2732,3,'B','a','na',2,'TF-LOK'),(2733,3,'C','a','na',2,'TF-LOK'),(2734,3,'D','w','na',2,'TF-LOK'),(2735,4,'A','w','na',2,'TF-LOK'),(2736,4,'B','a','na',2,'TF-LOK'),(2737,4,'C','a','na',2,'TF-LOK'),(2738,4,'D','w','na',2,'TF-LOK'),(2739,5,'A','w','na',2,'TF-LOK'),(2740,5,'B','a','na',2,'TF-LOK'),(2741,5,'C','a','na',2,'TF-LOK'),(2742,5,'D','w','na',2,'TF-LOK'),(2743,6,'A','w','na',2,'TF-LOK'),(2744,6,'B','a','na',2,'TF-LOK'),(2745,6,'C','a','na',2,'TF-LOK'),(2746,6,'D','w','na',2,'TF-LOK'),(2747,7,'A','w','na',3,'TF-LOK'),(2748,7,'B','m','na',3,'TF-LOK'),(2749,7,'C','a','na',3,'TF-LOK'),(2750,7,'D','a','na',3,'TF-LOK'),(2751,7,'E','m','na',3,'TF-LOK'),(2752,7,'F','w','na',3,'TF-LOK'),(2753,8,'A','w','na',3,'TF-LOK'),(2754,8,'B','m','na',3,'TF-LOK'),(2755,8,'C','a','na',3,'TF-LOK'),(2756,8,'D','a','na',3,'TF-LOK'),(2757,8,'E','m','na',3,'TF-LOK'),(2758,8,'F','w','na',3,'TF-LOK'),(2759,9,'A','w','na',3,'TF-LOK'),(2760,9,'B','m','na',3,'TF-LOK'),(2761,9,'C','a','na',3,'TF-LOK'),(2762,9,'D','a','na',3,'TF-LOK'),(2763,9,'E','m','na',3,'TF-LOK'),(2764,9,'F','w','na',3,'TF-LOK'),(2765,10,'A','w','na',3,'TF-LOK'),(2766,10,'B','m','na',3,'TF-LOK'),(2767,10,'C','a','na',3,'TF-LOK'),(2768,10,'D','a','na',3,'TF-LOK'),(2769,10,'E','m','na',3,'TF-LOK'),(2770,10,'F','w','na',3,'TF-LOK'),(2771,11,'A','w','na',3,'TF-LOK'),(2772,11,'B','m','na',3,'TF-LOK'),(2773,11,'C','a','na',3,'TF-LOK'),(2774,11,'D','a','na',3,'TF-LOK'),(2775,11,'E','m','na',3,'TF-LOK'),(2776,11,'F','w','na',3,'TF-LOK'),(2777,12,'A','w','na',3,'TF-LOK'),(2778,12,'B','m','na',3,'TF-LOK'),(2779,12,'C','a','na',3,'TF-LOK'),(2780,12,'D','a','na',3,'TF-LOK'),(2781,12,'E','m','na',3,'TF-LOK'),(2782,12,'F','w','na',3,'TF-LOK'),(2783,13,'A','w','na',3,'TF-LOK'),(2784,13,'B','m','na',3,'TF-LOK'),(2785,13,'C','a','na',3,'TF-LOK'),(2786,13,'D','a','na',3,'TF-LOK'),(2787,13,'E','m','na',3,'TF-LOK'),(2788,13,'F','w','na',3,'TF-LOK'),(2789,14,'A','w','na',3,'TF-LOK'),(2790,14,'B','m','na',3,'TF-LOK'),(2791,14,'C','a','na',3,'TF-LOK'),(2792,14,'D','a','na',3,'TF-LOK'),(2793,14,'E','m','na',3,'TF-LOK'),(2794,14,'F','w','na',3,'TF-LOK'),(2795,15,'A','w','na',3,'TF-LOK'),(2796,15,'B','m','na',3,'TF-LOK'),(2797,15,'C','a','na',3,'TF-LOK'),(2798,15,'D','a','na',3,'TF-LOK'),(2799,15,'E','m','na',3,'TF-LOK'),(2800,15,'F','w','na',3,'TF-LOK'),(2801,16,'A','w','na',3,'TF-LOK'),(2802,16,'B','m','na',3,'TF-LOK'),(2803,16,'C','a','na',3,'TF-LOK'),(2804,16,'D','a','na',3,'TF-LOK'),(2805,16,'E','m','na',3,'TF-LOK'),(2806,16,'F','w','na',3,'TF-LOK'),(2807,17,'A','w','na',3,'TF-LOK'),(2808,17,'B','m','na',3,'TF-LOK'),(2809,17,'C','a','na',3,'TF-LOK'),(2810,17,'D','a','na',3,'TF-LOK'),(2811,17,'E','m','na',3,'TF-LOK'),(2812,17,'F','w','na',3,'TF-LOK'),(2813,18,'A','w','na',3,'TF-LOK'),(2814,18,'B','m','na',3,'TF-LOK'),(2815,18,'C','a','na',3,'TF-LOK'),(2816,18,'D','a','na',3,'TF-LOK'),(2817,18,'E','m','na',3,'TF-LOK'),(2818,18,'F','w','na',3,'TF-LOK'),(2819,19,'A','w','na',3,'TF-LOK'),(2820,19,'B','m','na',3,'TF-LOK'),(2821,19,'C','a','na',3,'TF-LOK'),(2822,19,'D','a','na',3,'TF-LOK'),(2823,19,'E','m','na',3,'TF-LOK'),(2824,19,'F','w','na',3,'TF-LOK'),(2825,20,'A','w','na',3,'TF-LOK'),(2826,20,'B','m','na',3,'TF-LOK'),(2827,20,'C','a','na',3,'TF-LOK'),(2828,20,'D','a','na',3,'TF-LOK'),(2829,20,'E','m','na',3,'TF-LOK'),(2830,20,'F','w','na',3,'TF-LOK'),(2831,21,'A','w','na',3,'TF-LOK'),(2832,21,'B','m','na',3,'TF-LOK'),(2833,21,'C','a','na',3,'TF-LOK'),(2834,21,'D','a','na',3,'TF-LOK'),(2835,21,'E','m','na',3,'TF-LOK'),(2836,21,'F','w','na',3,'TF-LOK'),(2837,22,'A','w','na',3,'TF-LOK'),(2838,22,'B','m','na',3,'TF-LOK'),(2839,22,'C','a','na',3,'TF-LOK'),(2840,22,'D','a','na',3,'TF-LOK'),(2841,22,'E','m','na',3,'TF-LOK'),(2842,22,'F','w','na',3,'TF-LOK'),(2843,23,'A','w','na',3,'TF-LOK'),(2844,23,'B','m','na',3,'TF-LOK'),(2845,23,'C','a','na',3,'TF-LOK'),(2846,23,'D','a','na',3,'TF-LOK'),(2847,23,'E','m','na',3,'TF-LOK'),(2848,23,'F','w','na',3,'TF-LOK'),(2849,24,'A','w','na',3,'TF-LOK'),(2850,24,'B','m','na',3,'TF-LOK'),(2851,24,'C','a','na',3,'TF-LOK'),(2852,24,'D','a','na',3,'TF-LOK'),(2853,24,'E','m','na',3,'TF-LOK'),(2854,24,'F','w','na',3,'TF-LOK'),(2855,25,'A','w','na',3,'TF-LOK'),(2856,25,'B','m','na',3,'TF-LOK'),(2857,25,'C','a','na',3,'TF-LOK'),(2858,25,'D','a','na',3,'TF-LOK'),(2859,25,'E','m','na',3,'TF-LOK'),(2860,25,'F','w','na',3,'TF-LOK'),(2861,26,'A','w','na',3,'TF-LOK'),(2862,26,'B','m','na',3,'TF-LOK'),(2863,26,'C','a','na',3,'TF-LOK'),(2864,26,'D','a','na',3,'TF-LOK'),(2865,26,'E','m','na',3,'TF-LOK'),(2866,26,'F','w','na',3,'TF-LOK'),(2867,27,'A','w','na',3,'TF-LOK'),(2868,27,'B','m','na',3,'TF-LOK'),(2869,27,'C','a','na',3,'TF-LOK'),(2870,27,'D','a','na',3,'TF-LOK'),(2871,27,'E','m','na',3,'TF-LOK'),(2872,27,'F','w','na',3,'TF-LOK'),(2873,28,'A','w','na',3,'TF-LOK'),(2874,28,'B','m','na',3,'TF-LOK'),(2875,28,'C','a','na',3,'TF-LOK'),(2876,28,'D','a','na',3,'TF-LOK'),(2877,28,'E','m','na',3,'TF-LOK'),(2878,28,'F','w','na',3,'TF-LOK'),(2879,29,'A','w','na',3,'TF-LOK'),(2880,29,'B','m','na',3,'TF-LOK'),(2881,29,'C','a','na',3,'TF-LOK'),(2882,29,'D','a','na',3,'TF-LOK'),(2883,29,'E','m','na',3,'TF-LOK'),(2884,29,'F','w','na',3,'TF-LOK'),(2885,30,'A','w','na',3,'TF-LOK'),(2886,30,'B','m','na',3,'TF-LOK'),(2887,30,'C','a','na',3,'TF-LOK'),(2888,30,'D','a','na',3,'TF-LOK'),(2889,30,'E','m','na',3,'TF-LOK'),(2890,30,'F','w','na',3,'TF-LOK'),(2891,31,'A','w','na',3,'TF-LOK'),(2892,31,'B','m','na',3,'TF-LOK'),(2893,31,'C','a','na',3,'TF-LOK'),(2894,31,'D','a','na',3,'TF-LOK'),(2895,31,'E','m','na',3,'TF-LOK'),(2896,31,'F','w','na',3,'TF-LOK'),(2897,32,'A','w','na',3,'TF-LOK'),(2898,32,'B','m','na',3,'TF-LOK'),(2899,32,'C','a','na',3,'TF-LOK'),(2900,32,'D','a','na',3,'TF-LOK'),(2901,32,'E','m','na',3,'TF-LOK'),(2902,32,'F','w','na',3,'TF-LOK'),(2903,1,'A','w','na',2,'TF-CHM'),(2904,1,'B','a','na',2,'TF-CHM'),(2905,1,'C','a','na',2,'TF-CHM'),(2906,1,'D','w','na',2,'TF-CHM'),(2907,2,'A','w','na',2,'TF-CHM'),(2908,2,'B','a','na',2,'TF-CHM'),(2909,2,'C','a','na',2,'TF-CHM'),(2910,2,'D','w','na',2,'TF-CHM'),(2911,3,'A','w','na',2,'TF-CHM'),(2912,3,'B','a','na',2,'TF-CHM'),(2913,3,'C','a','na',2,'TF-CHM'),(2914,3,'D','w','na',2,'TF-CHM'),(2915,4,'A','w','na',2,'TF-CHM'),(2916,4,'B','a','na',2,'TF-CHM'),(2917,4,'C','a','na',2,'TF-CHM'),(2918,4,'D','w','na',2,'TF-CHM'),(2919,5,'A','w','na',2,'TF-CHM'),(2920,5,'B','a','na',2,'TF-CHM'),(2921,5,'C','a','na',2,'TF-CHM'),(2922,5,'D','w','na',2,'TF-CHM'),(2923,6,'A','w','na',2,'TF-CHM'),(2924,6,'B','a','na',2,'TF-CHM'),(2925,6,'C','a','na',2,'TF-CHM'),(2926,6,'D','w','na',2,'TF-CHM'),(2927,7,'A','w','na',3,'TF-CHM'),(2928,7,'B','m','na',3,'TF-CHM'),(2929,7,'C','a','na',3,'TF-CHM'),(2930,7,'D','a','na',3,'TF-CHM'),(2931,7,'E','m','na',3,'TF-CHM'),(2932,7,'F','w','na',3,'TF-CHM'),(2933,8,'A','w','na',3,'TF-CHM'),(2934,8,'B','m','na',3,'TF-CHM'),(2935,8,'C','a','na',3,'TF-CHM'),(2936,8,'D','a','na',3,'TF-CHM'),(2937,8,'E','m','na',3,'TF-CHM'),(2938,8,'F','w','na',3,'TF-CHM'),(2939,9,'A','w','na',3,'TF-CHM'),(2940,9,'B','m','na',3,'TF-CHM'),(2941,9,'C','a','na',3,'TF-CHM'),(2942,9,'D','a','na',3,'TF-CHM'),(2943,9,'E','m','na',3,'TF-CHM'),(2944,9,'F','w','na',3,'TF-CHM'),(2945,10,'A','w','na',3,'TF-CHM'),(2946,10,'B','m','na',3,'TF-CHM'),(2947,10,'C','a','na',3,'TF-CHM'),(2948,10,'D','a','na',3,'TF-CHM'),(2949,10,'E','m','na',3,'TF-CHM'),(2950,10,'F','w','na',3,'TF-CHM'),(2951,11,'A','w','na',3,'TF-CHM'),(2952,11,'B','m','na',3,'TF-CHM'),(2953,11,'C','a','na',3,'TF-CHM'),(2954,11,'D','a','na',3,'TF-CHM'),(2955,11,'E','m','na',3,'TF-CHM'),(2956,11,'F','w','na',3,'TF-CHM'),(2957,12,'A','w','na',3,'TF-CHM'),(2958,12,'B','m','na',3,'TF-CHM'),(2959,12,'C','a','na',3,'TF-CHM'),(2960,12,'D','a','na',3,'TF-CHM'),(2961,12,'E','m','na',3,'TF-CHM'),(2962,12,'F','w','na',3,'TF-CHM'),(2963,13,'A','w','na',3,'TF-CHM'),(2964,13,'B','m','na',3,'TF-CHM'),(2965,13,'C','a','na',3,'TF-CHM'),(2966,13,'D','a','na',3,'TF-CHM'),(2967,13,'E','m','na',3,'TF-CHM'),(2968,13,'F','w','na',3,'TF-CHM'),(2969,14,'A','w','na',3,'TF-CHM'),(2970,14,'B','m','na',3,'TF-CHM'),(2971,14,'C','a','na',3,'TF-CHM'),(2972,14,'D','a','na',3,'TF-CHM'),(2973,14,'E','m','na',3,'TF-CHM'),(2974,14,'F','w','na',3,'TF-CHM'),(2975,15,'A','w','na',3,'TF-CHM'),(2976,15,'B','m','na',3,'TF-CHM'),(2977,15,'C','a','na',3,'TF-CHM'),(2978,15,'D','a','na',3,'TF-CHM'),(2979,15,'E','m','na',3,'TF-CHM'),(2980,15,'F','w','na',3,'TF-CHM'),(2981,16,'A','w','na',3,'TF-CHM'),(2982,16,'B','m','na',3,'TF-CHM'),(2983,16,'C','a','na',3,'TF-CHM'),(2984,16,'D','a','na',3,'TF-CHM'),(2985,16,'E','m','na',3,'TF-CHM'),(2986,16,'F','w','na',3,'TF-CHM'),(2987,17,'A','w','na',3,'TF-CHM'),(2988,17,'B','m','na',3,'TF-CHM'),(2989,17,'C','a','na',3,'TF-CHM'),(2990,17,'D','a','na',3,'TF-CHM'),(2991,17,'E','m','na',3,'TF-CHM'),(2992,17,'F','w','na',3,'TF-CHM'),(2993,18,'A','w','na',3,'TF-CHM'),(2994,18,'B','m','na',3,'TF-CHM'),(2995,18,'C','a','na',3,'TF-CHM'),(2996,18,'D','a','na',3,'TF-CHM'),(2997,18,'E','m','na',3,'TF-CHM'),(2998,18,'F','w','na',3,'TF-CHM'),(2999,19,'A','w','na',3,'TF-CHM'),(3000,19,'B','m','na',3,'TF-CHM'),(3001,19,'C','a','na',3,'TF-CHM'),(3002,19,'D','a','na',3,'TF-CHM'),(3003,19,'E','m','na',3,'TF-CHM'),(3004,19,'F','w','na',3,'TF-CHM'),(3005,20,'A','w','na',3,'TF-CHM'),(3006,20,'B','m','na',3,'TF-CHM'),(3007,20,'C','a','na',3,'TF-CHM'),(3008,20,'D','a','na',3,'TF-CHM'),(3009,20,'E','m','na',3,'TF-CHM'),(3010,20,'F','w','na',3,'TF-CHM'),(3011,21,'A','w','na',3,'TF-CHM'),(3012,21,'B','m','na',3,'TF-CHM'),(3013,21,'C','a','na',3,'TF-CHM'),(3014,21,'D','a','na',3,'TF-CHM'),(3015,21,'E','m','na',3,'TF-CHM'),(3016,21,'F','w','na',3,'TF-CHM'),(3017,22,'A','w','na',3,'TF-CHM'),(3018,22,'B','m','na',3,'TF-CHM'),(3019,22,'C','a','na',3,'TF-CHM'),(3020,22,'D','a','na',3,'TF-CHM'),(3021,22,'E','m','na',3,'TF-CHM'),(3022,22,'F','w','na',3,'TF-CHM'),(3023,23,'A','w','na',3,'TF-CHM'),(3024,23,'B','m','na',3,'TF-CHM'),(3025,23,'C','a','na',3,'TF-CHM'),(3026,23,'D','a','na',3,'TF-CHM'),(3027,23,'E','m','na',3,'TF-CHM'),(3028,23,'F','w','na',3,'TF-CHM'),(3029,24,'A','w','na',3,'TF-CHM'),(3030,24,'B','m','na',3,'TF-CHM'),(3031,24,'C','a','na',3,'TF-CHM'),(3032,24,'D','a','na',3,'TF-CHM'),(3033,24,'E','m','na',3,'TF-CHM'),(3034,24,'F','w','na',3,'TF-CHM'),(3035,25,'A','w','na',3,'TF-CHM'),(3036,25,'B','m','na',3,'TF-CHM'),(3037,25,'C','a','na',3,'TF-CHM'),(3038,25,'D','a','na',3,'TF-CHM'),(3039,25,'E','m','na',3,'TF-CHM'),(3040,25,'F','w','na',3,'TF-CHM'),(3041,26,'A','w','na',3,'TF-CHM'),(3042,26,'B','m','na',3,'TF-CHM'),(3043,26,'C','a','na',3,'TF-CHM'),(3044,26,'D','a','na',3,'TF-CHM'),(3045,26,'E','m','na',3,'TF-CHM'),(3046,26,'F','w','na',3,'TF-CHM'),(3047,27,'A','w','na',3,'TF-CHM'),(3048,27,'B','m','na',3,'TF-CHM'),(3049,27,'C','a','na',3,'TF-CHM'),(3050,27,'D','a','na',3,'TF-CHM'),(3051,27,'E','m','na',3,'TF-CHM'),(3052,27,'F','w','na',3,'TF-CHM'),(3053,28,'A','w','na',3,'TF-CHM'),(3054,28,'B','m','na',3,'TF-CHM'),(3055,28,'C','a','na',3,'TF-CHM'),(3056,28,'D','a','na',3,'TF-CHM'),(3057,28,'E','m','na',3,'TF-CHM'),(3058,28,'F','w','na',3,'TF-CHM'),(3059,29,'A','w','na',3,'TF-CHM'),(3060,29,'B','m','na',3,'TF-CHM'),(3061,29,'C','a','na',3,'TF-CHM'),(3062,29,'D','a','na',3,'TF-CHM'),(3063,29,'E','m','na',3,'TF-CHM'),(3064,29,'F','w','na',3,'TF-CHM'),(3065,30,'A','w','na',3,'TF-CHM'),(3066,30,'B','m','na',3,'TF-CHM'),(3067,30,'C','a','na',3,'TF-CHM'),(3068,30,'D','a','na',3,'TF-CHM'),(3069,30,'E','m','na',3,'TF-CHM'),(3070,30,'F','w','na',3,'TF-CHM'),(3071,31,'A','w','na',3,'TF-CHM'),(3072,31,'B','m','na',3,'TF-CHM'),(3073,31,'C','a','na',3,'TF-CHM'),(3074,31,'D','a','na',3,'TF-CHM'),(3075,31,'E','m','na',3,'TF-CHM'),(3076,31,'F','w','na',3,'TF-CHM'),(3077,32,'A','w','na',3,'TF-CHM'),(3078,32,'B','m','na',3,'TF-CHM'),(3079,32,'C','a','na',3,'TF-CHM'),(3080,32,'D','a','na',3,'TF-CHM'),(3081,32,'E','m','na',3,'TF-CHM'),(3082,32,'F','w','na',3,'TF-CHM'),(3083,1,'A','w','na',2,'TF-PHY'),(3084,1,'B','a','na',2,'TF-PHY'),(3085,1,'C','a','na',2,'TF-PHY'),(3086,1,'D','w','na',2,'TF-PHY'),(3087,2,'A','w','na',2,'TF-PHY'),(3088,2,'B','a','na',2,'TF-PHY'),(3089,2,'C','a','na',2,'TF-PHY'),(3090,2,'D','w','na',2,'TF-PHY'),(3091,3,'A','w','na',2,'TF-PHY'),(3092,3,'B','a','na',2,'TF-PHY'),(3093,3,'C','a','na',2,'TF-PHY'),(3094,3,'D','w','na',2,'TF-PHY'),(3095,4,'A','w','na',2,'TF-PHY'),(3096,4,'B','a','na',2,'TF-PHY'),(3097,4,'C','a','na',2,'TF-PHY'),(3098,4,'D','w','na',2,'TF-PHY'),(3099,5,'A','w','na',2,'TF-PHY'),(3100,5,'B','a','na',2,'TF-PHY'),(3101,5,'C','a','na',2,'TF-PHY'),(3102,5,'D','w','na',2,'TF-PHY'),(3103,6,'A','w','na',2,'TF-PHY'),(3104,6,'B','a','na',2,'TF-PHY'),(3105,6,'C','a','na',2,'TF-PHY'),(3106,6,'D','w','na',2,'TF-PHY'),(3107,7,'A','w','na',3,'TF-PHY'),(3108,7,'B','m','na',3,'TF-PHY'),(3109,7,'C','a','na',3,'TF-PHY'),(3110,7,'D','a','na',3,'TF-PHY'),(3111,7,'E','m','na',3,'TF-PHY'),(3112,7,'F','w','na',3,'TF-PHY'),(3113,8,'A','w','na',3,'TF-PHY'),(3114,8,'B','m','na',3,'TF-PHY'),(3115,8,'C','a','na',3,'TF-PHY'),(3116,8,'D','a','na',3,'TF-PHY'),(3117,8,'E','m','na',3,'TF-PHY'),(3118,8,'F','w','na',3,'TF-PHY'),(3119,9,'A','w','na',3,'TF-PHY'),(3120,9,'B','m','na',3,'TF-PHY'),(3121,9,'C','a','na',3,'TF-PHY'),(3122,9,'D','a','na',3,'TF-PHY'),(3123,9,'E','m','na',3,'TF-PHY'),(3124,9,'F','w','na',3,'TF-PHY'),(3125,10,'A','w','na',3,'TF-PHY'),(3126,10,'B','m','na',3,'TF-PHY'),(3127,10,'C','a','na',3,'TF-PHY'),(3128,10,'D','a','na',3,'TF-PHY'),(3129,10,'E','m','na',3,'TF-PHY'),(3130,10,'F','w','na',3,'TF-PHY'),(3131,11,'A','w','na',3,'TF-PHY'),(3132,11,'B','m','na',3,'TF-PHY'),(3133,11,'C','a','na',3,'TF-PHY'),(3134,11,'D','a','na',3,'TF-PHY'),(3135,11,'E','m','na',3,'TF-PHY'),(3136,11,'F','w','na',3,'TF-PHY'),(3137,12,'A','w','na',3,'TF-PHY'),(3138,12,'B','m','na',3,'TF-PHY'),(3139,12,'C','a','na',3,'TF-PHY'),(3140,12,'D','a','na',3,'TF-PHY'),(3141,12,'E','m','na',3,'TF-PHY'),(3142,12,'F','w','na',3,'TF-PHY'),(3143,13,'A','w','na',3,'TF-PHY'),(3144,13,'B','m','na',3,'TF-PHY'),(3145,13,'C','a','na',3,'TF-PHY'),(3146,13,'D','a','na',3,'TF-PHY'),(3147,13,'E','m','na',3,'TF-PHY'),(3148,13,'F','w','na',3,'TF-PHY'),(3149,14,'A','w','na',3,'TF-PHY'),(3150,14,'B','m','na',3,'TF-PHY'),(3151,14,'C','a','na',3,'TF-PHY'),(3152,14,'D','a','na',3,'TF-PHY'),(3153,14,'E','m','na',3,'TF-PHY'),(3154,14,'F','w','na',3,'TF-PHY'),(3155,15,'A','w','na',3,'TF-PHY'),(3156,15,'B','m','na',3,'TF-PHY'),(3157,15,'C','a','na',3,'TF-PHY'),(3158,15,'D','a','na',3,'TF-PHY'),(3159,15,'E','m','na',3,'TF-PHY'),(3160,15,'F','w','na',3,'TF-PHY'),(3161,16,'A','w','na',3,'TF-PHY'),(3162,16,'B','m','na',3,'TF-PHY'),(3163,16,'C','a','na',3,'TF-PHY'),(3164,16,'D','a','na',3,'TF-PHY'),(3165,16,'E','m','na',3,'TF-PHY'),(3166,16,'F','w','na',3,'TF-PHY'),(3167,17,'A','w','na',3,'TF-PHY'),(3168,17,'B','m','na',3,'TF-PHY'),(3169,17,'C','a','na',3,'TF-PHY'),(3170,17,'D','a','na',3,'TF-PHY'),(3171,17,'E','m','na',3,'TF-PHY'),(3172,17,'F','w','na',3,'TF-PHY'),(3173,18,'A','w','na',3,'TF-PHY'),(3174,18,'B','m','na',3,'TF-PHY'),(3175,18,'C','a','na',3,'TF-PHY'),(3176,18,'D','a','na',3,'TF-PHY'),(3177,18,'E','m','na',3,'TF-PHY'),(3178,18,'F','w','na',3,'TF-PHY'),(3179,19,'A','w','na',3,'TF-PHY'),(3180,19,'B','m','na',3,'TF-PHY'),(3181,19,'C','a','na',3,'TF-PHY'),(3182,19,'D','a','na',3,'TF-PHY'),(3183,19,'E','m','na',3,'TF-PHY'),(3184,19,'F','w','na',3,'TF-PHY'),(3185,20,'A','w','na',3,'TF-PHY'),(3186,20,'B','m','na',3,'TF-PHY'),(3187,20,'C','a','na',3,'TF-PHY'),(3188,20,'D','a','na',3,'TF-PHY'),(3189,20,'E','m','na',3,'TF-PHY'),(3190,20,'F','w','na',3,'TF-PHY'),(3191,21,'A','w','na',3,'TF-PHY'),(3192,21,'B','m','na',3,'TF-PHY'),(3193,21,'C','a','na',3,'TF-PHY'),(3194,21,'D','a','na',3,'TF-PHY'),(3195,21,'E','m','na',3,'TF-PHY'),(3196,21,'F','w','na',3,'TF-PHY'),(3197,22,'A','w','na',3,'TF-PHY'),(3198,22,'B','m','na',3,'TF-PHY'),(3199,22,'C','a','na',3,'TF-PHY'),(3200,22,'D','a','na',3,'TF-PHY'),(3201,22,'E','m','na',3,'TF-PHY'),(3202,22,'F','w','na',3,'TF-PHY'),(3203,23,'A','w','na',3,'TF-PHY'),(3204,23,'B','m','na',3,'TF-PHY'),(3205,23,'C','a','na',3,'TF-PHY'),(3206,23,'D','a','na',3,'TF-PHY'),(3207,23,'E','m','na',3,'TF-PHY'),(3208,23,'F','w','na',3,'TF-PHY'),(3209,24,'A','w','na',3,'TF-PHY'),(3210,24,'B','m','na',3,'TF-PHY'),(3211,24,'C','a','na',3,'TF-PHY'),(3212,24,'D','a','na',3,'TF-PHY'),(3213,24,'E','m','na',3,'TF-PHY'),(3214,24,'F','w','na',3,'TF-PHY'),(3215,25,'A','w','na',3,'TF-PHY'),(3216,25,'B','m','na',3,'TF-PHY'),(3217,25,'C','a','na',3,'TF-PHY'),(3218,25,'D','a','na',3,'TF-PHY'),(3219,25,'E','m','na',3,'TF-PHY'),(3220,25,'F','w','na',3,'TF-PHY'),(3221,26,'A','w','na',3,'TF-PHY'),(3222,26,'B','m','na',3,'TF-PHY'),(3223,26,'C','a','na',3,'TF-PHY'),(3224,26,'D','a','na',3,'TF-PHY'),(3225,26,'E','m','na',3,'TF-PHY'),(3226,26,'F','w','na',3,'TF-PHY'),(3227,27,'A','w','na',3,'TF-PHY'),(3228,27,'B','m','na',3,'TF-PHY'),(3229,27,'C','a','na',3,'TF-PHY'),(3230,27,'D','a','na',3,'TF-PHY'),(3231,27,'E','m','na',3,'TF-PHY'),(3232,27,'F','w','na',3,'TF-PHY'),(3233,28,'A','w','na',3,'TF-PHY'),(3234,28,'B','m','na',3,'TF-PHY'),(3235,28,'C','a','na',3,'TF-PHY'),(3236,28,'D','a','na',3,'TF-PHY'),(3237,28,'E','m','na',3,'TF-PHY'),(3238,28,'F','w','na',3,'TF-PHY'),(3239,29,'A','w','na',3,'TF-PHY'),(3240,29,'B','m','na',3,'TF-PHY'),(3241,29,'C','a','na',3,'TF-PHY'),(3242,29,'D','a','na',3,'TF-PHY'),(3243,29,'E','m','na',3,'TF-PHY'),(3244,29,'F','w','na',3,'TF-PHY'),(3245,30,'A','w','na',3,'TF-PHY'),(3246,30,'B','m','na',3,'TF-PHY'),(3247,30,'C','a','na',3,'TF-PHY'),(3248,30,'D','a','na',3,'TF-PHY'),(3249,30,'E','m','na',3,'TF-PHY'),(3250,30,'F','w','na',3,'TF-PHY'),(3251,31,'A','w','na',3,'TF-PHY'),(3252,31,'B','m','na',3,'TF-PHY'),(3253,31,'C','a','na',3,'TF-PHY'),(3254,31,'D','a','na',3,'TF-PHY'),(3255,31,'E','m','na',3,'TF-PHY'),(3256,31,'F','w','na',3,'TF-PHY'),(3257,32,'A','w','na',3,'TF-PHY'),(3258,32,'B','m','na',3,'TF-PHY'),(3259,32,'C','a','na',3,'TF-PHY'),(3260,32,'D','a','na',3,'TF-PHY'),(3261,32,'E','m','na',3,'TF-PHY'),(3262,32,'F','w','na',3,'TF-PHY'),(3263,1,'A','w','na',2,'TF-CNA'),(3264,1,'B','a','na',2,'TF-CNA'),(3265,1,'C','a','na',2,'TF-CNA'),(3266,1,'D','w','na',2,'TF-CNA'),(3267,2,'A','w','na',2,'TF-CNA'),(3268,2,'B','a','na',2,'TF-CNA'),(3269,2,'C','a','na',2,'TF-CNA'),(3270,2,'D','w','na',2,'TF-CNA'),(3271,3,'A','w','na',2,'TF-CNA'),(3272,3,'B','a','na',2,'TF-CNA'),(3273,3,'C','a','na',2,'TF-CNA'),(3274,3,'D','w','na',2,'TF-CNA'),(3275,4,'A','w','na',2,'TF-CNA'),(3276,4,'B','a','na',2,'TF-CNA'),(3277,4,'C','a','na',2,'TF-CNA'),(3278,4,'D','w','na',2,'TF-CNA'),(3279,5,'A','w','na',2,'TF-CNA'),(3280,5,'B','a','na',2,'TF-CNA'),(3281,5,'C','a','na',2,'TF-CNA'),(3282,5,'D','w','na',2,'TF-CNA'),(3283,6,'A','w','na',2,'TF-CNA'),(3284,6,'B','a','na',2,'TF-CNA'),(3285,6,'C','a','na',2,'TF-CNA'),(3286,6,'D','w','na',2,'TF-CNA'),(3287,7,'A','w','na',3,'TF-CNA'),(3288,7,'B','m','na',3,'TF-CNA'),(3289,7,'C','a','na',3,'TF-CNA'),(3290,7,'D','a','na',3,'TF-CNA'),(3291,7,'E','m','na',3,'TF-CNA'),(3292,7,'F','w','na',3,'TF-CNA'),(3293,8,'A','w','na',3,'TF-CNA'),(3294,8,'B','m','na',3,'TF-CNA'),(3295,8,'C','a','na',3,'TF-CNA'),(3296,8,'D','a','na',3,'TF-CNA'),(3297,8,'E','m','na',3,'TF-CNA'),(3298,8,'F','w','na',3,'TF-CNA'),(3299,9,'A','w','na',3,'TF-CNA'),(3300,9,'B','m','na',3,'TF-CNA'),(3301,9,'C','a','na',3,'TF-CNA'),(3302,9,'D','a','na',3,'TF-CNA'),(3303,9,'E','m','na',3,'TF-CNA'),(3304,9,'F','w','na',3,'TF-CNA'),(3305,10,'A','w','na',3,'TF-CNA'),(3306,10,'B','m','na',3,'TF-CNA'),(3307,10,'C','a','na',3,'TF-CNA'),(3308,10,'D','a','na',3,'TF-CNA'),(3309,10,'E','m','na',3,'TF-CNA'),(3310,10,'F','w','na',3,'TF-CNA'),(3311,11,'A','w','na',3,'TF-CNA'),(3312,11,'B','m','na',3,'TF-CNA'),(3313,11,'C','a','na',3,'TF-CNA'),(3314,11,'D','a','na',3,'TF-CNA'),(3315,11,'E','m','na',3,'TF-CNA'),(3316,11,'F','w','na',3,'TF-CNA'),(3317,12,'A','w','na',3,'TF-CNA'),(3318,12,'B','m','na',3,'TF-CNA'),(3319,12,'C','a','na',3,'TF-CNA'),(3320,12,'D','a','na',3,'TF-CNA'),(3321,12,'E','m','na',3,'TF-CNA'),(3322,12,'F','w','na',3,'TF-CNA'),(3323,13,'A','w','na',3,'TF-CNA'),(3324,13,'B','m','na',3,'TF-CNA'),(3325,13,'C','a','na',3,'TF-CNA'),(3326,13,'D','a','na',3,'TF-CNA'),(3327,13,'E','m','na',3,'TF-CNA'),(3328,13,'F','w','na',3,'TF-CNA'),(3329,14,'A','w','na',3,'TF-CNA'),(3330,14,'B','m','na',3,'TF-CNA'),(3331,14,'C','a','na',3,'TF-CNA'),(3332,14,'D','a','na',3,'TF-CNA'),(3333,14,'E','m','na',3,'TF-CNA'),(3334,14,'F','w','na',3,'TF-CNA'),(3335,15,'A','w','na',3,'TF-CNA'),(3336,15,'B','m','na',3,'TF-CNA'),(3337,15,'C','a','na',3,'TF-CNA'),(3338,15,'D','a','na',3,'TF-CNA'),(3339,15,'E','m','na',3,'TF-CNA'),(3340,15,'F','w','na',3,'TF-CNA'),(3341,16,'A','w','na',3,'TF-CNA'),(3342,16,'B','m','na',3,'TF-CNA'),(3343,16,'C','a','na',3,'TF-CNA'),(3344,16,'D','a','na',3,'TF-CNA'),(3345,16,'E','m','na',3,'TF-CNA'),(3346,16,'F','w','na',3,'TF-CNA'),(3347,17,'A','w','na',3,'TF-CNA'),(3348,17,'B','m','na',3,'TF-CNA'),(3349,17,'C','a','na',3,'TF-CNA'),(3350,17,'D','a','na',3,'TF-CNA'),(3351,17,'E','m','na',3,'TF-CNA'),(3352,17,'F','w','na',3,'TF-CNA'),(3353,18,'A','w','na',3,'TF-CNA'),(3354,18,'B','m','na',3,'TF-CNA'),(3355,18,'C','a','na',3,'TF-CNA'),(3356,18,'D','a','na',3,'TF-CNA'),(3357,18,'E','m','na',3,'TF-CNA'),(3358,18,'F','w','na',3,'TF-CNA'),(3359,19,'A','w','na',3,'TF-CNA'),(3360,19,'B','m','na',3,'TF-CNA'),(3361,19,'C','a','na',3,'TF-CNA'),(3362,19,'D','a','na',3,'TF-CNA'),(3363,19,'E','m','na',3,'TF-CNA'),(3364,19,'F','w','na',3,'TF-CNA'),(3365,20,'A','w','na',3,'TF-CNA'),(3366,20,'B','m','na',3,'TF-CNA'),(3367,20,'C','a','na',3,'TF-CNA'),(3368,20,'D','a','na',3,'TF-CNA'),(3369,20,'E','m','na',3,'TF-CNA'),(3370,20,'F','w','na',3,'TF-CNA'),(3371,21,'A','w','na',3,'TF-CNA'),(3372,21,'B','m','na',3,'TF-CNA'),(3373,21,'C','a','na',3,'TF-CNA'),(3374,21,'D','a','na',3,'TF-CNA'),(3375,21,'E','m','na',3,'TF-CNA'),(3376,21,'F','w','na',3,'TF-CNA'),(3377,22,'A','w','na',3,'TF-CNA'),(3378,22,'B','m','na',3,'TF-CNA'),(3379,22,'C','a','na',3,'TF-CNA'),(3380,22,'D','a','na',3,'TF-CNA'),(3381,22,'E','m','na',3,'TF-CNA'),(3382,22,'F','w','na',3,'TF-CNA'),(3383,23,'A','w','na',3,'TF-CNA'),(3384,23,'B','m','na',3,'TF-CNA'),(3385,23,'C','a','na',3,'TF-CNA'),(3386,23,'D','a','na',3,'TF-CNA'),(3387,23,'E','m','na',3,'TF-CNA'),(3388,23,'F','w','na',3,'TF-CNA'),(3389,24,'A','w','na',3,'TF-CNA'),(3390,24,'B','m','na',3,'TF-CNA'),(3391,24,'C','a','na',3,'TF-CNA'),(3392,24,'D','a','na',3,'TF-CNA'),(3393,24,'E','m','na',3,'TF-CNA'),(3394,24,'F','w','na',3,'TF-CNA'),(3395,25,'A','w','na',3,'TF-CNA'),(3396,25,'B','m','na',3,'TF-CNA'),(3397,25,'C','a','na',3,'TF-CNA'),(3398,25,'D','a','na',3,'TF-CNA'),(3399,25,'E','m','na',3,'TF-CNA'),(3400,25,'F','w','na',3,'TF-CNA'),(3401,26,'A','w','na',3,'TF-CNA'),(3402,26,'B','m','na',3,'TF-CNA'),(3403,26,'C','a','na',3,'TF-CNA'),(3404,26,'D','a','na',3,'TF-CNA'),(3405,26,'E','m','na',3,'TF-CNA'),(3406,26,'F','w','na',3,'TF-CNA'),(3407,27,'A','w','na',3,'TF-CNA'),(3408,27,'B','m','na',3,'TF-CNA'),(3409,27,'C','a','na',3,'TF-CNA'),(3410,27,'D','a','na',3,'TF-CNA'),(3411,27,'E','m','na',3,'TF-CNA'),(3412,27,'F','w','na',3,'TF-CNA'),(3413,28,'A','w','na',3,'TF-CNA'),(3414,28,'B','m','na',3,'TF-CNA'),(3415,28,'C','a','na',3,'TF-CNA'),(3416,28,'D','a','na',3,'TF-CNA'),(3417,28,'E','m','na',3,'TF-CNA'),(3418,28,'F','w','na',3,'TF-CNA'),(3419,29,'A','w','na',3,'TF-CNA'),(3420,29,'B','m','na',3,'TF-CNA'),(3421,29,'C','a','na',3,'TF-CNA'),(3422,29,'D','a','na',3,'TF-CNA'),(3423,29,'E','m','na',3,'TF-CNA'),(3424,29,'F','w','na',3,'TF-CNA'),(3425,30,'A','w','na',3,'TF-CNA'),(3426,30,'B','m','na',3,'TF-CNA'),(3427,30,'C','a','na',3,'TF-CNA'),(3428,30,'D','a','na',3,'TF-CNA'),(3429,30,'E','m','na',3,'TF-CNA'),(3430,30,'F','w','na',3,'TF-CNA'),(3431,31,'A','w','na',3,'TF-CNA'),(3432,31,'B','m','na',3,'TF-CNA'),(3433,31,'C','a','na',3,'TF-CNA'),(3434,31,'D','a','na',3,'TF-CNA'),(3435,31,'E','m','na',3,'TF-CNA'),(3436,31,'F','w','na',3,'TF-CNA'),(3437,32,'A','w','na',3,'TF-CNA'),(3438,32,'B','m','na',3,'TF-CNA'),(3439,32,'C','a','na',3,'TF-CNA'),(3440,32,'D','a','na',3,'TF-CNA'),(3441,32,'E','m','na',3,'TF-CNA'),(3442,32,'F','w','na',3,'TF-CNA'),(3443,1,'A','w','na',2,'TF-GSF'),(3444,1,'B','a','na',2,'TF-GSF'),(3445,1,'C','a','na',2,'TF-GSF'),(3446,1,'D','w','na',2,'TF-GSF'),(3447,2,'A','w','na',2,'TF-GSF'),(3448,2,'B','a','na',2,'TF-GSF'),(3449,2,'C','a','na',2,'TF-GSF'),(3450,2,'D','w','na',2,'TF-GSF'),(3451,3,'A','w','na',2,'TF-GSF'),(3452,3,'B','a','na',2,'TF-GSF'),(3453,3,'C','a','na',2,'TF-GSF'),(3454,3,'D','w','na',2,'TF-GSF'),(3455,4,'A','w','na',2,'TF-GSF'),(3456,4,'B','a','na',2,'TF-GSF'),(3457,4,'C','a','na',2,'TF-GSF'),(3458,4,'D','w','na',2,'TF-GSF'),(3459,5,'A','w','na',2,'TF-GSF'),(3460,5,'B','a','na',2,'TF-GSF'),(3461,5,'C','a','na',2,'TF-GSF'),(3462,5,'D','w','na',2,'TF-GSF'),(3463,6,'A','w','na',2,'TF-GSF'),(3464,6,'B','a','na',2,'TF-GSF'),(3465,6,'C','a','na',2,'TF-GSF'),(3466,6,'D','w','na',2,'TF-GSF'),(3467,7,'A','w','na',3,'TF-GSF'),(3468,7,'B','m','na',3,'TF-GSF'),(3469,7,'C','a','na',3,'TF-GSF'),(3470,7,'D','a','na',3,'TF-GSF'),(3471,7,'E','m','na',3,'TF-GSF'),(3472,7,'F','w','na',3,'TF-GSF'),(3473,8,'A','w','na',3,'TF-GSF'),(3474,8,'B','m','na',3,'TF-GSF'),(3475,8,'C','a','na',3,'TF-GSF'),(3476,8,'D','a','na',3,'TF-GSF'),(3477,8,'E','m','na',3,'TF-GSF'),(3478,8,'F','w','na',3,'TF-GSF'),(3479,9,'A','w','na',3,'TF-GSF'),(3480,9,'B','m','na',3,'TF-GSF'),(3481,9,'C','a','na',3,'TF-GSF'),(3482,9,'D','a','na',3,'TF-GSF'),(3483,9,'E','m','na',3,'TF-GSF'),(3484,9,'F','w','na',3,'TF-GSF'),(3485,10,'A','w','na',3,'TF-GSF'),(3486,10,'B','m','na',3,'TF-GSF'),(3487,10,'C','a','na',3,'TF-GSF'),(3488,10,'D','a','na',3,'TF-GSF'),(3489,10,'E','m','na',3,'TF-GSF'),(3490,10,'F','w','na',3,'TF-GSF'),(3491,11,'A','w','na',3,'TF-GSF'),(3492,11,'B','m','na',3,'TF-GSF'),(3493,11,'C','a','na',3,'TF-GSF'),(3494,11,'D','a','na',3,'TF-GSF'),(3495,11,'E','m','na',3,'TF-GSF'),(3496,11,'F','w','na',3,'TF-GSF'),(3497,12,'A','w','na',3,'TF-GSF'),(3498,12,'B','m','na',3,'TF-GSF'),(3499,12,'C','a','na',3,'TF-GSF'),(3500,12,'D','a','na',3,'TF-GSF'),(3501,12,'E','m','na',3,'TF-GSF'),(3502,12,'F','w','na',3,'TF-GSF'),(3503,13,'A','w','na',3,'TF-GSF'),(3504,13,'B','m','na',3,'TF-GSF'),(3505,13,'C','a','na',3,'TF-GSF'),(3506,13,'D','a','na',3,'TF-GSF'),(3507,13,'E','m','na',3,'TF-GSF'),(3508,13,'F','w','na',3,'TF-GSF'),(3509,14,'A','w','na',3,'TF-GSF'),(3510,14,'B','m','na',3,'TF-GSF'),(3511,14,'C','a','na',3,'TF-GSF'),(3512,14,'D','a','na',3,'TF-GSF'),(3513,14,'E','m','na',3,'TF-GSF'),(3514,14,'F','w','na',3,'TF-GSF'),(3515,15,'A','w','na',3,'TF-GSF'),(3516,15,'B','m','na',3,'TF-GSF'),(3517,15,'C','a','na',3,'TF-GSF'),(3518,15,'D','a','na',3,'TF-GSF'),(3519,15,'E','m','na',3,'TF-GSF'),(3520,15,'F','w','na',3,'TF-GSF'),(3521,16,'A','w','na',3,'TF-GSF'),(3522,16,'B','m','na',3,'TF-GSF'),(3523,16,'C','a','na',3,'TF-GSF'),(3524,16,'D','a','na',3,'TF-GSF'),(3525,16,'E','m','na',3,'TF-GSF'),(3526,16,'F','w','na',3,'TF-GSF'),(3527,17,'A','w','na',3,'TF-GSF'),(3528,17,'B','m','na',3,'TF-GSF'),(3529,17,'C','a','na',3,'TF-GSF'),(3530,17,'D','a','na',3,'TF-GSF'),(3531,17,'E','m','na',3,'TF-GSF'),(3532,17,'F','w','na',3,'TF-GSF'),(3533,18,'A','w','na',3,'TF-GSF'),(3534,18,'B','m','na',3,'TF-GSF'),(3535,18,'C','a','na',3,'TF-GSF'),(3536,18,'D','a','na',3,'TF-GSF'),(3537,18,'E','m','na',3,'TF-GSF'),(3538,18,'F','w','na',3,'TF-GSF'),(3539,19,'A','w','na',3,'TF-GSF'),(3540,19,'B','m','na',3,'TF-GSF'),(3541,19,'C','a','na',3,'TF-GSF'),(3542,19,'D','a','na',3,'TF-GSF'),(3543,19,'E','m','na',3,'TF-GSF'),(3544,19,'F','w','na',3,'TF-GSF'),(3545,20,'A','w','na',3,'TF-GSF'),(3546,20,'B','m','na',3,'TF-GSF'),(3547,20,'C','a','na',3,'TF-GSF'),(3548,20,'D','a','na',3,'TF-GSF'),(3549,20,'E','m','na',3,'TF-GSF'),(3550,20,'F','w','na',3,'TF-GSF'),(3551,21,'A','w','na',3,'TF-GSF'),(3552,21,'B','m','na',3,'TF-GSF'),(3553,21,'C','a','na',3,'TF-GSF'),(3554,21,'D','a','na',3,'TF-GSF'),(3555,21,'E','m','na',3,'TF-GSF'),(3556,21,'F','w','na',3,'TF-GSF'),(3557,22,'A','w','na',3,'TF-GSF'),(3558,22,'B','m','na',3,'TF-GSF'),(3559,22,'C','a','na',3,'TF-GSF'),(3560,22,'D','a','na',3,'TF-GSF'),(3561,22,'E','m','na',3,'TF-GSF'),(3562,22,'F','w','na',3,'TF-GSF'),(3563,23,'A','w','na',3,'TF-GSF'),(3564,23,'B','m','na',3,'TF-GSF'),(3565,23,'C','a','na',3,'TF-GSF'),(3566,23,'D','a','na',3,'TF-GSF'),(3567,23,'E','m','na',3,'TF-GSF'),(3568,23,'F','w','na',3,'TF-GSF'),(3569,24,'A','w','na',3,'TF-GSF'),(3570,24,'B','m','na',3,'TF-GSF'),(3571,24,'C','a','na',3,'TF-GSF'),(3572,24,'D','a','na',3,'TF-GSF'),(3573,24,'E','m','na',3,'TF-GSF'),(3574,24,'F','w','na',3,'TF-GSF'),(3575,25,'A','w','na',3,'TF-GSF'),(3576,25,'B','m','na',3,'TF-GSF'),(3577,25,'C','a','na',3,'TF-GSF'),(3578,25,'D','a','na',3,'TF-GSF'),(3579,25,'E','m','na',3,'TF-GSF'),(3580,25,'F','w','na',3,'TF-GSF'),(3581,26,'A','w','na',3,'TF-GSF'),(3582,26,'B','m','na',3,'TF-GSF'),(3583,26,'C','a','na',3,'TF-GSF'),(3584,26,'D','a','na',3,'TF-GSF'),(3585,26,'E','m','na',3,'TF-GSF'),(3586,26,'F','w','na',3,'TF-GSF'),(3587,27,'A','w','na',3,'TF-GSF'),(3588,27,'B','m','na',3,'TF-GSF'),(3589,27,'C','a','na',3,'TF-GSF'),(3590,27,'D','a','na',3,'TF-GSF'),(3591,27,'E','m','na',3,'TF-GSF'),(3592,27,'F','w','na',3,'TF-GSF'),(3593,28,'A','w','na',3,'TF-GSF'),(3594,28,'B','m','na',3,'TF-GSF'),(3595,28,'C','a','na',3,'TF-GSF'),(3596,28,'D','a','na',3,'TF-GSF'),(3597,28,'E','m','na',3,'TF-GSF'),(3598,28,'F','w','na',3,'TF-GSF'),(3599,29,'A','w','na',3,'TF-GSF'),(3600,29,'B','m','na',3,'TF-GSF'),(3601,29,'C','a','na',3,'TF-GSF'),(3602,29,'D','a','na',3,'TF-GSF'),(3603,29,'E','m','na',3,'TF-GSF'),(3604,29,'F','w','na',3,'TF-GSF'),(3605,30,'A','w','na',3,'TF-GSF'),(3606,30,'B','m','na',3,'TF-GSF'),(3607,30,'C','a','na',3,'TF-GSF'),(3608,30,'D','a','na',3,'TF-GSF'),(3609,30,'E','m','na',3,'TF-GSF'),(3610,30,'F','w','na',3,'TF-GSF'),(3611,31,'A','w','na',3,'TF-GSF'),(3612,31,'B','m','na',3,'TF-GSF'),(3613,31,'C','a','na',3,'TF-GSF'),(3614,31,'D','a','na',3,'TF-GSF'),(3615,31,'E','m','na',3,'TF-GSF'),(3616,31,'F','w','na',3,'TF-GSF'),(3617,32,'A','w','na',3,'TF-GSF'),(3618,32,'B','m','na',3,'TF-GSF'),(3619,32,'C','a','na',3,'TF-GSF'),(3620,32,'D','a','na',3,'TF-GSF'),(3621,32,'E','m','na',3,'TF-GSF'),(3622,32,'F','w','na',3,'TF-GSF'),(3623,1,'A','w','na',2,'TF-LUS'),(3624,1,'B','a','na',2,'TF-LUS'),(3625,1,'C','a','na',2,'TF-LUS'),(3626,1,'D','w','na',2,'TF-LUS'),(3627,2,'A','w','na',2,'TF-LUS'),(3628,2,'B','a','na',2,'TF-LUS'),(3629,2,'C','a','na',2,'TF-LUS'),(3630,2,'D','w','na',2,'TF-LUS'),(3631,3,'A','w','na',2,'TF-LUS'),(3632,3,'B','a','na',2,'TF-LUS'),(3633,3,'C','a','na',2,'TF-LUS'),(3634,3,'D','w','na',2,'TF-LUS'),(3635,4,'A','w','na',2,'TF-LUS'),(3636,4,'B','a','na',2,'TF-LUS'),(3637,4,'C','a','na',2,'TF-LUS'),(3638,4,'D','w','na',2,'TF-LUS'),(3639,5,'A','w','na',2,'TF-LUS'),(3640,5,'B','a','na',2,'TF-LUS'),(3641,5,'C','a','na',2,'TF-LUS'),(3642,5,'D','w','na',2,'TF-LUS'),(3643,6,'A','w','na',2,'TF-LUS'),(3644,6,'B','a','na',2,'TF-LUS'),(3645,6,'C','a','na',2,'TF-LUS'),(3646,6,'D','w','na',2,'TF-LUS'),(3647,7,'A','w','na',3,'TF-LUS'),(3648,7,'B','m','na',3,'TF-LUS'),(3649,7,'C','a','na',3,'TF-LUS'),(3650,7,'D','a','na',3,'TF-LUS'),(3651,7,'E','m','na',3,'TF-LUS'),(3652,7,'F','w','na',3,'TF-LUS'),(3653,8,'A','w','na',3,'TF-LUS'),(3654,8,'B','m','na',3,'TF-LUS'),(3655,8,'C','a','na',3,'TF-LUS'),(3656,8,'D','a','na',3,'TF-LUS'),(3657,8,'E','m','na',3,'TF-LUS'),(3658,8,'F','w','na',3,'TF-LUS'),(3659,9,'A','w','na',3,'TF-LUS'),(3660,9,'B','m','na',3,'TF-LUS'),(3661,9,'C','a','na',3,'TF-LUS'),(3662,9,'D','a','na',3,'TF-LUS'),(3663,9,'E','m','na',3,'TF-LUS'),(3664,9,'F','w','na',3,'TF-LUS'),(3665,10,'A','w','na',3,'TF-LUS'),(3666,10,'B','m','na',3,'TF-LUS'),(3667,10,'C','a','na',3,'TF-LUS'),(3668,10,'D','a','na',3,'TF-LUS'),(3669,10,'E','m','na',3,'TF-LUS'),(3670,10,'F','w','na',3,'TF-LUS'),(3671,11,'A','w','na',3,'TF-LUS'),(3672,11,'B','m','na',3,'TF-LUS'),(3673,11,'C','a','na',3,'TF-LUS'),(3674,11,'D','a','na',3,'TF-LUS'),(3675,11,'E','m','na',3,'TF-LUS'),(3676,11,'F','w','na',3,'TF-LUS'),(3677,12,'A','w','na',3,'TF-LUS'),(3678,12,'B','m','na',3,'TF-LUS'),(3679,12,'C','a','na',3,'TF-LUS'),(3680,12,'D','a','na',3,'TF-LUS'),(3681,12,'E','m','na',3,'TF-LUS'),(3682,12,'F','w','na',3,'TF-LUS'),(3683,13,'A','w','na',3,'TF-LUS'),(3684,13,'B','m','na',3,'TF-LUS'),(3685,13,'C','a','na',3,'TF-LUS'),(3686,13,'D','a','na',3,'TF-LUS'),(3687,13,'E','m','na',3,'TF-LUS'),(3688,13,'F','w','na',3,'TF-LUS'),(3689,14,'A','w','na',3,'TF-LUS'),(3690,14,'B','m','na',3,'TF-LUS'),(3691,14,'C','a','na',3,'TF-LUS'),(3692,14,'D','a','na',3,'TF-LUS'),(3693,14,'E','m','na',3,'TF-LUS'),(3694,14,'F','w','na',3,'TF-LUS'),(3695,15,'A','w','na',3,'TF-LUS'),(3696,15,'B','m','na',3,'TF-LUS'),(3697,15,'C','a','na',3,'TF-LUS'),(3698,15,'D','a','na',3,'TF-LUS'),(3699,15,'E','m','na',3,'TF-LUS'),(3700,15,'F','w','na',3,'TF-LUS'),(3701,16,'A','w','na',3,'TF-LUS'),(3702,16,'B','m','na',3,'TF-LUS'),(3703,16,'C','a','na',3,'TF-LUS'),(3704,16,'D','a','na',3,'TF-LUS'),(3705,16,'E','m','na',3,'TF-LUS'),(3706,16,'F','w','na',3,'TF-LUS'),(3707,17,'A','w','na',3,'TF-LUS'),(3708,17,'B','m','na',3,'TF-LUS'),(3709,17,'C','a','na',3,'TF-LUS'),(3710,17,'D','a','na',3,'TF-LUS'),(3711,17,'E','m','na',3,'TF-LUS'),(3712,17,'F','w','na',3,'TF-LUS'),(3713,18,'A','w','na',3,'TF-LUS'),(3714,18,'B','m','na',3,'TF-LUS'),(3715,18,'C','a','na',3,'TF-LUS'),(3716,18,'D','a','na',3,'TF-LUS'),(3717,18,'E','m','na',3,'TF-LUS'),(3718,18,'F','w','na',3,'TF-LUS'),(3719,19,'A','w','na',3,'TF-LUS'),(3720,19,'B','m','na',3,'TF-LUS'),(3721,19,'C','a','na',3,'TF-LUS'),(3722,19,'D','a','na',3,'TF-LUS'),(3723,19,'E','m','na',3,'TF-LUS'),(3724,19,'F','w','na',3,'TF-LUS'),(3725,20,'A','w','na',3,'TF-LUS'),(3726,20,'B','m','na',3,'TF-LUS'),(3727,20,'C','a','na',3,'TF-LUS'),(3728,20,'D','a','na',3,'TF-LUS'),(3729,20,'E','m','na',3,'TF-LUS'),(3730,20,'F','w','na',3,'TF-LUS'),(3731,21,'A','w','na',3,'TF-LUS'),(3732,21,'B','m','na',3,'TF-LUS'),(3733,21,'C','a','na',3,'TF-LUS'),(3734,21,'D','a','na',3,'TF-LUS'),(3735,21,'E','m','na',3,'TF-LUS'),(3736,21,'F','w','na',3,'TF-LUS'),(3737,22,'A','w','na',3,'TF-LUS'),(3738,22,'B','m','na',3,'TF-LUS'),(3739,22,'C','a','na',3,'TF-LUS'),(3740,22,'D','a','na',3,'TF-LUS'),(3741,22,'E','m','na',3,'TF-LUS'),(3742,22,'F','w','na',3,'TF-LUS'),(3743,23,'A','w','na',3,'TF-LUS'),(3744,23,'B','m','na',3,'TF-LUS'),(3745,23,'C','a','na',3,'TF-LUS'),(3746,23,'D','a','na',3,'TF-LUS'),(3747,23,'E','m','na',3,'TF-LUS'),(3748,23,'F','w','na',3,'TF-LUS'),(3749,24,'A','w','na',3,'TF-LUS'),(3750,24,'B','m','na',3,'TF-LUS'),(3751,24,'C','a','na',3,'TF-LUS'),(3752,24,'D','a','na',3,'TF-LUS'),(3753,24,'E','m','na',3,'TF-LUS'),(3754,24,'F','w','na',3,'TF-LUS'),(3755,25,'A','w','na',3,'TF-LUS'),(3756,25,'B','m','na',3,'TF-LUS'),(3757,25,'C','a','na',3,'TF-LUS'),(3758,25,'D','a','na',3,'TF-LUS'),(3759,25,'E','m','na',3,'TF-LUS'),(3760,25,'F','w','na',3,'TF-LUS'),(3761,26,'A','w','na',3,'TF-LUS'),(3762,26,'B','m','na',3,'TF-LUS'),(3763,26,'C','a','na',3,'TF-LUS'),(3764,26,'D','a','na',3,'TF-LUS'),(3765,26,'E','m','na',3,'TF-LUS'),(3766,26,'F','w','na',3,'TF-LUS'),(3767,27,'A','w','na',3,'TF-LUS'),(3768,27,'B','m','na',3,'TF-LUS'),(3769,27,'C','a','na',3,'TF-LUS'),(3770,27,'D','a','na',3,'TF-LUS'),(3771,27,'E','m','na',3,'TF-LUS'),(3772,27,'F','w','na',3,'TF-LUS'),(3773,28,'A','w','na',3,'TF-LUS'),(3774,28,'B','m','na',3,'TF-LUS'),(3775,28,'C','a','na',3,'TF-LUS'),(3776,28,'D','a','na',3,'TF-LUS'),(3777,28,'E','m','na',3,'TF-LUS'),(3778,28,'F','w','na',3,'TF-LUS'),(3779,29,'A','w','na',3,'TF-LUS'),(3780,29,'B','m','na',3,'TF-LUS'),(3781,29,'C','a','na',3,'TF-LUS'),(3782,29,'D','a','na',3,'TF-LUS'),(3783,29,'E','m','na',3,'TF-LUS'),(3784,29,'F','w','na',3,'TF-LUS'),(3785,30,'A','w','na',3,'TF-LUS'),(3786,30,'B','m','na',3,'TF-LUS'),(3787,30,'C','a','na',3,'TF-LUS'),(3788,30,'D','a','na',3,'TF-LUS'),(3789,30,'E','m','na',3,'TF-LUS'),(3790,30,'F','w','na',3,'TF-LUS'),(3791,31,'A','w','na',3,'TF-LUS'),(3792,31,'B','m','na',3,'TF-LUS'),(3793,31,'C','a','na',3,'TF-LUS'),(3794,31,'D','a','na',3,'TF-LUS'),(3795,31,'E','m','na',3,'TF-LUS'),(3796,31,'F','w','na',3,'TF-LUS'),(3797,32,'A','w','na',3,'TF-LUS'),(3798,32,'B','m','na',3,'TF-LUS'),(3799,32,'C','a','na',3,'TF-LUS'),(3800,32,'D','a','na',3,'TF-LUS'),(3801,32,'E','m','na',3,'TF-LUS'),(3802,32,'F','w','na',3,'TF-LUS'),(3803,1,'A','w','na',2,'TF-GRT'),(3804,1,'B','a','na',2,'TF-GRT'),(3805,1,'C','a','na',2,'TF-GRT'),(3806,1,'D','w','na',2,'TF-GRT'),(3807,2,'A','w','na',2,'TF-GRT'),(3808,2,'B','a','na',2,'TF-GRT'),(3809,2,'C','a','na',2,'TF-GRT'),(3810,2,'D','w','na',2,'TF-GRT'),(3811,3,'A','w','na',2,'TF-GRT'),(3812,3,'B','a','na',2,'TF-GRT'),(3813,3,'C','a','na',2,'TF-GRT'),(3814,3,'D','w','na',2,'TF-GRT'),(3815,4,'A','w','na',2,'TF-GRT'),(3816,4,'B','a','na',2,'TF-GRT'),(3817,4,'C','a','na',2,'TF-GRT'),(3818,4,'D','w','na',2,'TF-GRT'),(3819,5,'A','w','na',2,'TF-GRT'),(3820,5,'B','a','na',2,'TF-GRT'),(3821,5,'C','a','na',2,'TF-GRT'),(3822,5,'D','w','na',2,'TF-GRT'),(3823,6,'A','w','na',2,'TF-GRT'),(3824,6,'B','a','na',2,'TF-GRT'),(3825,6,'C','a','na',2,'TF-GRT'),(3826,6,'D','w','na',2,'TF-GRT'),(3827,7,'A','w','na',3,'TF-GRT'),(3828,7,'B','m','na',3,'TF-GRT'),(3829,7,'C','a','na',3,'TF-GRT'),(3830,7,'D','a','na',3,'TF-GRT'),(3831,7,'E','m','na',3,'TF-GRT'),(3832,7,'F','w','na',3,'TF-GRT'),(3833,8,'A','w','na',3,'TF-GRT'),(3834,8,'B','m','na',3,'TF-GRT'),(3835,8,'C','a','na',3,'TF-GRT'),(3836,8,'D','a','na',3,'TF-GRT'),(3837,8,'E','m','na',3,'TF-GRT'),(3838,8,'F','w','na',3,'TF-GRT'),(3839,9,'A','w','na',3,'TF-GRT'),(3840,9,'B','m','na',3,'TF-GRT'),(3841,9,'C','a','na',3,'TF-GRT'),(3842,9,'D','a','na',3,'TF-GRT'),(3843,9,'E','m','na',3,'TF-GRT'),(3844,9,'F','w','na',3,'TF-GRT'),(3845,10,'A','w','na',3,'TF-GRT'),(3846,10,'B','m','na',3,'TF-GRT'),(3847,10,'C','a','na',3,'TF-GRT'),(3848,10,'D','a','na',3,'TF-GRT'),(3849,10,'E','m','na',3,'TF-GRT'),(3850,10,'F','w','na',3,'TF-GRT'),(3851,11,'A','w','na',3,'TF-GRT'),(3852,11,'B','m','na',3,'TF-GRT'),(3853,11,'C','a','na',3,'TF-GRT'),(3854,11,'D','a','na',3,'TF-GRT'),(3855,11,'E','m','na',3,'TF-GRT'),(3856,11,'F','w','na',3,'TF-GRT'),(3857,12,'A','w','na',3,'TF-GRT'),(3858,12,'B','m','na',3,'TF-GRT'),(3859,12,'C','a','na',3,'TF-GRT'),(3860,12,'D','a','na',3,'TF-GRT'),(3861,12,'E','m','na',3,'TF-GRT'),(3862,12,'F','w','na',3,'TF-GRT'),(3863,13,'A','w','na',3,'TF-GRT'),(3864,13,'B','m','na',3,'TF-GRT'),(3865,13,'C','a','na',3,'TF-GRT'),(3866,13,'D','a','na',3,'TF-GRT'),(3867,13,'E','m','na',3,'TF-GRT'),(3868,13,'F','w','na',3,'TF-GRT'),(3869,14,'A','w','na',3,'TF-GRT'),(3870,14,'B','m','na',3,'TF-GRT'),(3871,14,'C','a','na',3,'TF-GRT'),(3872,14,'D','a','na',3,'TF-GRT'),(3873,14,'E','m','na',3,'TF-GRT'),(3874,14,'F','w','na',3,'TF-GRT'),(3875,15,'A','w','na',3,'TF-GRT'),(3876,15,'B','m','na',3,'TF-GRT'),(3877,15,'C','a','na',3,'TF-GRT'),(3878,15,'D','a','na',3,'TF-GRT'),(3879,15,'E','m','na',3,'TF-GRT'),(3880,15,'F','w','na',3,'TF-GRT'),(3881,16,'A','w','na',3,'TF-GRT'),(3882,16,'B','m','na',3,'TF-GRT'),(3883,16,'C','a','na',3,'TF-GRT'),(3884,16,'D','a','na',3,'TF-GRT'),(3885,16,'E','m','na',3,'TF-GRT'),(3886,16,'F','w','na',3,'TF-GRT'),(3887,17,'A','w','na',3,'TF-GRT'),(3888,17,'B','m','na',3,'TF-GRT'),(3889,17,'C','a','na',3,'TF-GRT'),(3890,17,'D','a','na',3,'TF-GRT'),(3891,17,'E','m','na',3,'TF-GRT'),(3892,17,'F','w','na',3,'TF-GRT'),(3893,18,'A','w','na',3,'TF-GRT'),(3894,18,'B','m','na',3,'TF-GRT'),(3895,18,'C','a','na',3,'TF-GRT'),(3896,18,'D','a','na',3,'TF-GRT'),(3897,18,'E','m','na',3,'TF-GRT'),(3898,18,'F','w','na',3,'TF-GRT'),(3899,19,'A','w','na',3,'TF-GRT'),(3900,19,'B','m','na',3,'TF-GRT'),(3901,19,'C','a','na',3,'TF-GRT'),(3902,19,'D','a','na',3,'TF-GRT'),(3903,19,'E','m','na',3,'TF-GRT'),(3904,19,'F','w','na',3,'TF-GRT'),(3905,20,'A','w','na',3,'TF-GRT'),(3906,20,'B','m','na',3,'TF-GRT'),(3907,20,'C','a','na',3,'TF-GRT'),(3908,20,'D','a','na',3,'TF-GRT'),(3909,20,'E','m','na',3,'TF-GRT'),(3910,20,'F','w','na',3,'TF-GRT'),(3911,21,'A','w','na',3,'TF-GRT'),(3912,21,'B','m','na',3,'TF-GRT'),(3913,21,'C','a','na',3,'TF-GRT'),(3914,21,'D','a','na',3,'TF-GRT'),(3915,21,'E','m','na',3,'TF-GRT'),(3916,21,'F','w','na',3,'TF-GRT'),(3917,22,'A','w','na',3,'TF-GRT'),(3918,22,'B','m','na',3,'TF-GRT'),(3919,22,'C','a','na',3,'TF-GRT'),(3920,22,'D','a','na',3,'TF-GRT'),(3921,22,'E','m','na',3,'TF-GRT'),(3922,22,'F','w','na',3,'TF-GRT'),(3923,23,'A','w','na',3,'TF-GRT'),(3924,23,'B','m','na',3,'TF-GRT'),(3925,23,'C','a','na',3,'TF-GRT'),(3926,23,'D','a','na',3,'TF-GRT'),(3927,23,'E','m','na',3,'TF-GRT'),(3928,23,'F','w','na',3,'TF-GRT'),(3929,24,'A','w','na',3,'TF-GRT'),(3930,24,'B','m','na',3,'TF-GRT'),(3931,24,'C','a','na',3,'TF-GRT'),(3932,24,'D','a','na',3,'TF-GRT'),(3933,24,'E','m','na',3,'TF-GRT'),(3934,24,'F','w','na',3,'TF-GRT'),(3935,25,'A','w','na',3,'TF-GRT'),(3936,25,'B','m','na',3,'TF-GRT'),(3937,25,'C','a','na',3,'TF-GRT'),(3938,25,'D','a','na',3,'TF-GRT'),(3939,25,'E','m','na',3,'TF-GRT'),(3940,25,'F','w','na',3,'TF-GRT'),(3941,26,'A','w','na',3,'TF-GRT'),(3942,26,'B','m','na',3,'TF-GRT'),(3943,26,'C','a','na',3,'TF-GRT'),(3944,26,'D','a','na',3,'TF-GRT'),(3945,26,'E','m','na',3,'TF-GRT'),(3946,26,'F','w','na',3,'TF-GRT'),(3947,27,'A','w','na',3,'TF-GRT'),(3948,27,'B','m','na',3,'TF-GRT'),(3949,27,'C','a','na',3,'TF-GRT'),(3950,27,'D','a','na',3,'TF-GRT'),(3951,27,'E','m','na',3,'TF-GRT'),(3952,27,'F','w','na',3,'TF-GRT'),(3953,28,'A','w','na',3,'TF-GRT'),(3954,28,'B','m','na',3,'TF-GRT'),(3955,28,'C','a','na',3,'TF-GRT'),(3956,28,'D','a','na',3,'TF-GRT'),(3957,28,'E','m','na',3,'TF-GRT'),(3958,28,'F','w','na',3,'TF-GRT'),(3959,29,'A','w','na',3,'TF-GRT'),(3960,29,'B','m','na',3,'TF-GRT'),(3961,29,'C','a','na',3,'TF-GRT'),(3962,29,'D','a','na',3,'TF-GRT'),(3963,29,'E','m','na',3,'TF-GRT'),(3964,29,'F','w','na',3,'TF-GRT'),(3965,30,'A','w','na',3,'TF-GRT'),(3966,30,'B','m','na',3,'TF-GRT'),(3967,30,'C','a','na',3,'TF-GRT'),(3968,30,'D','a','na',3,'TF-GRT'),(3969,30,'E','m','na',3,'TF-GRT'),(3970,30,'F','w','na',3,'TF-GRT'),(3971,31,'A','w','na',3,'TF-GRT'),(3972,31,'B','m','na',3,'TF-GRT'),(3973,31,'C','a','na',3,'TF-GRT'),(3974,31,'D','a','na',3,'TF-GRT'),(3975,31,'E','m','na',3,'TF-GRT'),(3976,31,'F','w','na',3,'TF-GRT'),(3977,32,'A','w','na',3,'TF-GRT'),(3978,32,'B','m','na',3,'TF-GRT'),(3979,32,'C','a','na',3,'TF-GRT'),(3980,32,'D','a','na',3,'TF-GRT'),(3981,32,'E','m','na',3,'TF-GRT'),(3982,32,'F','w','na',3,'TF-GRT'),(3983,1,'A','w','na',2,'TF-YES'),(3984,1,'B','a','na',2,'TF-YES'),(3985,1,'C','a','na',2,'TF-YES'),(3986,1,'D','w','na',2,'TF-YES'),(3987,2,'A','w','na',2,'TF-YES'),(3988,2,'B','a','na',2,'TF-YES'),(3989,2,'C','a','na',2,'TF-YES'),(3990,2,'D','w','na',2,'TF-YES'),(3991,3,'A','w','na',2,'TF-YES'),(3992,3,'B','a','na',2,'TF-YES'),(3993,3,'C','a','na',2,'TF-YES'),(3994,3,'D','w','na',2,'TF-YES'),(3995,4,'A','w','na',2,'TF-YES'),(3996,4,'B','a','na',2,'TF-YES'),(3997,4,'C','a','na',2,'TF-YES'),(3998,4,'D','w','na',2,'TF-YES'),(3999,5,'A','w','na',2,'TF-YES'),(4000,5,'B','a','na',2,'TF-YES'),(4001,5,'C','a','na',2,'TF-YES'),(4002,5,'D','w','na',2,'TF-YES'),(4003,6,'A','w','na',2,'TF-YES'),(4004,6,'B','a','na',2,'TF-YES'),(4005,6,'C','a','na',2,'TF-YES'),(4006,6,'D','w','na',2,'TF-YES'),(4007,7,'A','w','na',3,'TF-YES'),(4008,7,'B','m','na',3,'TF-YES'),(4009,7,'C','a','na',3,'TF-YES'),(4010,7,'D','a','na',3,'TF-YES'),(4011,7,'E','m','na',3,'TF-YES'),(4012,7,'F','w','na',3,'TF-YES'),(4013,8,'A','w','na',3,'TF-YES'),(4014,8,'B','m','na',3,'TF-YES'),(4015,8,'C','a','na',3,'TF-YES'),(4016,8,'D','a','na',3,'TF-YES'),(4017,8,'E','m','na',3,'TF-YES'),(4018,8,'F','w','na',3,'TF-YES'),(4019,9,'A','w','na',3,'TF-YES'),(4020,9,'B','m','na',3,'TF-YES'),(4021,9,'C','a','na',3,'TF-YES'),(4022,9,'D','a','na',3,'TF-YES'),(4023,9,'E','m','na',3,'TF-YES'),(4024,9,'F','w','na',3,'TF-YES'),(4025,10,'A','w','na',3,'TF-YES'),(4026,10,'B','m','na',3,'TF-YES'),(4027,10,'C','a','na',3,'TF-YES'),(4028,10,'D','a','na',3,'TF-YES'),(4029,10,'E','m','na',3,'TF-YES'),(4030,10,'F','w','na',3,'TF-YES'),(4031,11,'A','w','na',3,'TF-YES'),(4032,11,'B','m','na',3,'TF-YES'),(4033,11,'C','a','na',3,'TF-YES'),(4034,11,'D','a','na',3,'TF-YES'),(4035,11,'E','m','na',3,'TF-YES'),(4036,11,'F','w','na',3,'TF-YES'),(4037,12,'A','w','na',3,'TF-YES'),(4038,12,'B','m','na',3,'TF-YES'),(4039,12,'C','a','na',3,'TF-YES'),(4040,12,'D','a','na',3,'TF-YES'),(4041,12,'E','m','na',3,'TF-YES'),(4042,12,'F','w','na',3,'TF-YES'),(4043,13,'A','w','na',3,'TF-YES'),(4044,13,'B','m','na',3,'TF-YES'),(4045,13,'C','a','na',3,'TF-YES'),(4046,13,'D','a','na',3,'TF-YES'),(4047,13,'E','m','na',3,'TF-YES'),(4048,13,'F','w','na',3,'TF-YES'),(4049,14,'A','w','na',3,'TF-YES'),(4050,14,'B','m','na',3,'TF-YES'),(4051,14,'C','a','na',3,'TF-YES'),(4052,14,'D','a','na',3,'TF-YES'),(4053,14,'E','m','na',3,'TF-YES'),(4054,14,'F','w','na',3,'TF-YES'),(4055,15,'A','w','na',3,'TF-YES'),(4056,15,'B','m','na',3,'TF-YES'),(4057,15,'C','a','na',3,'TF-YES'),(4058,15,'D','a','na',3,'TF-YES'),(4059,15,'E','m','na',3,'TF-YES'),(4060,15,'F','w','na',3,'TF-YES'),(4061,16,'A','w','na',3,'TF-YES'),(4062,16,'B','m','na',3,'TF-YES'),(4063,16,'C','a','na',3,'TF-YES'),(4064,16,'D','a','na',3,'TF-YES'),(4065,16,'E','m','na',3,'TF-YES'),(4066,16,'F','w','na',3,'TF-YES'),(4067,17,'A','w','na',3,'TF-YES'),(4068,17,'B','m','na',3,'TF-YES'),(4069,17,'C','a','na',3,'TF-YES'),(4070,17,'D','a','na',3,'TF-YES'),(4071,17,'E','m','na',3,'TF-YES'),(4072,17,'F','w','na',3,'TF-YES'),(4073,18,'A','w','na',3,'TF-YES'),(4074,18,'B','m','na',3,'TF-YES'),(4075,18,'C','a','na',3,'TF-YES'),(4076,18,'D','a','na',3,'TF-YES'),(4077,18,'E','m','na',3,'TF-YES'),(4078,18,'F','w','na',3,'TF-YES'),(4079,19,'A','w','na',3,'TF-YES'),(4080,19,'B','m','na',3,'TF-YES'),(4081,19,'C','a','na',3,'TF-YES'),(4082,19,'D','a','na',3,'TF-YES'),(4083,19,'E','m','na',3,'TF-YES'),(4084,19,'F','w','na',3,'TF-YES'),(4085,20,'A','w','na',3,'TF-YES'),(4086,20,'B','m','na',3,'TF-YES'),(4087,20,'C','a','na',3,'TF-YES'),(4088,20,'D','a','na',3,'TF-YES'),(4089,20,'E','m','na',3,'TF-YES'),(4090,20,'F','w','na',3,'TF-YES'),(4091,21,'A','w','na',3,'TF-YES'),(4092,21,'B','m','na',3,'TF-YES'),(4093,21,'C','a','na',3,'TF-YES'),(4094,21,'D','a','na',3,'TF-YES'),(4095,21,'E','m','na',3,'TF-YES'),(4096,21,'F','w','na',3,'TF-YES'),(4097,22,'A','w','na',3,'TF-YES'),(4098,22,'B','m','na',3,'TF-YES'),(4099,22,'C','a','na',3,'TF-YES'),(4100,22,'D','a','na',3,'TF-YES'),(4101,22,'E','m','na',3,'TF-YES'),(4102,22,'F','w','na',3,'TF-YES'),(4103,23,'A','w','na',3,'TF-YES'),(4104,23,'B','m','na',3,'TF-YES'),(4105,23,'C','a','na',3,'TF-YES'),(4106,23,'D','a','na',3,'TF-YES'),(4107,23,'E','m','na',3,'TF-YES'),(4108,23,'F','w','na',3,'TF-YES'),(4109,24,'A','w','na',3,'TF-YES'),(4110,24,'B','m','na',3,'TF-YES'),(4111,24,'C','a','na',3,'TF-YES'),(4112,24,'D','a','na',3,'TF-YES'),(4113,24,'E','m','na',3,'TF-YES'),(4114,24,'F','w','na',3,'TF-YES'),(4115,25,'A','w','na',3,'TF-YES'),(4116,25,'B','m','na',3,'TF-YES'),(4117,25,'C','a','na',3,'TF-YES'),(4118,25,'D','a','na',3,'TF-YES'),(4119,25,'E','m','na',3,'TF-YES'),(4120,25,'F','w','na',3,'TF-YES'),(4121,26,'A','w','na',3,'TF-YES'),(4122,26,'B','m','na',3,'TF-YES'),(4123,26,'C','a','na',3,'TF-YES'),(4124,26,'D','a','na',3,'TF-YES'),(4125,26,'E','m','na',3,'TF-YES'),(4126,26,'F','w','na',3,'TF-YES'),(4127,27,'A','w','na',3,'TF-YES'),(4128,27,'B','m','na',3,'TF-YES'),(4129,27,'C','a','na',3,'TF-YES'),(4130,27,'D','a','na',3,'TF-YES'),(4131,27,'E','m','na',3,'TF-YES'),(4132,27,'F','w','na',3,'TF-YES'),(4133,28,'A','w','na',3,'TF-YES'),(4134,28,'B','m','na',3,'TF-YES'),(4135,28,'C','a','na',3,'TF-YES'),(4136,28,'D','a','na',3,'TF-YES'),(4137,28,'E','m','na',3,'TF-YES'),(4138,28,'F','w','na',3,'TF-YES'),(4139,29,'A','w','na',3,'TF-YES'),(4140,29,'B','m','na',3,'TF-YES'),(4141,29,'C','a','na',3,'TF-YES'),(4142,29,'D','a','na',3,'TF-YES'),(4143,29,'E','m','na',3,'TF-YES'),(4144,29,'F','w','na',3,'TF-YES'),(4145,30,'A','w','na',3,'TF-YES'),(4146,30,'B','m','na',3,'TF-YES'),(4147,30,'C','a','na',3,'TF-YES'),(4148,30,'D','a','na',3,'TF-YES'),(4149,30,'E','m','na',3,'TF-YES'),(4150,30,'F','w','na',3,'TF-YES'),(4151,31,'A','w','na',3,'TF-YES'),(4152,31,'B','m','na',3,'TF-YES'),(4153,31,'C','a','na',3,'TF-YES'),(4154,31,'D','a','na',3,'TF-YES'),(4155,31,'E','m','na',3,'TF-YES'),(4156,31,'F','w','na',3,'TF-YES'),(4157,32,'A','w','na',3,'TF-YES'),(4158,32,'B','m','na',3,'TF-YES'),(4159,32,'C','a','na',3,'TF-YES'),(4160,32,'D','a','na',3,'TF-YES'),(4161,32,'E','m','na',3,'TF-YES'),(4162,32,'F','w','na',3,'TF-YES'),(4163,1,'A','w','na',1,'TF-ELP'),(4164,1,'B','a','na',1,'TF-ELP'),(4165,1,'C','a','na',1,'TF-ELP'),(4166,1,'D','a','na',1,'TF-ELP'),(4167,1,'E','a','na',1,'TF-ELP'),(4168,1,'F','w','na',1,'TF-ELP'),(4169,2,'A','w','na',1,'TF-ELP'),(4170,2,'B','a','na',1,'TF-ELP'),(4171,2,'C','a','na',1,'TF-ELP'),(4172,2,'D','a','na',1,'TF-ELP'),(4173,2,'E','a','na',1,'TF-ELP'),(4174,2,'F','w','na',1,'TF-ELP'),(4175,3,'A','w','na',1,'TF-ELP'),(4176,3,'B','a','na',1,'TF-ELP'),(4177,3,'C','a','na',1,'TF-ELP'),(4178,3,'D','a','na',1,'TF-ELP'),(4179,3,'E','a','na',1,'TF-ELP'),(4180,3,'F','w','na',1,'TF-ELP'),(4181,4,'A','w','na',1,'TF-ELP'),(4182,4,'B','a','na',1,'TF-ELP'),(4183,4,'C','a','na',1,'TF-ELP'),(4184,4,'D','a','na',1,'TF-ELP'),(4185,4,'E','a','na',1,'TF-ELP'),(4186,4,'F','w','na',1,'TF-ELP'),(4187,5,'A','w','na',1,'TF-ELP'),(4188,5,'B','a','na',1,'TF-ELP'),(4189,5,'C','a','na',1,'TF-ELP'),(4190,5,'D','a','na',1,'TF-ELP'),(4191,5,'E','a','na',1,'TF-ELP'),(4192,5,'F','w','na',1,'TF-ELP'),(4193,6,'A','w','na',1,'TF-ELP'),(4194,6,'B','a','na',1,'TF-ELP'),(4195,6,'C','a','na',1,'TF-ELP'),(4196,6,'D','a','na',1,'TF-ELP'),(4197,6,'E','a','na',1,'TF-ELP'),(4198,6,'F','w','na',1,'TF-ELP'),(4199,7,'A','w','na',2,'TF-ELP'),(4200,7,'B','a','na',2,'TF-ELP'),(4201,7,'C','a','na',2,'TF-ELP'),(4202,7,'D','w','na',2,'TF-ELP'),(4203,8,'A','w','na',2,'TF-ELP'),(4204,8,'B','a','na',2,'TF-ELP'),(4205,8,'C','a','na',2,'TF-ELP'),(4206,8,'D','w','na',2,'TF-ELP'),(4207,9,'A','w','na',2,'TF-ELP'),(4208,9,'B','a','na',2,'TF-ELP'),(4209,9,'C','a','na',2,'TF-ELP'),(4210,9,'D','m','na',2,'TF-ELP'),(4211,9,'E','m','na',2,'TF-ELP'),(4212,9,'F','a','na',2,'TF-ELP'),(4213,9,'G','a','na',2,'TF-ELP'),(4214,9,'H','w','na',2,'TF-ELP'),(4215,10,'A','w','na',2,'TF-ELP'),(4216,10,'B','a','na',2,'TF-ELP'),(4217,10,'C','a','na',2,'TF-ELP'),(4218,10,'D','m','na',2,'TF-ELP'),(4219,10,'E','m','na',2,'TF-ELP'),(4220,10,'F','a','na',2,'TF-ELP'),(4221,10,'G','a','na',2,'TF-ELP'),(4222,10,'H','w','na',2,'TF-ELP'),(4223,11,'A','w','na',2,'TF-ELP'),(4224,11,'B','a','na',2,'TF-ELP'),(4225,11,'C','a','na',2,'TF-ELP'),(4226,11,'D','m','na',2,'TF-ELP'),(4227,11,'E','m','na',2,'TF-ELP'),(4228,11,'F','a','na',2,'TF-ELP'),(4229,11,'G','a','na',2,'TF-ELP'),(4230,11,'H','w','na',2,'TF-ELP'),(4231,12,'A','w','na',3,'TF-ELP'),(4232,12,'B','a','na',3,'TF-ELP'),(4233,12,'C','a','na',3,'TF-ELP'),(4234,12,'D','m','na',3,'TF-ELP'),(4235,12,'E','m','na',3,'TF-ELP'),(4236,12,'F','a','na',3,'TF-ELP'),(4237,12,'G','a','na',3,'TF-ELP'),(4238,12,'H','w','na',3,'TF-ELP'),(4239,13,'A','w','na',3,'TF-ELP'),(4240,13,'B','a','na',3,'TF-ELP'),(4241,13,'C','a','na',3,'TF-ELP'),(4242,13,'D','m','na',3,'TF-ELP'),(4243,13,'E','m','na',3,'TF-ELP'),(4244,13,'F','a','na',3,'TF-ELP'),(4245,13,'G','a','na',3,'TF-ELP'),(4246,13,'H','w','na',3,'TF-ELP'),(4247,14,'A','w','na',3,'TF-ELP'),(4248,14,'B','a','na',3,'TF-ELP'),(4249,14,'C','a','na',3,'TF-ELP'),(4250,14,'D','m','na',3,'TF-ELP'),(4251,14,'E','m','na',3,'TF-ELP'),(4252,14,'F','a','na',3,'TF-ELP'),(4253,14,'G','a','na',3,'TF-ELP'),(4254,14,'H','w','na',3,'TF-ELP'),(4255,15,'A','w','na',3,'TF-ELP'),(4256,15,'B','a','na',3,'TF-ELP'),(4257,15,'C','a','na',3,'TF-ELP'),(4258,15,'D','m','na',3,'TF-ELP'),(4259,15,'E','m','na',3,'TF-ELP'),(4260,15,'F','a','na',3,'TF-ELP'),(4261,15,'G','a','na',3,'TF-ELP'),(4262,15,'H','w','na',3,'TF-ELP'),(4263,16,'A','w','na',3,'TF-ELP'),(4264,16,'B','a','na',3,'TF-ELP'),(4265,16,'C','a','na',3,'TF-ELP'),(4266,16,'D','m','na',3,'TF-ELP'),(4267,16,'E','m','na',3,'TF-ELP'),(4268,16,'F','a','na',3,'TF-ELP'),(4269,16,'G','a','na',3,'TF-ELP'),(4270,16,'H','w','na',3,'TF-ELP'),(4271,17,'A','w','na',3,'TF-ELP'),(4272,17,'B','a','na',3,'TF-ELP'),(4273,17,'C','a','na',3,'TF-ELP'),(4274,17,'D','m','na',3,'TF-ELP'),(4275,17,'E','m','na',3,'TF-ELP'),(4276,17,'F','a','na',3,'TF-ELP'),(4277,17,'G','a','na',3,'TF-ELP'),(4278,17,'H','w','na',3,'TF-ELP'),(4279,18,'A','w','na',3,'TF-ELP'),(4280,18,'B','a','na',3,'TF-ELP'),(4281,18,'C','a','na',3,'TF-ELP'),(4282,18,'D','m','na',3,'TF-ELP'),(4283,18,'E','m','na',3,'TF-ELP'),(4284,18,'F','a','na',3,'TF-ELP'),(4285,18,'G','a','na',3,'TF-ELP'),(4286,18,'H','w','na',3,'TF-ELP'),(4287,19,'A','w','na',3,'TF-ELP'),(4288,19,'B','a','na',3,'TF-ELP'),(4289,19,'C','a','na',3,'TF-ELP'),(4290,19,'D','m','na',3,'TF-ELP'),(4291,19,'E','m','na',3,'TF-ELP'),(4292,19,'F','a','na',3,'TF-ELP'),(4293,19,'G','a','na',3,'TF-ELP'),(4294,19,'H','w','na',3,'TF-ELP'),(4295,20,'A','w','na',3,'TF-ELP'),(4296,20,'B','a','na',3,'TF-ELP'),(4297,20,'C','a','na',3,'TF-ELP'),(4298,20,'D','m','na',3,'TF-ELP'),(4299,20,'E','m','na',3,'TF-ELP'),(4300,20,'F','a','na',3,'TF-ELP'),(4301,20,'G','a','na',3,'TF-ELP'),(4302,20,'H','w','na',3,'TF-ELP'),(4303,21,'A','w','na',3,'TF-ELP'),(4304,21,'B','a','na',3,'TF-ELP'),(4305,21,'C','a','na',3,'TF-ELP'),(4306,21,'D','m','na',3,'TF-ELP'),(4307,21,'E','m','na',3,'TF-ELP'),(4308,21,'F','a','na',3,'TF-ELP'),(4309,21,'G','a','na',3,'TF-ELP'),(4310,21,'H','w','na',3,'TF-ELP'),(4311,22,'A','w','na',3,'TF-ELP'),(4312,22,'B','a','na',3,'TF-ELP'),(4313,22,'C','a','na',3,'TF-ELP'),(4314,22,'D','m','na',3,'TF-ELP'),(4315,22,'E','m','na',3,'TF-ELP'),(4316,22,'F','a','na',3,'TF-ELP'),(4317,22,'G','a','na',3,'TF-ELP'),(4318,22,'H','w','na',3,'TF-ELP'),(4319,23,'A','w','na',3,'TF-ELP'),(4320,23,'B','a','na',3,'TF-ELP'),(4321,23,'C','a','na',3,'TF-ELP'),(4322,23,'D','m','na',3,'TF-ELP'),(4323,23,'E','m','na',3,'TF-ELP'),(4324,23,'F','a','na',3,'TF-ELP'),(4325,23,'G','a','na',3,'TF-ELP'),(4326,23,'H','w','na',3,'TF-ELP'),(4327,24,'A','w','na',3,'TF-ELP'),(4328,24,'B','a','na',3,'TF-ELP'),(4329,24,'C','a','na',3,'TF-ELP'),(4330,24,'D','m','na',3,'TF-ELP'),(4331,24,'E','m','na',3,'TF-ELP'),(4332,24,'F','a','na',3,'TF-ELP'),(4333,24,'G','a','na',3,'TF-ELP'),(4334,24,'H','w','na',3,'TF-ELP'),(4335,25,'A','w','na',3,'TF-ELP'),(4336,25,'B','a','na',3,'TF-ELP'),(4337,25,'C','a','na',3,'TF-ELP'),(4338,25,'D','w','na',3,'TF-ELP'),(4339,26,'A','w','na',3,'TF-ELP'),(4340,26,'B','a','na',3,'TF-ELP'),(4341,26,'C','a','na',3,'TF-ELP'),(4342,26,'D','m','na',3,'TF-ELP'),(4343,26,'E','m','na',3,'TF-ELP'),(4344,26,'F','a','na',3,'TF-ELP'),(4345,26,'G','a','na',3,'TF-ELP'),(4346,26,'H','w','na',3,'TF-ELP'),(4347,27,'A','w','na',3,'TF-ELP'),(4348,27,'B','a','na',3,'TF-ELP'),(4349,27,'C','a','na',3,'TF-ELP'),(4350,27,'D','m','na',3,'TF-ELP'),(4351,27,'E','m','na',3,'TF-ELP'),(4352,27,'F','a','na',3,'TF-ELP'),(4353,27,'G','a','na',3,'TF-ELP'),(4354,27,'H','w','na',3,'TF-ELP'),(4355,28,'A','w','na',3,'TF-ELP'),(4356,28,'B','a','na',3,'TF-ELP'),(4357,28,'C','a','na',3,'TF-ELP'),(4358,28,'D','m','na',3,'TF-ELP'),(4359,28,'E','m','na',3,'TF-ELP'),(4360,28,'F','a','na',3,'TF-ELP'),(4361,28,'G','a','na',3,'TF-ELP'),(4362,28,'H','w','na',3,'TF-ELP'),(4363,29,'A','w','na',3,'TF-ELP'),(4364,29,'B','a','na',3,'TF-ELP'),(4365,29,'C','a','na',3,'TF-ELP'),(4366,29,'D','m','na',3,'TF-ELP'),(4367,29,'E','m','na',3,'TF-ELP'),(4368,29,'F','a','na',3,'TF-ELP'),(4369,29,'G','a','na',3,'TF-ELP'),(4370,29,'H','w','na',3,'TF-ELP'),(4371,30,'A','w','na',3,'TF-ELP'),(4372,30,'B','a','na',3,'TF-ELP'),(4373,30,'C','a','na',3,'TF-ELP'),(4374,30,'D','m','na',3,'TF-ELP'),(4375,30,'E','m','na',3,'TF-ELP'),(4376,30,'F','a','na',3,'TF-ELP'),(4377,30,'G','a','na',3,'TF-ELP'),(4378,30,'H','w','na',3,'TF-ELP'),(4379,31,'A','w','na',3,'TF-ELP'),(4380,31,'B','a','na',3,'TF-ELP'),(4381,31,'C','a','na',3,'TF-ELP'),(4382,31,'D','m','na',3,'TF-ELP'),(4383,31,'E','m','na',3,'TF-ELP'),(4384,31,'F','a','na',3,'TF-ELP'),(4385,31,'G','a','na',3,'TF-ELP'),(4386,31,'H','w','na',3,'TF-ELP'),(4387,32,'A','w','na',3,'TF-ELP'),(4388,32,'B','a','na',3,'TF-ELP'),(4389,32,'C','a','na',3,'TF-ELP'),(4390,32,'D','m','na',3,'TF-ELP'),(4391,32,'E','m','na',3,'TF-ELP'),(4392,32,'F','a','na',3,'TF-ELP'),(4393,32,'G','a','na',3,'TF-ELP'),(4394,32,'H','w','na',3,'TF-ELP'),(4395,33,'A','w','na',3,'TF-ELP'),(4396,33,'B','a','na',3,'TF-ELP'),(4397,33,'C','a','na',3,'TF-ELP'),(4398,33,'D','m','na',3,'TF-ELP'),(4399,33,'E','m','na',3,'TF-ELP'),(4400,33,'F','a','na',3,'TF-ELP'),(4401,33,'G','a','na',3,'TF-ELP'),(4402,33,'H','w','na',3,'TF-ELP'),(4403,34,'A','w','na',3,'TF-ELP'),(4404,34,'B','a','na',3,'TF-ELP'),(4405,34,'C','a','na',3,'TF-ELP'),(4406,34,'D','m','na',3,'TF-ELP'),(4407,34,'E','m','na',3,'TF-ELP'),(4408,34,'F','a','na',3,'TF-ELP'),(4409,34,'G','a','na',3,'TF-ELP'),(4410,34,'H','w','na',3,'TF-ELP'),(4411,35,'A','w','na',3,'TF-ELP'),(4412,35,'B','a','na',3,'TF-ELP'),(4413,35,'C','a','na',3,'TF-ELP'),(4414,35,'D','m','na',3,'TF-ELP'),(4415,35,'E','m','na',3,'TF-ELP'),(4416,35,'F','a','na',3,'TF-ELP'),(4417,35,'G','a','na',3,'TF-ELP'),(4418,35,'H','w','na',3,'TF-ELP'),(4419,36,'A','w','na',3,'TF-ELP'),(4420,36,'B','a','na',3,'TF-ELP'),(4421,36,'C','a','na',3,'TF-ELP'),(4422,36,'D','m','na',3,'TF-ELP'),(4423,36,'E','m','na',3,'TF-ELP'),(4424,36,'F','a','na',3,'TF-ELP'),(4425,36,'G','a','na',3,'TF-ELP'),(4426,36,'H','w','na',3,'TF-ELP'),(4427,37,'A','w','na',3,'TF-ELP'),(4428,37,'B','a','na',3,'TF-ELP'),(4429,37,'C','a','na',3,'TF-ELP'),(4430,37,'D','m','na',3,'TF-ELP'),(4431,37,'E','m','na',3,'TF-ELP'),(4432,37,'F','a','na',3,'TF-ELP'),(4433,37,'G','a','na',3,'TF-ELP'),(4434,37,'H','w','na',3,'TF-ELP'),(4435,38,'A','w','na',3,'TF-ELP'),(4436,38,'B','a','na',3,'TF-ELP'),(4437,38,'C','a','na',3,'TF-ELP'),(4438,38,'D','m','na',3,'TF-ELP'),(4439,38,'E','a','na',3,'TF-ELP'),(4440,38,'F','a','na',3,'TF-ELP'),(4441,38,'G','w','na',3,'TF-ELP'),(4442,39,'A','w','na',3,'TF-ELP'),(4443,39,'B','a','na',3,'TF-ELP'),(4444,39,'C','a','na',3,'TF-ELP'),(4445,39,'D','m','na',3,'TF-ELP'),(4446,39,'E','a','na',3,'TF-ELP'),(4447,39,'F','a','na',3,'TF-ELP'),(4448,39,'G','w','na',3,'TF-ELP'),(4449,40,'A','w','na',3,'TF-ELP'),(4450,40,'B','a','na',3,'TF-ELP'),(4451,40,'C','a','na',3,'TF-ELP'),(4452,40,'D','m','na',3,'TF-ELP'),(4453,40,'E','a','na',3,'TF-ELP'),(4454,40,'F','a','na',3,'TF-ELP'),(4455,40,'G','w','na',3,'TF-ELP'),(4456,41,'A','w','na',3,'TF-ELP'),(4457,41,'B','a','na',3,'TF-ELP'),(4458,41,'C','a','na',3,'TF-ELP'),(4459,41,'D','m','na',3,'TF-ELP'),(4460,41,'E','a','na',3,'TF-ELP'),(4461,41,'F','a','na',3,'TF-ELP'),(4462,41,'G','w','na',3,'TF-ELP');
/*!40000 ALTER TABLE `aircraftseats` ENABLE KEYS */;
UNLOCK TABLES;

--
-- Table structure for table `aircraftspecifications`
--

DROP TABLE IF EXISTS `aircraftspecifications`;
/*!40101 SET @saved_cs_client     = @@character_set_client */;
/*!40101 SET character_set_client = utf8 */;
CREATE TABLE `aircraftspecifications` (
  `aircraftSpecificationsID` int(11) NOT NULL AUTO_INCREMENT,
  `manufacturer` varchar(255) DEFAULT NULL,
  `variant` varchar(255) DEFAULT NULL,
  `cockpitCrew` tinyint(4) DEFAULT NULL,
  `typicalSeating` int(11) DEFAULT NULL,
  `exitLimit` int(11) DEFAULT NULL,
  `lengthOverall` float DEFAULT NULL,
  `wingspan` float DEFAULT NULL,
  `height` float DEFAULT NULL,
  `wheelbase` float DEFAULT NULL,
  `wheelTrack` float DEFAULT NULL,
  `fuselageWidth` float DEFAULT NULL,
  `fuselageHeight` float DEFAULT NULL,
  `maximumCabinWidth` float DEFAULT NULL,
  `cabinLength` float DEFAULT NULL,
  `wingArea` int(11) DEFAULT NULL,
  `aspectRatio` float DEFAULT NULL,
  `wingSweep` varchar(4) DEFAULT NULL,
  `maximumRampWeight` float DEFAULT NULL,
  `maximumTakeoffWeight` float DEFAULT NULL,
  `maximumLandingWeight` float DEFAULT NULL,
  `maximumZeroFuelWeight` float DEFAULT NULL,
  `operatingEmpyWeight` float DEFAULT NULL,
  `maximumStructuralPayload` float DEFAULT NULL,
  `maximumCargoVolume` float DEFAULT NULL,
  `maximumOperatingSpeed` int(11) DEFAULT NULL,
  `maximumDesignSpeed` int(11) DEFAULT NULL,
  `cruiseSpeed` int(11) DEFAULT NULL,
  `takeOff` int(11) DEFAULT NULL,
  `landingSpeed` int(11) DEFAULT NULL,
  `range` int(11) DEFAULT NULL,
  `serviceCeiling` int(11) DEFAULT NULL,
  `maximumFuelCapacity` int(11) DEFAULT NULL,
  `engineCount` int(11) DEFAULT NULL,
  `turbopropenginespecificationsID` int(11) DEFAULT NULL,
  `turbojetenginespecificationsID` int(11) DEFAULT NULL,
  PRIMARY KEY (`aircraftSpecificationsID`),
  KEY `aircraftturbopropSpecificationsFK` (`turbopropenginespecificationsID`),
  KEY `aircraftturbojetSpecificationsFK` (`turbojetenginespecificationsID`),
  CONSTRAINT `aircraftturbojetSpecificationsFK` FOREIGN KEY (`turbojetenginespecificationsID`) REFERENCES `turbojetenginespecifications` (`engineSpecificationsID`),
  CONSTRAINT `aircraftturbopropSpecificationsFK` FOREIGN KEY (`turbopropenginespecificationsID`) REFERENCES `turbopropenginespecifications` (`engineSpecificationsID`)
) ENGINE=InnoDB AUTO_INCREMENT=8 DEFAULT CHARSET=utf8;
/*!40101 SET character_set_client = @saved_cs_client */;

--
-- Dumping data for table `aircraftspecifications`
--

LOCK TABLES `aircraftspecifications` WRITE;
/*!40000 ALTER TABLE `aircraftspecifications` DISABLE KEYS */;
INSERT INTO `aircraftspecifications` VALUES (1,'Airbus','A380-841',2,544,868,72.72,79.75,24.09,31.88,14.34,7.14,8.41,6.5,49.9,845,7.53,'33.5',577,575,394,369,276.8,84,184,945,1020,903,3000,240,15200,13100,320000,4,NULL,650),(2,'Airbus','A350-900',2,325,440,66.8,64.75,17.05,NULL,NULL,5.96,6.09,5.61,NULL,442,9.49,'31.9',NULL,280,207,195.7,145.1,NULL,162,950,950,904,2200,NULL,15000,13100,140795,2,NULL,655),(3,'Airbus','A330-200',2,246,406,58.82,60.3,17.39,12.61,NULL,5.64,5.64,5.18,NULL,361,10.06,'30',NULL,242,182,170,120,NULL,132.4,913,913,870,2770,252,13450,12500,139090,2,NULL,468),(4,'Airbus','A320',2,186,195,37.57,35.8,11.76,12.64,7.59,3.95,4.14,3.7,NULL,122,NULL,'25',NULL,78,66,62.5,42.6,NULL,37.4,871,871,829,2100,NULL,7800,12500,27200,2,NULL,70),(5,'Boeing','787-9',2,406,420,62.81,60.12,17.02,NULL,NULL,5.77,5.94,5.49,NULL,360,10.03,'32.2',NULL,254,192,181,129,NULL,172.5,945,945,903,2900,NULL,14140,13100,126372,2,NULL,655),(6,'Boeing','777-200',2,305,440,63.73,60.93,18.5,NULL,NULL,6.2,NULL,5.84,NULL,NULL,NULL,'31.6',NULL,247,202,NULL,136,NULL,150.9,945,945,892,2440,NULL,9700,13100,117340,2,NULL,273),(7,'Boeing','757-200',2,200,239,47.3,38,13.6,NULL,NULL,NULL,NULL,3.54,36.09,185,7.8,'25',NULL,115,92,84,58,NULL,43.3,918,918,854,2070,NULL,7250,13000,43490,2,NULL,442);
/*!40000 ALTER TABLE `aircraftspecifications` ENABLE KEYS */;
UNLOCK TABLES;

--
-- Table structure for table `airports`
--

DROP TABLE IF EXISTS `airports`;
/*!40101 SET @saved_cs_client     = @@character_set_client */;
/*!40101 SET character_set_client = utf8 */;
CREATE TABLE `airports` (
  `IATAcode` char(3) NOT NULL,
  `airportName` varchar(75) DEFAULT NULL,
  `cityID` int(11) DEFAULT NULL,
  `coordinateX` double DEFAULT NULL,
  `coordinateY` double DEFAULT NULL,
  PRIMARY KEY (`IATAcode`),
  KEY `airport_city_FK` (`cityID`),
  CONSTRAINT `airport_city_FK` FOREIGN KEY (`cityID`) REFERENCES `cities` (`cityID`)
) ENGINE=InnoDB DEFAULT CHARSET=utf8;
/*!40101 SET character_set_client = @saved_cs_client */;

--
-- Dumping data for table `airports`
--

LOCK TABLES `airports` WRITE;
/*!40000 ALTER TABLE `airports` DISABLE KEYS */;
INSERT INTO `airports` VALUES ('AKL','Auckland International',31,-37.008056,174.791667),('ARN','Arlanda',3,59.651944,17.918611),('ATH','Athens International Airport',43,37.936358,23.944467),('BCN','Barcelona International ',10,41.297078,2.078464),('BGW','Baghdad International Airport',24,33.262539,44.234578),('BKK','Suvarnabhumi',27,13.681108,100.747283),('BOM','Chhatrapati Shivaji International Airport',25,19.088686,72.867919),('BOS','Logan International',32,42.364347,-71.005181),('CAI','Cairo International',18,30.121944,31.405556),('CDG','Charles de Gaulle International',7,49.012779,2.55),('CPH','Kastrup',4,55.617917,12.655972),('DAR','Julius Nyerere International Airport',20,-6.878111,39.202625),('DOH','Doha International Airport',19,25.261125,51.565056),('FAE','Vagar Airport',13,62.063628,-7.277219),('FRA','Frankfurt am Main International',8,50.026421,8.543125),('GIG','Galeo - Antnio Carlos Jobim International',36,-22.808903,-43.243647),('GLA','Glasgow International Airport',38,55.871944,-4.433056),('HAN','Noi Bai International Airport',28,21.221192,105.807178),('HEL','Helsinki Vantaa',5,60.317222,24.963333),('HHN','Frankfurt-Hahn',8,49.948672,7.263892),('HKG','Hong Kong International Airport',26,22.308919,113.914603),('IST','Istanbul Atatrk Airport',16,40.976922,28.814606),('IZE','Ministro Pistarini International Airport',41,-34.822222,-58.535833),('JFK','John F. Kennedy Airport',42,40.639751,-73.778925),('JNB','OR Tambo International',22,-26.139166,28.246),('KEF','Keflavik Airport',1,63.985,-22.605556),('KIN','Norman Manley International',35,17.935667,-76.7875),('LAX','Los Angeles International',33,33.942536,-118.408075),('LHR','London Heathrow',6,51.4775,-0.461389),('LIS','Lisbon Portela Airport',39,38.781311,-9.135919),('MEX','Licenciado Benito Juarez International Airport',37,19.436303,-99.072097),('MXP','Malpensa International',14,45.630606,8.728111),('NBO','Jomo Kenyatta International',21,-1.319167,36.9275),('NRT','Narita International',29,35.764722,140.386389),('OSL','Gardermoen',2,60.193917,11.100361),('PEK','Beijing Capital International',26,40.080111,116.584556),('PRG','Prague Vclav Havel Airport',40,50.100833,14.26),('STN','London Stansted',6,51.885,0.235),('SVO','Sheremetyevo International ',11,55.972642,37.414589),('SYD','Sydney Kingsford Smith International',30,-33.946111,151.177222),('THR','Mehrabad International Airport',23,35.689167,51.313416),('TLV','Ben Gurion International',17,32.011389,34.886667),('VIE','Vienna International',15,48.110278,16.569722),('WAW','Warsaw Chopin Airport',12,52.16575,20.967122),('YYZ','Lester B. Pearson International',34,43.677223,-79.630556),('ZRH','Zrich Airport',9,47.464722,8.549167);
/*!40000 ALTER TABLE `airports` ENABLE KEYS */;
UNLOCK TABLES;

--
-- Table structure for table `bookedflights`
--

DROP TABLE IF EXISTS `bookedflights`;
/*!40101 SET @saved_cs_client     = @@character_set_client */;
/*!40101 SET character_set_client = utf8 */;
CREATE TABLE `bookedflights` (
  `bookedFlightID` int(11) NOT NULL AUTO_INCREMENT,
  `bookingNumber` int(11) NOT NULL,
  `flightCode` int(11) NOT NULL,
  `flightOrder` tinyint(4) DEFAULT '1',
  PRIMARY KEY (`bookedFlightID`),
  UNIQUE KEY `bookingnumber_flightcode_UQ` (`bookingNumber`,`flightCode`),
  KEY `bookedflight_flight_FK` (`flightCode`),
  CONSTRAINT `bookedflight_booking_FK` FOREIGN KEY (`bookingNumber`) REFERENCES `bookings` (`bookingNumber`),
  CONSTRAINT `bookedflight_flight_FK` FOREIGN KEY (`flightCode`) REFERENCES `flights` (`flightCode`)
) ENGINE=InnoDB AUTO_INCREMENT=293 DEFAULT CHARSET=utf8;
/*!40101 SET character_set_client = @saved_cs_client */;

--
-- Dumping data for table `bookedflights`
--

LOCK TABLES `bookedflights` WRITE;
/*!40000 ALTER TABLE `bookedflights` DISABLE KEYS */;
INSERT INTO `bookedflights` VALUES (1,1,1,1),(2,2,1,1),(3,3,1,1),(4,4,1,1),(5,5,1,1),(6,6,1,1),(7,7,1,1),(8,8,1,1),(9,9,1,1),(10,10,1,1),(11,11,1,1),(12,12,1,1),(13,13,1,1),(14,14,1,1),(15,15,1,1),(16,16,1,1),(17,17,1,1),(18,18,1,1),(19,19,1,1),(20,20,1,1),(21,21,1,1),(22,22,1,1),(23,23,1,1),(24,24,1,1),(25,25,1,1),(26,26,1,1),(27,27,1,1),(28,28,1,1),(29,29,1,1),(30,30,1,1),(31,31,1,1),(32,32,1,1),(33,33,1,1),(34,34,1,1),(35,35,1,1),(36,36,1,1),(37,37,1,1),(38,38,1,1),(39,39,1,1),(40,40,1,1),(41,41,1,1),(42,42,1,1),(43,43,1,1),(44,44,1,1),(45,45,1,1),(46,46,1,1),(47,47,1,1),(48,48,1,1),(49,49,1,1),(50,50,1,1),(51,51,1,1),(52,52,1,1),(53,53,1,1),(54,54,1,1),(55,55,1,1),(56,56,1,1),(57,57,1,1),(58,58,1,1),(59,59,1,1),(60,60,1,1),(61,61,1,1),(62,62,1,1),(63,63,1,1),(64,64,1,1),(65,65,1,1),(66,66,1,1),(67,67,1,1),(68,68,1,1),(69,69,1,1),(70,70,1,1),(71,71,1,1),(72,72,1,1),(73,73,1,1),(74,74,1,1),(75,75,1,1),(76,76,1,1),(77,77,1,1),(78,78,1,1),(79,79,1,1),(80,80,1,1),(81,81,1,1),(82,82,1,1),(83,83,1,1),(84,84,1,1),(85,85,1,1),(86,86,1,1),(87,87,1,1),(88,88,1,1),(89,89,1,1),(90,90,1,1),(91,91,1,1),(92,92,1,1),(93,93,1,1),(94,94,1,1),(95,95,1,1),(96,96,1,1),(97,97,1,1),(98,98,1,1),(99,99,1,1),(100,100,1,1),(101,101,1,1),(102,102,1,1),(103,103,1,1),(104,104,1,1),(105,105,1,1),(106,106,1,1),(107,107,1,1),(108,108,1,1),(109,109,1,1),(110,110,1,1),(111,111,1,1),(112,112,1,1),(113,113,1,1),(114,114,1,1),(115,115,1,1),(116,116,1,1),(117,117,1,1),(118,118,1,1),(119,119,1,1),(120,120,1,1),(121,121,1,1),(122,122,1,1),(123,123,1,1),(124,124,1,1),(125,125,1,1),(126,126,1,1),(127,127,1,1),(128,128,1,1),(129,129,1,1),(130,130,1,1),(131,131,32,1),(132,132,32,1),(133,133,32,1),(134,134,32,1),(135,135,32,1),(136,136,32,1),(137,137,32,1),(138,138,32,1),(139,139,32,1),(140,140,32,1),(141,141,32,1),(142,142,32,1),(143,143,32,1),(144,144,32,1),(145,145,32,1),(146,146,32,1),(147,147,32,1),(148,148,32,1),(149,149,32,1),(150,150,32,1),(151,151,32,1),(152,152,32,1),(153,153,32,1),(154,154,32,1),(155,155,32,1),(156,156,32,1),(157,157,32,1),(158,158,32,1),(159,159,32,1),(160,160,32,1),(161,161,32,1),(162,162,32,1),(163,163,32,1),(164,164,32,1),(165,165,32,1),(166,166,32,1),(167,167,32,1),(168,168,32,1),(169,169,32,1),(170,170,32,1),(171,171,32,1),(172,172,32,1),(173,173,32,1),(174,174,32,1),(175,175,32,1),(176,176,32,1),(177,177,32,1),(178,178,32,1),(179,179,32,1),(180,180,32,1),(181,181,32,1),(182,182,32,1),(183,183,32,1),(184,184,32,1),(185,185,32,1),(186,186,32,1),(187,187,32,1),(188,188,32,1),(189,189,32,1),(190,190,32,1),(191,191,32,1),(192,192,32,1),(193,193,32,1),(194,194,32,1),(195,195,32,1),(196,196,32,1),(197,197,32,1),(198,198,32,1),(199,199,32,1),(200,200,32,1),(201,201,32,1),(202,202,32,1),(203,203,32,1),(204,204,32,1),(205,205,32,1),(206,206,32,1),(207,207,32,1),(208,208,32,1),(209,209,32,1),(210,210,32,1),(211,211,32,1),(212,212,32,1),(213,213,32,1),(214,214,32,1),(215,215,32,1),(216,216,32,1),(217,217,32,1),(218,218,32,1),(219,219,32,1),(220,220,32,1),(221,221,32,1),(222,222,32,1),(223,223,32,1),(224,224,32,1),(225,225,32,1),(226,226,32,1),(227,227,32,1),(228,228,32,1),(229,229,32,1),(230,230,32,1),(231,231,32,1),(232,232,32,1),(233,233,32,1),(234,234,32,1),(235,235,32,1),(236,236,32,1),(237,237,32,1),(238,238,32,1),(239,239,32,1),(240,240,32,1),(241,241,32,1),(242,242,32,1),(243,243,32,1),(244,244,32,1),(245,245,32,1),(246,246,32,1),(247,247,32,1),(248,248,32,1),(249,249,32,1),(250,250,32,1),(251,251,32,1),(252,252,32,1),(253,253,32,1),(254,254,32,1),(255,255,32,1),(256,256,32,1),(257,257,32,1),(258,258,32,1),(259,259,32,1),(260,260,32,1),(261,261,32,1),(262,262,32,1),(263,263,32,1),(264,264,32,1),(265,265,32,1),(266,266,32,1),(267,267,32,1),(268,268,32,1),(269,269,32,1),(270,270,32,1),(271,271,32,1),(272,272,32,1),(273,273,32,1),(274,274,32,1),(275,275,32,1),(276,276,32,1),(277,277,32,1),(278,278,32,1),(279,279,32,1),(280,280,32,1),(281,281,32,1),(282,282,32,1),(283,283,32,1),(284,284,32,1),(285,285,32,1),(286,286,32,1),(287,287,32,1),(288,288,32,1),(289,289,32,1),(290,290,32,1),(291,292,71,1),(292,292,72,1);
/*!40000 ALTER TABLE `bookedflights` ENABLE KEYS */;
UNLOCK TABLES;

--
-- Table structure for table `bookings`
--

DROP TABLE IF EXISTS `bookings`;
/*!40101 SET @saved_cs_client     = @@character_set_client */;
/*!40101 SET character_set_client = utf8 */;
CREATE TABLE `bookings` (
  `bookingNumber` int(11) NOT NULL AUTO_INCREMENT,
  `timeOfBooking` datetime NOT NULL,
  `paymentType` bit(1) DEFAULT NULL,
  `cardIssuedBy` varchar(35) DEFAULT NULL,
  `cardholdersName` varchar(55) DEFAULT NULL,
  `classID` int(11) DEFAULT '3',
  `returnFLight` tinyint(1) DEFAULT '1',
  PRIMARY KEY (`bookingNumber`),
  KEY `booking_class_FK` (`classID`),
  CONSTRAINT `booking_class_FK` FOREIGN KEY (`classID`) REFERENCES `classes` (`classID`)
) ENGINE=InnoDB AUTO_INCREMENT=293 DEFAULT CHARSET=utf8;
/*!40101 SET character_set_client = @saved_cs_client */;

--
-- Dumping data for table `bookings`
--

LOCK TABLES `bookings` WRITE;
/*!40000 ALTER TABLE `bookings` DISABLE KEYS */;
INSERT INTO `bookings` VALUES (1,'2016-07-23 00:00:00','','Mastercard','Theodor Fransson',1,1),(2,'2016-07-30 00:00:00','','Diners Club','Kjetil Amundsen',1,1),(3,'2016-07-27 00:00:00','','American Express','Andreas Rasmussen',1,1),(4,'2016-07-29 00:00:00','','VISA','Hjrds Orradttir',1,1),(5,'2016-07-29 00:00:00','','Mastercard','sak Lesson',1,1),(6,'2016-07-25 00:00:00','','VISA','Jhann Kristinsson',1,1),(7,'2016-07-17 00:00:00','','VISA','Andri Valsson',1,1),(8,'2016-07-16 00:00:00','','VISA','Fririk Hlynsson',1,1),(9,'2016-07-13 00:00:00','','VISA','Arnar Orrason',1,1),(10,'2016-07-07 00:00:00','','Diners Club','Aeki Group AS',1,1),(11,'2016-07-06 00:00:00','','VISA','Tuverud Partners AG',1,1),(12,'2016-07-05 00:00:00','','Mastercard','Milljnafjelagi ehf',1,1),(13,'2016-07-03 00:00:00','','VISA','Nathalie Johansson',3,1),(14,'2016-07-01 00:00:00','','VISA','Mara Birgisdttir',3,1),(15,'2016-07-07 00:00:00','','Mastercard',' Knut Vik',3,1),(16,'2016-07-21 00:00:00','','Diners Club','Bjrn Eide',3,1),(17,'2016-07-12 00:00:00','','Mastercard',' Sindre Olsen',3,1),(18,'2016-07-22 00:00:00','','VISA','Halldr Jhannsson',3,1),(19,'2016-07-19 00:00:00','','VISA','Ingvar Brekason',3,1),(20,'2016-07-19 00:00:00','','Mastercard','Snorri Birgisson',3,1),(21,'2016-07-03 00:00:00','','Mastercard','Margrt Benediktsdttir',3,1),(22,'2016-07-26 00:00:00','','VISA','Gunnar Magnsson',3,1),(23,'2016-07-14 00:00:00','','VISA','Sigurur orsteinsson',3,1),(24,'2016-07-11 00:00:00','','VISA','Magns Ingvarsson',3,1),(25,'2016-07-07 00:00:00','','VISA','Margrt Jnsdttir',3,1),(26,'2016-07-27 00:00:00','','Mastercard','sk Darradttir',3,1),(27,'2016-07-03 00:00:00','','VISA','Herds Gulaugsdttir',3,1),(28,'2016-07-22 00:00:00','','Mastercard','Roar Pedersen',3,1),(29,'2016-07-01 00:00:00','','VISA','Astrid Jakobsen',3,1),(30,'2016-07-04 00:00:00','','Mastercard','Svein Karlsen',3,1),(31,'2016-07-03 00:00:00','','VISA','Solveig Srensen',3,1),(32,'2016-07-06 00:00:00','','Mastercard','Kjell Martinsen',3,1),(33,'2016-07-06 00:00:00','','VISA','Anne Johannessen',3,1),(34,'2016-07-15 00:00:00','','Mastercard','Adam Larsson',3,1),(35,'2016-07-15 00:00:00','','VISA','Daniel Olsson',3,1),(36,'2016-07-15 00:00:00','','VISA','Vincent Nilsson',3,1),(37,'2016-07-16 00:00:00','','VISA','Klara Bjrk',3,1),(38,'2016-07-18 00:00:00','','VISA','Adam Johansson',3,1),(39,'2016-07-19 00:00:00','','VISA','Freja Karlsson',3,1),(40,'2016-07-11 00:00:00','','VISA','Liam Hansson',3,1),(41,'2016-07-09 00:00:00','','Mastercard','Freja Karlsson',3,1),(42,'2016-07-09 00:00:00','','Diners Club','Alfred Axelsson',3,1),(43,'2016-07-04 00:00:00','','VISA','Ella Henriksson',3,1),(44,'2016-07-03 00:00:00','','VISA','Eddie Lindstrm',3,1),(45,'2016-07-03 00:00:00','','VISA','Jasmine Berg',3,1),(46,'2016-07-06 00:00:00','','American Express','Noah Olsson',3,1),(47,'2016-07-27 00:00:00','','VISA','Emil Jnsson',3,1),(48,'2016-07-27 00:00:00','','Diners Club','Petter Knudsen',3,1),(49,'2016-07-21 00:00:00','','VISA','Anna Hanssen',3,1),(50,'2016-07-19 00:00:00','','VISA','Terje Gundersen',3,1),(51,'2016-07-06 00:00:00','','VISA','Silje Jacobsen',3,1),(52,'2016-07-08 00:00:00','','VISA','Jan Kristiansen',3,1),(53,'2016-07-12 00:00:00','','Mastercard','Anna Fredriksen',3,1),(54,'2016-07-01 00:00:00','','Mastercard','Anne Myhre',3,1),(55,'2016-07-01 00:00:00','','Mastercard','Kari Tveit',3,1),(56,'2016-07-09 00:00:00','','VISA','Stine Jensen',3,1),(57,'2016-07-22 00:00:00','','VISA','Turid Andersen',3,1),(58,'2016-07-28 00:00:00','','American Express','Frank Haugen',3,1),(59,'2016-07-28 00:00:00','','VISA','Sander Eriksen',3,1),(60,'2016-07-16 00:00:00','','VISA','Svein Knudsen',3,1),(61,'2016-07-15 00:00:00','','American Express','Inger Moen',3,1),(62,'2016-07-15 00:00:00','','VISA','Anne Bakken',3,1),(63,'2016-07-17 00:00:00','','VISA','Berit Ruud',3,1),(64,'2016-07-23 00:00:00','','VISA','Line Lien',3,1),(65,'2016-07-14 00:00:00','','VISA','Jorunn degrd',3,1),(66,'2016-07-24 00:00:00','','VISA','Line Kristoffersen',3,1),(67,'2016-07-11 00:00:00','','VISA','Hilde Larsen',3,1),(68,'2016-07-21 00:00:00','','Mastercard','Kari Ahmed',3,1),(69,'2016-07-22 00:00:00','','VISA','Kristian Strand',3,1),(70,'2016-07-30 00:00:00','','VISA','Eivind Pedersen',3,1),(71,'2016-07-30 00:00:00','','American Express','Pl Johansen',3,1),(72,'2016-07-12 00:00:00','','VISA','Marit Gulbrandsen',3,1),(73,'2016-07-05 00:00:00','','VISA','Ida Moe',3,1),(74,'2016-07-03 00:00:00','','VISA','Malin Gundersen',3,1),(75,'2016-07-02 00:00:00','','Mastercard','Aud Pedersen',3,1),(76,'2016-07-20 00:00:00','','VISA','Ragnhild Berge',3,1),(77,'2016-07-20 00:00:00','','Diners Club','Arne Mathisen',3,1),(78,'2016-07-10 00:00:00','','Mastercard','Trond Johansen',3,1),(79,'2016-07-21 00:00:00','','Mastercard','Frank Jensen',3,1),(80,'2016-07-17 00:00:00','','VISA','Ingrid Haugen',3,1),(81,'2016-07-09 00:00:00','','VISA','Line Hansen',3,1),(82,'2016-07-29 00:00:00','','VISA','Karoline Iversen',3,1),(83,'2016-07-27 00:00:00','','VISA','Harald Haug',3,1),(84,'2016-07-14 00:00:00','','VISA','Terje Johnsen',3,1),(85,'2016-07-18 00:00:00','','VISA','Kristoffer Bakke',3,1),(86,'2016-07-10 00:00:00','','VISA','Kari Hansen',3,1),(87,'2016-07-20 00:00:00','','VISA','Cecilie Pedersen',3,1),(88,'2016-07-10 00:00:00','','Mastercard','Martin Johnsen',3,1),(89,'2016-07-21 00:00:00','','American Express','Ingibjrg varsdttir',3,1),(90,'2016-07-22 00:00:00','','Diners Club','Eva Stefnsdttir',3,1),(91,'2016-07-22 00:00:00','','Mastercard','Sigrur Birgisdttir',3,1),(92,'2016-07-22 00:00:00','','VISA','Margrt Axelsdttir',3,1),(93,'2016-07-04 00:00:00','','VISA','Marn Vilhjlmsdttir',3,1),(94,'2016-07-12 00:00:00','','VISA','Helga orsteinsdttir',3,1),(95,'2016-07-05 00:00:00','','Mastercard','Sigrn Eyrsdttir',3,1),(96,'2016-07-05 00:00:00','','VISA','Lilja Tryggvadttir',3,1),(97,'2016-07-17 00:00:00','','Mastercard','Sigrur Jnsdttir',3,1),(98,'2016-07-09 00:00:00','','Mastercard','Sigrur orsteinsdttir',3,1),(99,'2016-07-30 00:00:00','','Mastercard','Sigrn Grtarsdttir',3,1),(100,'2016-07-21 00:00:00','','Mastercard','runn Andradttir',3,1),(101,'2016-07-17 00:00:00','','VISA','Kristn Birkisdttir',3,1),(102,'2016-07-11 00:00:00','','Mastercard','Auur Sveinsdttir',3,1),(103,'2016-07-10 00:00:00','','Mastercard','Ragnhildur skarsdttir',3,1),(104,'2016-07-29 00:00:00','','VISA','slaug Jnasdttir',3,1),(105,'2016-07-30 00:00:00','','Mastercard','Ingibjrg Gujnsdttir',3,1),(106,'2016-07-28 00:00:00','','VISA','Hrafnhildur orvaldsdttir',3,1),(107,'2016-07-26 00:00:00','','Mastercard','Helga Sveinsdttir',3,1),(108,'2016-07-26 00:00:00','','VISA','Ingibjrg Eirksdttir',3,1),(109,'2016-07-24 00:00:00','','Diners Club','Gurn Sveinsdttir',3,1),(110,'2016-07-24 00:00:00','','Diners Club','Ragnheiur gisdttir',3,1),(111,'2016-07-01 00:00:00','','VISA','Kristn Gunnlaugsdttir',3,1),(112,'2016-07-04 00:00:00','','Mastercard','Brynja Birkisdttir',3,1),(113,'2016-07-24 00:00:00','','VISA','Steinn Halldrsson',3,1),(114,'2016-07-25 00:00:00','','VISA','Freyr Gunason',3,1),(115,'2016-07-25 00:00:00','','VISA','Gunnar Magnsson',3,1),(116,'2016-07-11 00:00:00','','Mastercard','Axel Jhannesson',3,1),(117,'2016-07-03 00:00:00','','VISA','li Bragason',3,1),(118,'2016-07-01 00:00:00','','VISA','Jn Hlynsson',3,1),(119,'2016-07-19 00:00:00','','Mastercard','Bjarni Jhannsson',3,1),(120,'2016-07-19 00:00:00','','VISA','Jan Kristiansen',3,1),(121,'2016-07-23 00:00:00','','American Express','Anders Haugland',3,1),(122,'2016-07-26 00:00:00','','VISA','Kristian Berg',3,1),(123,'2016-07-27 00:00:00','','Mastercard','Per Andersen',3,1),(124,'2016-07-19 00:00:00','','Mastercard','Kristn Birgisdttir',3,1),(125,'2016-07-14 00:00:00','','Mastercard','Gunnar Magnsson',3,1),(126,'2016-07-10 00:00:00','','VISA','Gsli Smrason',3,1),(127,'2016-07-24 00:00:00','','VISA','Sveinn Gujnsson',3,1),(128,'2016-07-30 00:00:00','','VISA','mar varsson',3,1),(129,'2016-07-14 00:00:00','','Diners Club','Mara Grtarsdttir',3,1),(130,'2016-07-27 00:00:00','','VISA','Knattspyrnuflagi reyttur',3,1),(131,'2016-07-18 00:00:00','','VISA','Tindra Nystrm',1,1),(132,'2016-07-06 00:00:00','','VISA','Vilhelm Persson',1,1),(133,'2016-07-26 00:00:00','','VISA','August Bengtsson',1,1),(134,'2016-07-29 00:00:00','','VISA','Benjamin Arvidsson',1,1),(135,'2016-07-05 00:00:00','','Mastercard','Erik Svensson',1,1),(136,'2016-07-09 00:00:00','','Mastercard','Elias Abrahamsson',1,1),(137,'2016-07-02 00:00:00','','VISA','Olivia Nordstrm',1,1),(138,'2016-07-22 00:00:00','','VISA','Edvard Lundqvist',1,1),(139,'2016-07-07 00:00:00','','VISA','Hjalmar Larsson',1,1),(140,'2016-07-19 00:00:00','','American Express','Sigge Johansson',1,1),(141,'2016-07-02 00:00:00','','VISA','Jan Hansen',1,1),(142,'2016-07-20 00:00:00','','Mastercard','Anne Nilsen',1,1),(143,'2016-07-23 00:00:00','','Mastercard','Maria Haugland',1,1),(144,'2016-07-15 00:00:00','','American Express','Anne Hagen',1,1),(145,'2016-07-08 00:00:00','','VISA','Hans Olsen',1,1),(146,'2016-07-11 00:00:00','','VISA','Karin Ellingsen',1,1),(147,'2016-07-23 00:00:00','','Diners Club','Kristian Sandvik',1,1),(148,'2016-07-24 00:00:00','','VISA','Ari Antonsson',1,1),(149,'2016-07-25 00:00:00','','Mastercard','Axel Valdimarsson',1,1),(150,'2016-07-04 00:00:00','','Mastercard','Bjarni Hjaltason',1,1),(151,'2016-07-02 00:00:00','','VISA','Kristn Gumundsdttir',1,1),(152,'2016-07-01 00:00:00','','Mastercard','Breki Hilmarsson',1,1),(153,'2016-07-18 00:00:00','','Mastercard','Jakob Bjrnsson',1,1),(154,'2016-07-10 00:00:00','','Mastercard','Svar Andrason',1,1),(155,'2016-07-03 00:00:00','','VISA','Olivia Karlsson',3,1),(156,'2016-07-08 00:00:00','','VISA','Maja Pettersson',3,1),(157,'2016-07-28 00:00:00','','VISA','Leo Lindgren',3,1),(158,'2016-07-20 00:00:00','','Mastercard','Ella Sandstrm',3,1),(159,'2016-07-19 00:00:00','','VISA','Frank Nilsson',3,1),(160,'2016-07-29 00:00:00','','Mastercard','Emma Persson',3,1),(161,'2016-07-11 00:00:00','','American Express','Elsa Svensson',3,1),(162,'2016-07-03 00:00:00','','VISA','Jonathan Andersson',3,1),(163,'2016-07-18 00:00:00','','Mastercard','Theodor Wallin',3,1),(164,'2016-07-02 00:00:00','','VISA','Filip Bergstrm',3,1),(165,'2016-07-28 00:00:00','','VISA','Alfred Axelsson',3,1),(166,'2016-07-15 00:00:00','','Mastercard','Alva Sjberg',3,1),(167,'2016-07-26 00:00:00','','VISA','Alicia Persson',3,1),(168,'2016-07-29 00:00:00','','American Express','Elly Pettersson',3,1),(169,'2016-07-22 00:00:00','','VISA','Ellen Larsson',3,1),(170,'2016-07-06 00:00:00','','VISA','Elsa Jonsson',3,1),(171,'2016-07-03 00:00:00','','Mastercard','Tyra Bjrk',3,1),(172,'2016-07-03 00:00:00','','Mastercard','Nova Hermansson',3,1),(173,'2016-07-26 00:00:00','','VISA','Elliot Lindholm',3,1),(174,'2016-07-05 00:00:00','','Mastercard','Klara Persson',3,1),(175,'2016-07-17 00:00:00','','VISA','Julie Andreassen',3,1),(176,'2016-07-11 00:00:00','','Mastercard','Harald Olsen',3,1),(177,'2016-07-16 00:00:00','','Mastercard','Thomas Svendsen',3,1),(178,'2016-07-28 00:00:00','','American Express','Gunn Lie',3,1),(179,'2016-07-13 00:00:00','','VISA','Kari Hanssen',3,1),(180,'2016-07-23 00:00:00','','American Express','Odd Strand',3,1),(181,'2016-07-22 00:00:00','','VISA','Einar Andersen',3,1),(182,'2016-07-04 00:00:00','','Mastercard','Sigrid Abrahamsen',3,1),(183,'2016-07-01 00:00:00','','VISA','Camilla Hansen',3,1),(184,'2016-07-20 00:00:00','','VISA','Camilla Berg',3,1),(185,'2016-07-25 00:00:00','','Mastercard','Ole Dahl',3,1),(186,'2016-07-28 00:00:00','','VISA','Maria Olsen',3,1),(187,'2016-07-02 00:00:00','','VISA','Eirik Amundsen',3,1),(188,'2016-07-27 00:00:00','','Diners Club','Randi Be',3,1),(189,'2016-07-03 00:00:00','','VISA','Kjell Pedersen',3,1),(190,'2016-07-08 00:00:00','','VISA','Janne Rasmussen',3,1),(191,'2016-07-19 00:00:00','','VISA','Malin Mikkelsen',3,1),(192,'2016-07-03 00:00:00','','VISA','Lise Larsen',3,1),(193,'2016-07-25 00:00:00','','VISA','Tone Nielsen',3,1),(194,'2016-07-03 00:00:00','','VISA','Thomas Andersen',3,1),(195,'2016-07-16 00:00:00','','VISA','Stian Nilsen',3,1),(196,'2016-07-05 00:00:00','','Mastercard','Stian Pettersen',3,1),(197,'2016-07-19 00:00:00','','American Express','Olav Jensen',3,1),(198,'2016-07-12 00:00:00','','VISA','Silje Hanssen',3,1),(199,'2016-07-07 00:00:00','','American Express','Per Pedersen',3,1),(200,'2016-07-17 00:00:00','','Mastercard','Irene Larsen',3,1),(201,'2016-07-16 00:00:00','','VISA','Eivind Olsen',3,1),(202,'2016-07-12 00:00:00','','VISA','Einar Christensen',3,1),(203,'2016-07-07 00:00:00','','VISA','Terje Kristiansen',3,1),(204,'2016-07-05 00:00:00','','Mastercard','Anne Andreassen',3,1),(205,'2016-07-03 00:00:00','','VISA','Lars Andersen',3,1),(206,'2016-07-14 00:00:00','','VISA','Hilde Henriksen',3,1),(207,'2016-07-09 00:00:00','','VISA','Unni Olsen',3,1),(208,'2016-07-03 00:00:00','','VISA','Julie Johansen',3,1),(209,'2016-07-19 00:00:00','','VISA','Julie Jrgensen',3,1),(210,'2016-07-03 00:00:00','','Diners Club','Alf Moe',3,1),(211,'2016-07-25 00:00:00','','VISA','Jrgen Kristensen',3,1),(212,'2016-07-09 00:00:00','','VISA','Anne Larsen',3,1),(213,'2016-07-06 00:00:00','','VISA','Eva Moen',3,1),(214,'2016-07-10 00:00:00','','VISA','Terje Olsen',3,1),(215,'2016-07-03 00:00:00','','VISA','Astrid Kristiansen',3,1),(216,'2016-07-21 00:00:00','','VISA','Linda Hansen',3,1),(217,'2016-07-07 00:00:00','','Mastercard','Torill Andersen',3,1),(218,'2016-07-13 00:00:00','','VISA','Karin Vik',3,1),(219,'2016-07-04 00:00:00','','VISA','Tonje Holm',3,1),(220,'2016-07-17 00:00:00','','Diners Club','Inger Haugen',3,1),(221,'2016-07-22 00:00:00','','VISA','Solveig Olsen',3,1),(222,'2016-07-12 00:00:00','','VISA','Tore Nygrd',3,1),(223,'2016-07-25 00:00:00','','Diners Club','yvind Nygrd',3,1),(224,'2016-07-24 00:00:00','','Mastercard','Ragnhild Jakobsen',3,1),(225,'2016-07-01 00:00:00','','Diners Club','Tore Danielsen',3,1),(226,'2016-07-15 00:00:00','','VISA','Tobias Nilsen',3,1),(227,'2016-07-19 00:00:00','','Mastercard','Elin Karlsen',3,1),(228,'2016-07-10 00:00:00','','VISA','Gerd Haugen',3,1),(229,'2016-07-11 00:00:00','','American Express','Arne Berge',3,1),(230,'2016-07-03 00:00:00','','Mastercard','Aron risson',3,1),(231,'2016-07-21 00:00:00','','VISA','Pll risson',3,1),(232,'2016-07-10 00:00:00','','American Express','Rbert Emilsson',3,1),(233,'2016-07-12 00:00:00','','VISA','gst Rbertsson',3,1),(234,'2016-07-25 00:00:00','','Mastercard','Bragi Vilhjlmsson',3,1),(235,'2016-07-03 00:00:00','','VISA','rir Brekason',3,1),(236,'2016-07-14 00:00:00','','VISA','Auur Viarsdttir',3,1),(237,'2016-07-07 00:00:00','','American Express','Lf Arnardttir',3,1),(238,'2016-07-12 00:00:00','','VISA','Ragnheiur Sigurardttir',3,1),(239,'2016-07-27 00:00:00','','American Express','Andri Freysson',3,1),(240,'2016-07-10 00:00:00','','Diners Club','gsta orvaldsdttir',3,1),(241,'2016-07-04 00:00:00','','VISA','Andri Arnarson',3,1),(242,'2016-07-23 00:00:00','','VISA','Darri Tryggvason',3,1),(243,'2016-07-20 00:00:00','','VISA','lafur Fririksson',3,1),(244,'2016-07-04 00:00:00','','Mastercard','Valgerur Kjartansdttir',3,1),(245,'2016-07-06 00:00:00','','VISA','Gsli Arnarson',3,1),(246,'2016-07-08 00:00:00','','VISA','Hulda Brekadttir',3,1),(247,'2016-07-24 00:00:00','','VISA','Trausti rarinsson',3,1),(248,'2016-07-14 00:00:00','','Mastercard','sds Sindradttir',3,1),(249,'2016-07-08 00:00:00','','VISA','Hanna Kristinsdttir',3,1),(250,'2016-07-25 00:00:00','','American Express','Gumundur Davsson',3,1),(251,'2016-07-21 00:00:00','','VISA','Ari Arason',3,1),(252,'2016-07-18 00:00:00','','Mastercard','Rnar Logason',3,1),(253,'2016-07-16 00:00:00','','Mastercard','Bragi Kristinsson',3,1),(254,'2016-07-14 00:00:00','','VISA','rir Heiarsson',3,1),(255,'2016-07-23 00:00:00','','Mastercard','Jhann Baldursson',3,1),(256,'2016-07-02 00:00:00','','American Express','Eva Reynisdttir',3,1),(257,'2016-07-10 00:00:00','','VISA','rni risson',3,1),(258,'2016-07-29 00:00:00','','VISA','Bjarki Arnarson',3,1),(259,'2016-07-18 00:00:00','','VISA','r Bergmannsson',3,1),(260,'2016-07-04 00:00:00','','Mastercard','Einar Hermannsson',3,1),(261,'2016-07-18 00:00:00','','Mastercard','Gurn Aalsteinsdttir',3,1),(262,'2016-07-21 00:00:00','','Mastercard','Gumundur Danelsson',3,1),(263,'2016-07-09 00:00:00','','VISA','lafur Sverrisson',3,1),(264,'2016-07-28 00:00:00','','American Express','Gubjrg Bergmannsdttir',3,1),(265,'2016-07-07 00:00:00','','Mastercard','Kristn Kradttir',3,1),(266,'2016-07-20 00:00:00','','VISA','Sigurur Bergmannsson',3,1),(267,'2016-07-21 00:00:00','','Mastercard','Halldr Atlason',3,1),(268,'2016-07-16 00:00:00','','VISA','Ingvar Kristfersson',3,1),(269,'2016-07-19 00:00:00','','VISA','Katrn Bjrnsdttir',3,1),(270,'2016-07-19 00:00:00','','Mastercard','Bra Eyrsdttir',3,1),(271,'2016-07-04 00:00:00','','American Express','Stefana Inglfsdttir',3,1),(272,'2016-07-16 00:00:00','','VISA','lf Arnrsdttir',3,1),(273,'2016-07-06 00:00:00','','VISA','ra Jnsdttir',3,1),(274,'2016-07-22 00:00:00','','VISA','Sigrur varsdttir',3,1),(275,'2016-07-06 00:00:00','','Mastercard','Fririk Antonsson',3,1),(276,'2016-07-21 00:00:00','','VISA','Brynds Gunnarsdttir',3,1),(277,'2016-07-23 00:00:00','','VISA','Sley Steinsdttir',3,1),(278,'2016-07-04 00:00:00','','Mastercard','Margrt Alexandersdttir',3,1),(279,'2016-07-09 00:00:00','','Diners Club','runn Snsdttir',3,1),(280,'2016-07-15 00:00:00','','Diners Club','Ragnheiur Axelsdttir',3,1),(281,'2016-07-21 00:00:00','','VISA','Eln Steinsdttir',3,1),(282,'2016-07-04 00:00:00','','Diners Club','Margrt Arnardttir',3,1),(283,'2016-07-09 00:00:00','','American Express','Stefn Stefnsson',3,1),(284,'2016-07-06 00:00:00','','VISA','Ragnheiur Bjarnadttir',3,1),(285,'2016-07-27 00:00:00','','American Express','Magns rnason',3,1),(286,'2016-07-13 00:00:00','','VISA','Hildur Gunnlaugsdttir',3,1),(287,'2016-07-15 00:00:00','','VISA','Kri Birkisson',3,1),(288,'2016-07-03 00:00:00','','VISA','Bjarni Darrason',3,1),(289,'2016-07-13 00:00:00','','VISA','Katrn rarinsdttir',3,1),(290,'2016-07-13 00:00:00','','VISA','Ingibjrg Gulaugsdttir',3,1),(291,'2016-10-31 13:04:54','','VISA','Martin Tallstrm',3,1),(292,'2016-10-31 13:05:31','','VISA','Martin Tallstrm',3,1);
/*!40000 ALTER TABLE `bookings` ENABLE KEYS */;
UNLOCK TABLES;

--
-- Table structure for table `cities`
--

DROP TABLE IF EXISTS `cities`;
/*!40101 SET @saved_cs_client     = @@character_set_client */;
/*!40101 SET character_set_client = utf8 */;
CREATE TABLE `cities` (
  `cityID` int(11) NOT NULL AUTO_INCREMENT,
  `cityName` varchar(35) NOT NULL,
  `countryCode` char(2) DEFAULT NULL,
  PRIMARY KEY (`cityID`),
  KEY `city_countries_FK` (`countryCode`),
  CONSTRAINT `city_countries_FK` FOREIGN KEY (`countryCode`) REFERENCES `countries` (`alpha336612`)
) ENGINE=InnoDB AUTO_INCREMENT=44 DEFAULT CHARSET=utf8;
/*!40101 SET character_set_client = @saved_cs_client */;

--
-- Dumping data for table `cities`
--

LOCK TABLES `cities` WRITE;
/*!40000 ALTER TABLE `cities` DISABLE KEYS */;
INSERT INTO `cities` VALUES (1,'Reykjavik','IS'),(2,'Oslo','NO'),(3,'Stockholm','SE'),(4,'Copenhagen','DK'),(5,'Helsinki','FI'),(6,'London','GB'),(7,'Paris','FR'),(8,'Frankfurt','DE'),(9,'Zrich','CH'),(10,'Barcelona','ES'),(11,'Moscow','RU'),(12,'Warsaw','PL'),(13,'Torshavn','FO'),(14,'Milano','IT'),(15,'Vienna','AT'),(16,'Istanbul','TR'),(17,'Tel Aviv','IL'),(18,'Cairo','EG'),(19,'Doha','QA'),(20,'Dar es Salaam','TZ'),(21,'Nairobi','KE'),(22,'Johannesburg','ZA'),(23,'Teheran','IR'),(24,'Baghdad','IQ'),(25,'Mumbai','IN'),(26,'Beijing','CN'),(27,'Bangkok','TH'),(28,'Hanoi','VN'),(29,'Tokyo','JP'),(30,'Sydney','AU'),(31,'Auckland','NZ'),(32,'Boston','US'),(33,'Los Angeles','US'),(34,'Toronto','CA'),(35,'Kingston','JM'),(36,'Rio De Janeiro','BR'),(37,'Mexico City','MX'),(38,'Glasgow','GB'),(39,'Lissabon','PT'),(40,'Prague','CZ'),(41,'Buenos Aires','AR'),(42,'New York','US'),(43,'Athens','GR');
/*!40000 ALTER TABLE `cities` ENABLE KEYS */;
UNLOCK TABLES;

--
-- Table structure for table `classes`
--

DROP TABLE IF EXISTS `classes`;
/*!40101 SET @saved_cs_client     = @@character_set_client */;
/*!40101 SET character_set_client = utf8 */;
CREATE TABLE `classes` (
  `classID` int(11) NOT NULL AUTO_INCREMENT,
  `className` varchar(25) DEFAULT NULL,
  PRIMARY KEY (`classID`)
) ENGINE=InnoDB AUTO_INCREMENT=4 DEFAULT CHARSET=utf8;
/*!40101 SET character_set_client = @saved_cs_client */;

--
-- Dumping data for table `classes`
--

LOCK TABLES `classes` WRITE;
/*!40000 ALTER TABLE `classes` DISABLE KEYS */;
INSERT INTO `classes` VALUES (1,'First Class'),(2,'Business Class'),(3,'Economy Class');
/*!40000 ALTER TABLE `classes` ENABLE KEYS */;
UNLOCK TABLES;

--
-- Table structure for table `countries`
--

DROP TABLE IF EXISTS `countries`;
/*!40101 SET @saved_cs_client     = @@character_set_client */;
/*!40101 SET character_set_client = utf8 */;
CREATE TABLE `countries` (
  `alpha336612` char(2) NOT NULL,
  `alpha336613` char(3) NOT NULL,
  `alpha31662` char(13) NOT NULL,
  `numeric33661` int(11) NOT NULL,
  `countryName` varchar(75) NOT NULL,
  PRIMARY KEY (`alpha336612`)
) ENGINE=InnoDB DEFAULT CHARSET=utf8;
/*!40101 SET character_set_client = @saved_cs_client */;

--
-- Dumping data for table `countries`
--

LOCK TABLES `countries` WRITE;
/*!40000 ALTER TABLE `countries` DISABLE KEYS */;
INSERT INTO `countries` VALUES ('AD','AND','ISO 3166-2:AD',20,'Andorra'),('AE','ARE','ISO 3166-2:AE',784,'United Arab Emirates'),('AF','AFG','ISO 3166-2:AF',4,'Afghanistan'),('AG','ATG','ISO 3166-2:AG',28,'Antigua and Barbuda'),('AI','AIA','ISO 3166-2:AI',660,'Anguilla'),('AL','ALB','ISO 3166-2:AL',8,'Albania'),('AM','ARM','ISO 3166-2:AM',51,'Armenia'),('AO','AGO','ISO 3166-2:AO',24,'Angola'),('AQ','ATA','ISO 3166-2:AQ',10,'Antarctica'),('AR','ARG','ISO 3166-2:AR',32,'Argentina'),('AS','ASM','ISO 3166-2:AS',16,'American Samoa'),('AT','AUT','ISO 3166-2:AT',40,'Austria'),('AU','AUS','ISO 3166-2:AU',36,'Australia'),('AW','ABW','ISO 3166-2:AW',533,'Aruba'),('AX','ALA','ISO 3166-2:AX',248,'land Islands'),('AZ','AZE','ISO 3166-2:AZ',31,'Azerbaijan'),('BA','BIH','ISO 3166-2:BA',70,'Bosnia and Herzegovina'),('BB','BRB','ISO 3166-2:BB',52,'Barbados'),('BD','BGD','ISO 3166-2:BD',50,'Bangladesh'),('BE','BEL','ISO 3166-2:BE',56,'Belgium'),('BF','BFA','ISO 3166-2:BF',854,'Burkina Faso'),('BG','BGR','ISO 3166-2:BG',100,'Bulgaria'),('BH','BHR','ISO 3166-2:BH',48,'Bahrain'),('BI','BDI','ISO 3166-2:BI',108,'Burundi'),('BJ','BEN','ISO 3166-2:BJ',204,'Benin'),('BL','BLM','ISO 3166-2:BL',652,'Saint Barthlemy'),('BM','BMU','ISO 3166-2:BM',60,'Bermuda'),('BN','BRN','ISO 3166-2:BN',96,'Brunei Darussalam'),('BO','BOL','ISO 3166-2:BO',68,'Bolivia, Plurinational State of'),('BQ','BES','ISO 3166-2:BQ',535,'Bonaire, Sint Eustatius and Saba'),('BR','BRA','ISO 3166-2:BR',76,'Brazil'),('BS','BHS','ISO 3166-2:BS',44,'Bahamas'),('BT','BTN','ISO 3166-2:BT',64,'Bhutan'),('BV','BVT','ISO 3166-2:BV',74,'Bouvet Island'),('BW','BWA','ISO 3166-2:BW',72,'Botswana'),('BY','BLR','ISO 3166-2:BY',112,'Belarus'),('BZ','BLZ','ISO 3166-2:BZ',84,'Belize'),('CA','CAN','ISO 3166-2:CA',124,'Canada'),('CC','CCK','ISO 3166-2:CC',166,'Cocos (Keeling) Islands'),('CD','COD','ISO 3166-2:CD',180,'Congo, the Democratic Republic of the'),('CF','CAF','ISO 3166-2:CF',140,'Central African Republic'),('CG','COG','ISO 3166-2:CG',178,'Congo'),('CH','CHE','ISO 3166-2:CH',756,'Switzerland'),('CI','CIV','ISO 3166-2:CI',384,'Cte d\'Ivoire'),('CK','COK','ISO 3166-2:CK',184,'Cook Islands'),('CL','CHL','ISO 3166-2:CL',152,'Chile'),('CM','CMR','ISO 3166-2:CM',120,'Cameroon'),('CN','CHN','ISO 3166-2:CN',156,'China'),('CO','COL','ISO 3166-2:CO',170,'Colombia'),('CR','CRI','ISO 3166-2:CR',188,'Costa Rica'),('CU','CUB','ISO 3166-2:CU',192,'Cuba'),('CV','CPV','ISO 3166-2:CV',132,'Cape Verde'),('CW','CUW','ISO 3166-2:CW',531,'Curaao'),('CX','CXR','ISO 3166-2:CX',162,'Christmas Island'),('CY','CYP','ISO 3166-2:CY',196,'Cyprus'),('CZ','CZE','ISO 3166-2:CZ',203,'Czech Republic'),('DE','DEU','ISO 3166-2:DE',276,'Germany'),('DJ','DJI','ISO 3166-2:DJ',262,'Djibouti'),('DK','DNK','ISO 3166-2:DK',208,'Denmark'),('DM','DMA','ISO 3166-2:DM',212,'Dominica'),('DO','DOM','ISO 3166-2:DO',214,'Dominican Republic'),('DZ','DZA','ISO 3166-2:DZ',12,'Algeria'),('EC','ECU','ISO 3166-2:EC',218,'Ecuador'),('EE','EST','ISO 3166-2:EE',233,'Estonia'),('EG','EGY','ISO 3166-2:EG',818,'Egypt'),('EH','ESH','ISO 3166-2:EH',732,'Western Sahara'),('ER','ERI','ISO 3166-2:ER',232,'Eritrea'),('ES','ESP','ISO 3166-2:ES',724,'Spain'),('ET','ETH','ISO 3166-2:ET',231,'Ethiopia'),('FI','FIN','ISO 3166-2:FI',246,'Finland'),('FJ','FJI','ISO 3166-2:FJ',242,'Fiji'),('FK','FLK','ISO 3166-2:FK',238,'Falkland Islands (Malvinas)'),('FM','FSM','ISO 3166-2:FM',583,'Micronesia, Federated States of'),('FO','FRO','ISO 3166-2:FO',234,'Faroe Islands'),('FR','FRA','ISO 3166-2:FR',250,'France'),('GA','GAB','ISO 3166-2:GA',266,'Gabon'),('GB','GBR','ISO 3166-2:GB',826,'United Kingdom'),('GD','GRD','ISO 3166-2:GD',308,'Grenada'),('GE','GEO','ISO 3166-2:GE',268,'Georgia'),('GF','GUF','ISO 3166-2:GF',254,'French Guiana'),('GG','GGY','ISO 3166-2:GG',831,'Guernsey'),('GH','GHA','ISO 3166-2:GH',288,'Ghana'),('GI','GIB','ISO 3166-2:GI',292,'Gibraltar'),('GL','GRL','ISO 3166-2:GL',304,'Greenland'),('GM','GMB','ISO 3166-2:GM',270,'Gambia'),('GN','GIN','ISO 3166-2:GN',324,'Guinea'),('GP','GLP','ISO 3166-2:GP',312,'Guadeloupe'),('GQ','GNQ','ISO 3166-2:GQ',226,'Equatorial Guinea'),('GR','GRC','ISO 3166-2:GR',300,'Greece'),('GS','SGS','ISO 3166-2:GS',239,'South Georgia and the South Sandwich Islands'),('GT','GTM','ISO 3166-2:GT',320,'Guatemala'),('GU','GUM','ISO 3166-2:GU',316,'Guam'),('GW','GNB','ISO 3166-2:GW',624,'Guinea-Bissau'),('GY','GUY','ISO 3166-2:GY',328,'Guyana'),('HK','HKG','ISO 3166-2:HK',344,'Hong Kong'),('HM','HMD','ISO 3166-2:HM',334,'Heard Island and McDonald Islands'),('HN','HND','ISO 3166-2:HN',340,'Honduras'),('HR','HRV','ISO 3166-2:HR',191,'Croatia'),('HT','HTI','ISO 3166-2:HT',332,'Haiti'),('HU','HUN','ISO 3166-2:HU',348,'Hungary'),('ID','IDN','ISO 3166-2:ID',360,'Indonesia'),('IE','IRL','ISO 3166-2:IE',372,'Ireland'),('IL','ISR','ISO 3166-2:IL',376,'Israel'),('IM','IMN','ISO 3166-2:IM',833,'Isle of Man'),('IN','IND','ISO 3166-2:IN',356,'India'),('IO','IOT','ISO 3166-2:IO',86,'British Indian Ocean Territory'),('IQ','IRQ','ISO 3166-2:IQ',368,'Iraq'),('IR','IRN','ISO 3166-2:IR',364,'Iran, Islamic Republic of'),('IS','ISL','ISO 3166-2:IS',352,'Iceland'),('IT','ITA','ISO 3166-2:IT',380,'Italy'),('JE','JEY','ISO 3166-2:JE',832,'Jersey'),('JM','JAM','ISO 3166-2:JM',388,'Jamaica'),('JO','JOR','ISO 3166-2:JO',400,'Jordan'),('JP','JPN','ISO 3166-2:JP',392,'Japan'),('KE','KEN','ISO 3166-2:KE',404,'Kenya'),('KG','KGZ','ISO 3166-2:KG',417,'Kyrgyzstan'),('KH','KHM','ISO 3166-2:KH',116,'Cambodia'),('KI','KIR','ISO 3166-2:KI',296,'Kiribati'),('KM','COM','ISO 3166-2:KM',174,'Comoros'),('KN','KNA','ISO 3166-2:KN',659,'Saint Kitts and Nevis'),('KP','PRK','ISO 3166-2:KP',408,'Korea, Democratic People\'s Republic of'),('KR','KOR','ISO 3166-2:KR',410,'Korea, Republic of'),('KW','KWT','ISO 3166-2:KW',414,'Kuwait'),('KY','CYM','ISO 3166-2:KY',136,'Cayman Islands'),('KZ','KAZ','ISO 3166-2:KZ',398,'Kazakhstan'),('LA','LAO','ISO 3166-2:LA',418,'Lao People\'s Democratic Republic'),('LB','LBN','ISO 3166-2:LB',422,'Lebanon'),('LC','LCA','ISO 3166-2:LC',662,'Saint Lucia'),('LI','LIE','ISO 3166-2:LI',438,'Liechtenstein'),('LK','LKA','ISO 3166-2:LK',144,'Sri Lanka'),('LR','LBR','ISO 3166-2:LR',430,'Liberia'),('LS','LSO','ISO 3166-2:LS',426,'Lesotho'),('LT','LTU','ISO 3166-2:LT',440,'Lithuania'),('LU','LUX','ISO 3166-2:LU',442,'Luxembourg'),('LV','LVA','ISO 3166-2:LV',428,'Latvia'),('LY','LBY','ISO 3166-2:LY',434,'Libya'),('MA','MAR','ISO 3166-2:MA',504,'Morocco'),('MC','MCO','ISO 3166-2:MC',492,'Monaco'),('MD','MDA','ISO 3166-2:MD',498,'Moldova, Republic of'),('ME','MNE','ISO 3166-2:ME',499,'Montenegro'),('MF','MAF','ISO 3166-2:MF',663,'Saint Martin (French part)'),('MG','MDG','ISO 3166-2:MG',450,'Madagascar'),('MH','MHL','ISO 3166-2:MH',584,'Marshall Islands'),('MK','MKD','ISO 3166-2:MK',807,'Macedonia, the former Yugoslav Republic of'),('ML','MLI','ISO 3166-2:ML',466,'Mali'),('MM','MMR','ISO 3166-2:MM',104,'Myanmar'),('MN','MNG','ISO 3166-2:MN',496,'Mongolia'),('MO','MAC','ISO 3166-2:MO',446,'Macao'),('MP','MNP','ISO 3166-2:MP',580,'Northern Mariana Islands'),('MQ','MTQ','ISO 3166-2:MQ',474,'Martinique'),('MR','MRT','ISO 3166-2:MR',478,'Mauritania'),('MS','MSR','ISO 3166-2:MS',500,'Montserrat'),('MT','MLT','ISO 3166-2:MT',470,'Malta'),('MU','MUS','ISO 3166-2:MU',480,'Mauritius'),('MV','MDV','ISO 3166-2:MV',462,'Maldives'),('MW','MWI','ISO 3166-2:MW',454,'Malawi'),('MX','MEX','ISO 3166-2:MX',484,'Mexico'),('MY','MYS','ISO 3166-2:MY',458,'Malaysia'),('MZ','MOZ','ISO 3166-2:MZ',508,'Mozambique'),('NA','NAM','ISO 3166-2:NA',516,'Namibia'),('NC','NCL','ISO 3166-2:NC',540,'New Caledonia'),('NE','NER','ISO 3166-2:NE',562,'Niger'),('NF','NFK','ISO 3166-2:NF',574,'Norfolk Island'),('NG','NGA','ISO 3166-2:NG',566,'Nigeria'),('NI','NIC','ISO 3166-2:NI',558,'Nicaragua'),('NL','NLD','ISO 3166-2:NL',528,'Netherlands'),('NO','NOR','ISO 3166-2:NO',578,'Norway'),('NP','NPL','ISO 3166-2:NP',524,'Nepal'),('NR','NRU','ISO 3166-2:NR',520,'Nauru'),('NU','NIU','ISO 3166-2:NU',570,'Niue'),('NZ','NZL','ISO 3166-2:NZ',554,'New Zealand'),('OM','OMN','ISO 3166-2:OM',512,'Oman'),('PA','PAN','ISO 3166-2:PA',591,'Panama'),('PE','PER','ISO 3166-2:PE',604,'Peru'),('PF','PYF','ISO 3166-2:PF',258,'French Polynesia'),('PG','PNG','ISO 3166-2:PG',598,'Papua New Guinea'),('PH','PHL','ISO 3166-2:PH',608,'Philippines'),('PK','PAK','ISO 3166-2:PK',586,'Pakistan'),('PL','POL','ISO 3166-2:PL',616,'Poland'),('PM','SPM','ISO 3166-2:PM',666,'Saint Pierre and Miquelon'),('PN','PCN','ISO 3166-2:PN',612,'Pitcairn'),('PR','PRI','ISO 3166-2:PR',630,'Puerto Rico'),('PS','PSE','ISO 3166-2:PS',275,'Palestinian Territory, Occupied'),('PT','PRT','ISO 3166-2:PT',620,'Portugal'),('PW','PLW','ISO 3166-2:PW',585,'Palau'),('PY','PRY','ISO 3166-2:PY',600,'Paraguay'),('QA','QAT','ISO 3166-2:QA',634,'Qatar'),('RE','REU','ISO 3166-2:RE',638,'Runion'),('RO','ROU','ISO 3166-2:RO',642,'Romania'),('RS','SRB','ISO 3166-2:RS',688,'Serbia'),('RU','RUS','ISO 3166-2:RU',643,'Russian Federation'),('RW','RWA','ISO 3166-2:RW',646,'Rwanda'),('SA','SAU','ISO 3166-2:SA',682,'Saudi Arabia'),('SB','SLB','ISO 3166-2:SB',90,'Solomon Islands'),('SC','SYC','ISO 3166-2:SC',690,'Seychelles'),('SD','SDN','ISO 3166-2:SD',729,'Sudan'),('SE','SWE','ISO 3166-2:SE',752,'Sweden'),('SG','SGP','ISO 3166-2:SG',702,'Singapore'),('SH','SHN','ISO 3166-2:SH',654,'Saint Helena, Ascension and Tristan da Cunha'),('SI','SVN','ISO 3166-2:SI',705,'Slovenia'),('SJ','SJM','ISO 3166-2:SJ',744,'Svalbard and Jan Mayen'),('SK','SVK','ISO 3166-2:SK',703,'Slovakia'),('SL','SLE','ISO 3166-2:SL',694,'Sierra Leone'),('SM','SMR','ISO 3166-2:SM',674,'San Marino'),('SN','SEN','ISO 3166-2:SN',686,'Senegal'),('SO','SOM','ISO 3166-2:SO',706,'Somalia'),('SR','SUR','ISO 3166-2:SR',740,'Suriname'),('SS','SSD','ISO 3166-2:SS',728,'South Sudan'),('ST','STP','ISO 3166-2:ST',678,'Sao Tome and Principe'),('SV','SLV','ISO 3166-2:SV',222,'El Salvador'),('SX','SXM','ISO 3166-2:SX',534,'Sint Maarten (Dutch part)'),('SY','SYR','ISO 3166-2:SY',760,'Syrian Arab Republic'),('SZ','SWZ','ISO 3166-2:SZ',748,'Swaziland'),('TC','TCA','ISO 3166-2:TC',796,'Turks and Caicos Islands'),('TD','TCD','ISO 3166-2:TD',148,'Chad'),('TF','ATF','ISO 3166-2:TF',260,'French Southern Territories'),('TG','TGO','ISO 3166-2:TG',768,'Togo'),('TH','THA','ISO 3166-2:TH',764,'Thailand'),('TJ','TJK','ISO 3166-2:TJ',762,'Tajikistan'),('TK','TKL','ISO 3166-2:TK',772,'Tokelau'),('TL','TLS','ISO 3166-2:TL',626,'Timor-Leste'),('TM','TKM','ISO 3166-2:TM',795,'Turkmenistan'),('TN','TUN','ISO 3166-2:TN',788,'Tunisia'),('TO','TON','ISO 3166-2:TO',776,'Tonga'),('TR','TUR','ISO 3166-2:TR',792,'Turkey'),('TT','TTO','ISO 3166-2:TT',780,'Trinidad and Tobago'),('TV','TUV','ISO 3166-2:TV',798,'Tuvalu'),('TW','TWN','ISO 3166-2:TW',158,'Taiwan, Province of China'),('TZ','TZA','ISO 3166-2:TZ',834,'Tanzania, United Republic of'),('UA','UKR','ISO 3166-2:UA',804,'Ukraine'),('UG','UGA','ISO 3166-2:UG',800,'Uganda'),('UM','UMI','ISO 3166-2:UM',581,'United States Minor Outlying Islands'),('US','USA','ISO 3166-2:US',840,'United States'),('UY','URY','ISO 3166-2:UY',858,'Uruguay'),('UZ','UZB','ISO 3166-2:UZ',860,'Uzbekistan'),('VA','VAT','ISO 3166-2:VA',336,'Holy See (Vatican City State)'),('VC','VCT','ISO 3166-2:VC',670,'Saint Vincent and the Grenadines'),('VE','VEN','ISO 3166-2:VE',862,'Venezuela, Bolivarian Republic of'),('VG','VGB','ISO 3166-2:VG',92,'Virgin Islands, British'),('VI','VIR','ISO 3166-2:VI',850,'Virgin Islands, U.S.'),('VN','VNM','ISO 3166-2:VN',704,'Viet Nam'),('VU','VUT','ISO 3166-2:VU',548,'Vanuatu'),('WF','WLF','ISO 3166-2:WF',876,'Wallis and Futuna'),('WS','WSM','ISO 3166-2:WS',882,'Samoa'),('YE','YEM','ISO 3166-2:YE',887,'Yemen'),('YT','MYT','ISO 3166-2:YT',175,'Mayotte'),('ZA','ZAF','ISO 3166-2:ZA',710,'South Africa'),('ZM','ZMB','ISO 3166-2:ZM',894,'Zambia'),('ZW','ZWE','ISO 3166-2:ZW',716,'Zimbabwe');
/*!40000 ALTER TABLE `countries` ENABLE KEYS */;
UNLOCK TABLES;

--
-- Table structure for table `flights`
--

DROP TABLE IF EXISTS `flights`;
/*!40101 SET @saved_cs_client     = @@character_set_client */;
/*!40101 SET character_set_client = utf8 */;
CREATE TABLE `flights` (
  `flightCode` int(11) NOT NULL AUTO_INCREMENT,
  `flightDate` date NOT NULL,
  `flightNumber` char(5) NOT NULL,
  `aircraftID` char(6) NOT NULL,
  `flightTime` time DEFAULT NULL,
  PRIMARY KEY (`flightCode`),
  UNIQUE KEY `flight_data_UQ` (`flightDate`,`flightNumber`,`aircraftID`),
  KEY `flight_flightschedule_FK` (`flightNumber`),
  KEY `flight_aircraft_FK` (`aircraftID`),
  CONSTRAINT `flight_aircraft_FK` FOREIGN KEY (`aircraftID`) REFERENCES `aircrafts` (`aircraftID`),
  CONSTRAINT `flight_flightschedule_FK` FOREIGN KEY (`flightNumber`) REFERENCES `flightschedules` (`flightNumber`)
) ENGINE=InnoDB AUTO_INCREMENT=73 DEFAULT CHARSET=utf8;
/*!40101 SET character_set_client = @saved_cs_client */;

--
-- Dumping data for table `flights`
--

LOCK TABLES `flights` WRITE;
/*!40000 ALTER TABLE `flights` DISABLE KEYS */;
INSERT INTO `flights` VALUES (1,'2016-08-01','FA501','TF-CNA','02:45:00'),(2,'2016-08-02','FA501','TF-CNA','02:45:00'),(3,'2016-08-03','FA501','TF-BRA','02:45:00'),(4,'2016-08-04','FA501','TF-BRA','02:45:00'),(5,'2016-08-05','FA501','TF-HUX','02:45:00'),(6,'2016-08-06','FA501','TF-HUX','02:45:00'),(7,'2016-08-07','FA501','TF-HUX','02:45:00'),(8,'2016-08-08','FA501','TF-HUX','02:45:00'),(9,'2016-08-09','FA501','TF-GSF','02:45:00'),(10,'2016-08-10','FA501','TF-BRA','02:45:00'),(11,'2016-08-11','FA501','TF-BRA','02:45:00'),(12,'2016-08-12','FA501','TF-LUS','02:45:00'),(13,'2016-08-13','FA501','TF-PHY','02:45:00'),(14,'2016-08-14','FA501','TF-LUS','02:45:00'),(15,'2016-08-15','FA501','TF-CNA','02:45:00'),(16,'2016-08-16','FA501','TF-CNA','02:45:00'),(17,'2016-08-17','FA501','TF-BRA','02:45:00'),(18,'2016-08-18','FA501','TF-BRA','02:45:00'),(19,'2016-08-19','FA501','TF-LUS','02:45:00'),(20,'2016-08-20','FA501','TF-LUS','02:45:00'),(21,'2016-08-21','FA501','TF-LUS','02:45:00'),(22,'2016-08-22','FA501','TF-PHY','02:45:00'),(23,'2016-08-23','FA501','TF-GSF','02:45:00'),(24,'2016-08-24','FA501','TF-BRA','02:45:00'),(25,'2016-08-25','FA501','TF-BRA','02:45:00'),(26,'2016-08-26','FA501','TF-GSF','02:45:00'),(27,'2016-08-27','FA501','TF-CNA','02:45:00'),(28,'2016-08-28','FA501','TF-LUS','02:45:00'),(29,'2016-08-29','FA501','TF-CNA','02:45:00'),(30,'2016-08-30','FA501','TF-GSF','02:45:00'),(31,'2016-08-31','FA501','TF-BRA','02:45:00'),(32,'2016-08-01','FA502','TF-CNA','02:55:00'),(33,'2016-08-02','FA502','TF-CNA','02:55:00'),(34,'2016-08-03','FA502','TF-BRA','02:55:00'),(35,'2016-08-04','FA502','TF-BRA','02:55:00'),(36,'2016-08-05','FA502','TF-HUX','02:55:00'),(37,'2016-08-06','FA502','TF-HUX','02:55:00'),(38,'2016-08-07','FA502','TF-HUX','02:55:00'),(39,'2016-08-08','FA502','TF-HUX','02:55:00'),(40,'2016-08-09','FA502','TF-GSF','02:55:00'),(41,'2016-08-10','FA502','TF-BRA','02:55:00'),(42,'2016-08-11','FA502','TF-BRA','02:55:00'),(43,'2016-08-12','FA502','TF-LUS','02:55:00'),(44,'2016-08-13','FA502','TF-PHY','02:55:00'),(45,'2016-08-14','FA502','TF-LUS','02:55:00'),(46,'2016-08-15','FA502','TF-CNA','02:55:00'),(47,'2016-08-16','FA502','TF-CNA','02:55:00'),(48,'2016-08-17','FA502','TF-BRA','02:55:00'),(49,'2016-08-18','FA502','TF-BRA','02:55:00'),(50,'2016-08-19','FA502','TF-LUS','02:55:00'),(51,'2016-08-20','FA502','TF-LUS','02:55:00'),(52,'2016-08-21','FA502','TF-LUS','02:55:00'),(53,'2016-08-22','FA502','TF-PHY','02:55:00'),(54,'2016-08-23','FA502','TF-GSF','02:55:00'),(55,'2016-08-24','FA502','TF-BRA','02:55:00'),(56,'2016-08-25','FA502','TF-BRA','02:55:00'),(57,'2016-08-26','FA502','TF-GSF','02:55:00'),(58,'2016-08-27','FA502','TF-CNA','02:55:00'),(59,'2016-08-28','FA502','TF-LUS','02:55:00'),(60,'2016-08-29','FA502','TF-CNA','02:55:00'),(61,'2016-08-30','FA502','TF-GSF','02:55:00'),(62,'2016-08-31','FA502','TF-BRA','02:55:00'),(63,'2016-08-26','FA101','TF-ASA','22:00:00'),(64,'2016-09-02','FA101','TF-ASA','22:00:00'),(65,'2016-09-09','FA101','TF-ASA','22:00:00'),(66,'2016-09-16','FA101','TF-ASA','22:00:00'),(67,'2016-08-27','FA102','TF-ASA','22:00:00'),(68,'2016-09-03','FA102','TF-ASA','22:00:00'),(69,'2016-09-10','FA102','TF-ASA','22:00:00'),(70,'2016-09-17','FA102','TF-ASA','22:00:00'),(71,'2016-12-01','FA407','TF-LUR','03:05:00'),(72,'2016-12-14','FA408','TF-LUR','03:20:00');
/*!40000 ALTER TABLE `flights` ENABLE KEYS */;
UNLOCK TABLES;
/*!50003 SET @saved_cs_client      = @@character_set_client */ ;
/*!50003 SET @saved_cs_results     = @@character_set_results */ ;
/*!50003 SET @saved_col_connection = @@collation_connection */ ;
/*!50003 SET character_set_client  = utf8 */ ;
/*!50003 SET character_set_results = utf8 */ ;
/*!50003 SET collation_connection  = utf8_general_ci */ ;
/*!50003 SET @saved_sql_mode       = @@sql_mode */ ;
/*!50003 SET sql_mode              = 'STRICT_TRANS_TABLES,NO_AUTO_CREATE_USER,NO_ENGINE_SUBSTITUTION' */ ;
DELIMITER ;;
/*!50003 CREATE*/ /*!50017 DEFINER=`0604972069`@`%`*/ /*!50003 TRIGGER enforceScheduleDays
BEFORE INSERT ON flights
FOR EACH ROW
BEGIN
	declare stopmessage varchar(255);
	IF ((weekday(new.flightDate) + 1) != (SELECT scheduleweekdays.weekday FROM scheduleweekdays WHERE scheduleweekdays.flightNumber = new.flightNumber)) THEN
		set stopmessage	= concat('Please only insert flights which match the scheduleweekdays table.');
        signal sqlstate '45000' set message_text = stopmessage;
	END IF;
END */;;
DELIMITER ;
/*!50003 SET sql_mode              = @saved_sql_mode */ ;
/*!50003 SET character_set_client  = @saved_cs_client */ ;
/*!50003 SET character_set_results = @saved_cs_results */ ;
/*!50003 SET collation_connection  = @saved_col_connection */ ;

--
-- Table structure for table `flights_has_staff`
--

DROP TABLE IF EXISTS `flights_has_staff`;
/*!40101 SET @saved_cs_client     = @@character_set_client */;
/*!40101 SET character_set_client = utf8 */;
CREATE TABLE `flights_has_staff` (
  `flights_has_staffID` int(11) NOT NULL AUTO_INCREMENT,
  `flights_flightCode` int(11) NOT NULL,
  `staff_personID` varchar(35) NOT NULL,
  `mainCabinAttendant` tinyint(1) NOT NULL DEFAULT '0',
  PRIMARY KEY (`flights_has_staffID`),
  UNIQUE KEY `distinctperson` (`flights_flightCode`,`staff_personID`),
  KEY `flights_has_staff_staffFK` (`staff_personID`),
  CONSTRAINT `flights_has_staff_flightsFK` FOREIGN KEY (`flights_flightCode`) REFERENCES `flights` (`flightCode`),
  CONSTRAINT `flights_has_staff_staffFK` FOREIGN KEY (`staff_personID`) REFERENCES `staff` (`personID`)
) ENGINE=InnoDB AUTO_INCREMENT=24 DEFAULT CHARSET=utf8;
/*!40101 SET character_set_client = @saved_cs_client */;

--
-- Dumping data for table `flights_has_staff`
--

LOCK TABLES `flights_has_staff` WRITE;
/*!40000 ALTER TABLE `flights_has_staff` DISABLE KEYS */;
INSERT INTO `flights_has_staff` VALUES (1,1,'IS1020313',0),(2,1,'DE4015928',0),(3,72,'IS3976809',1),(4,72,'DE8510054',0),(5,72,'IS5487187',0),(6,72,'IS5158995',0),(7,72,'IS1088564',0),(8,72,'NO5898713',0),(9,71,'IS4775977',1),(10,71,'DE7129159',0),(11,71,'IS4195049',0),(12,71,'IS4160916',0),(13,71,'SE5833049',0),(14,71,'IS1676650',0),(15,1,'IS3976809',1),(16,1,'NO9863005',0),(17,1,'IS3297520',0),(18,1,'NO5898713',0),(19,20,'US1059020',1),(20,20,'IS3695649',0),(21,20,'IS2109280',0),(22,20,'IS5158995',0),(23,1,'DE7438966',0);
/*!40000 ALTER TABLE `flights_has_staff` ENABLE KEYS */;
UNLOCK TABLES;
/*!50003 SET @saved_cs_client      = @@character_set_client */ ;
/*!50003 SET @saved_cs_results     = @@character_set_results */ ;
/*!50003 SET @saved_col_connection = @@collation_connection */ ;
/*!50003 SET character_set_client  = utf8 */ ;
/*!50003 SET character_set_results = utf8 */ ;
/*!50003 SET collation_connection  = utf8_general_ci */ ;
/*!50003 SET @saved_sql_mode       = @@sql_mode */ ;
/*!50003 SET sql_mode              = 'STRICT_TRANS_TABLES,NO_AUTO_CREATE_USER,NO_ENGINE_SUBSTITUTION' */ ;
DELIMITER ;;
/*!50003 CREATE*/ /*!50017 DEFINER=`0604972069`@`%`*/ /*!50003 trigger maincabinattendantinsertcheck
before insert on flights_has_staff
for each row
begin
	declare stopmessage varchar(255);
    if (new.mainCabinAttendant = 1 AND new.staff_personID != ANY(SELECT personID FROM staff WHERE jobsID = 9)) then
		set stopmessage = concat('Aeins flugjnar geta veri aalflugjnar. Vinsamlegast reyndu aftur.');
        signal sqlstate '45000' set message_text = stopmessage;
	end if;
end */;;
DELIMITER ;
/*!50003 SET sql_mode              = @saved_sql_mode */ ;
/*!50003 SET character_set_client  = @saved_cs_client */ ;
/*!50003 SET character_set_results = @saved_cs_results */ ;
/*!50003 SET collation_connection  = @saved_col_connection */ ;
/*!50003 SET @saved_cs_client      = @@character_set_client */ ;
/*!50003 SET @saved_cs_results     = @@character_set_results */ ;
/*!50003 SET @saved_col_connection = @@collation_connection */ ;
/*!50003 SET character_set_client  = utf8 */ ;
/*!50003 SET character_set_results = utf8 */ ;
/*!50003 SET collation_connection  = utf8_general_ci */ ;
/*!50003 SET @saved_sql_mode       = @@sql_mode */ ;
/*!50003 SET sql_mode              = 'STRICT_TRANS_TABLES,NO_AUTO_CREATE_USER,NO_ENGINE_SUBSTITUTION' */ ;
DELIMITER ;;
/*!50003 CREATE*/ /*!50017 DEFINER=`0604972069`@`%`*/ /*!50003 trigger maincabinattendantupdatecheck
before update on flights_has_staff
for each row
begin
	declare stopmessage varchar(255);
    if (new.mainCabinAttendant = 1 AND new.staff_personID != ANY(SELECT personID FROM staff WHERE jobsID = 9)) then
		set stopmessage = concat('Aeins flugjnar geta veri aalflugjnar. Vinsamlegast reyndu aftur.');
        signal sqlstate '45000' set message_text = stopmessage;
    end if;
end */;;
DELIMITER ;
/*!50003 SET sql_mode              = @saved_sql_mode */ ;
/*!50003 SET character_set_client  = @saved_cs_client */ ;
/*!50003 SET character_set_results = @saved_cs_results */ ;
/*!50003 SET collation_connection  = @saved_col_connection */ ;

--
-- Table structure for table `flightschedules`
--

DROP TABLE IF EXISTS `flightschedules`;
/*!40101 SET @saved_cs_client     = @@character_set_client */;
/*!40101 SET character_set_client = utf8 */;
CREATE TABLE `flightschedules` (
  `flightNumber` char(5) NOT NULL,
  `originatingAirport` char(3) NOT NULL,
  `destinationAirport` char(3) NOT NULL,
  `distance` decimal(7,2) DEFAULT NULL,
  PRIMARY KEY (`flightNumber`),
  KEY `origin_city_FK` (`originatingAirport`),
  KEY `destination_city_FK` (`destinationAirport`),
  CONSTRAINT `destination_city_FK` FOREIGN KEY (`destinationAirport`) REFERENCES `airports` (`IATAcode`),
  CONSTRAINT `origin_city_FK` FOREIGN KEY (`originatingAirport`) REFERENCES `airports` (`IATAcode`)
) ENGINE=InnoDB DEFAULT CHARSET=utf8;
/*!40101 SET character_set_client = @saved_cs_client */;

--
-- Dumping data for table `flightschedules`
--

LOCK TABLES `flightschedules` WRITE;
/*!40000 ALTER TABLE `flightschedules` DISABLE KEYS */;
INSERT INTO `flightschedules` VALUES ('FA101','KEF','SYD',16635.00),('FA102','SYD','KEF',16635.00),('FA103','KEF','AKL',16801.00),('FA104','AKL','KEF',16801.00),('FA201','KEF','CAI',5276.00),('FA202','CAI','KEF',5276.00),('FA203','KEF','NBO',8695.00),('FA204','NBO','KEF',8695.00),('FA205','KEF','DAR',9366.00),('FA206','DAR','KEF',9366.00),('FA207','KEF','JNB',10950.00),('FA208','JNB','KEF',10950.00),('FA301','KEF','MEX',7460.00),('FA302','MEX','KEF',7460.00),('FA303','KEF','IZE',11405.00),('FA304','IZE','KEF',11405.00),('FA305','KEF','GIG',9867.00),('FA306','GIG','KEF',9867.00),('FA401','KEF','LHR',1890.00),('FA402','LHR','KEF',1890.00),('FA403','KEF','STN',1890.00),('FA404','STN','KEF',1890.00),('FA405','KEF','CDG',2234.00),('FA406','CDG','KEF',2234.00),('FA407','KEF','FRA',2379.00),('FA408','FRA','KEF',2379.00),('FA409','KEF','HHN',2379.00),('FA410','HHN','KEF',2379.00),('FA411','KEF','ZRH',2622.00),('FA412','ZRH','KEF',2622.00),('FA413','KEF','BCN',2968.00),('FA414','BCN','KEF',2968.00),('FA415','KEF','SVO',3311.00),('FA416','SVO','KEF',3311.00),('FA417','KEF','WAW',2774.00),('FA418','WAW','KEF',2774.00),('FA419','KEF','MXP',2827.00),('FA420','MXP','KEF',2827.00),('FA421','KEF','VIE',2891.00),('FA422','VIE','KEF',2891.00),('FA423','KEF','GLA',1339.00),('FA424','GLA','KEF',1339.00),('FA425','KEF','LIS',2951.00),('FA426','LIS','KEF',2951.00),('FA427','KEF','PRG',2640.00),('FA428','PRG','KEF',2640.00),('FA429','KEF','ATH',4171.00),('FA430','ATH','KEF',4171.00),('FA501','KEF','OSL',1748.00),('FA502','OSL','KEF',1748.00),('FA503','KEF','ARN',2136.00),('FA504','ARN','KEF',2136.00),('FA505','KEF','CPH',2137.00),('FA506','CPH','KEF',2137.00),('FA507','KEF','HEL',2418.00),('FA508','HEL','KEF',2418.00),('FA509','KEF','FAE',801.00),('FA510','FAE','KEF',801.00),('FA601','KEF','IST',4125.00),('FA602','IST','KEF',4125.00),('FA603','KEF','TLV',5242.00),('FA604','TLV','KEF',5242.00),('FA701','KEF','DOH',6704.00),('FA702','DOH','KEF',6704.00),('FA703','KEF','THR',5700.00),('FA704','THR','KEF',5700.00),('FA705','KEF','BGW',5585.00),('FA706','BGW','KEF',5585.00),('FA801','KEF','YYZ',4199.00),('FA802','YYZ','KEF',4199.00),('FA803','KEF','LAX',6940.00),('FA804','LAX','KEF',6940.00),('FA805','KEF','BOS',3917.00),('FA806','BOS','KEF',3917.00),('FA807','KEF','JFK',4207.00),('FA808','JFK','KEF',4207.00),('FA809','KEF','KIN',6519.00),('FA810','KIN','KEF',6519.00),('FA901','KEF','BOM',8354.00),('FA902','BOM','KEF',8354.00),('FA903','KEF','PEK',7892.00),('FA904','PEK','KEF',7892.00),('FA905','KEF','BKK',10107.00),('FA906','BKK','KEF',10107.00),('FA907','KEF','HAN',9549.00),('FA908','HAN','KEF',9549.00),('FA909','KEF','NRT',8808.00),('FA910','NRT','KEF',8808.00),('FA911','KEF','HKG',9700.00),('FA912','HKG','KEF',9700.00);
/*!40000 ALTER TABLE `flightschedules` ENABLE KEYS */;
UNLOCK TABLES;

--
-- Table structure for table `jobs`
--

DROP TABLE IF EXISTS `jobs`;
/*!40101 SET @saved_cs_client     = @@character_set_client */;
/*!40101 SET character_set_client = utf8 */;
CREATE TABLE `jobs` (
  `jobsID` int(11) NOT NULL AUTO_INCREMENT,
  `jobsTitle` varchar(75) NOT NULL,
  PRIMARY KEY (`jobsID`)
) ENGINE=InnoDB AUTO_INCREMENT=24 DEFAULT CHARSET=utf8;
/*!40101 SET character_set_client = @saved_cs_client */;

--
-- Dumping data for table `jobs`
--

LOCK TABLES `jobs` WRITE;
/*!40000 ALTER TABLE `jobs` DISABLE KEYS */;
INSERT INTO `jobs` VALUES (1,'Chief Executive Officer'),(2,'Chairman of the Board'),(3,'Director of Operations'),(4,'whoops'),(5,'Trainee'),(6,'Treasurer'),(7,'Flight Operation Manager'),(8,'Office'),(9,'Flight Attendant'),(10,'Dispatcher'),(11,'Technician'),(12,'Human Resources'),(13,'Marketing Director'),(14,'Engineer'),(15,'Training Manager'),(16,'Training'),(17,'Captain'),(18,'Maintenance'),(19,'First Officer'),(20,'Marketing'),(21,'Public Relations'),(22,'Ticket Office'),(23,'Quality control');
/*!40000 ALTER TABLE `jobs` ENABLE KEYS */;
UNLOCK TABLES;

--
-- Table structure for table `passengers`
--

DROP TABLE IF EXISTS `passengers`;
/*!40101 SET @saved_cs_client     = @@character_set_client */;
/*!40101 SET character_set_client = utf8 */;
CREATE TABLE `passengers` (
  `seatingID` int(11) NOT NULL AUTO_INCREMENT,
  `personID` varchar(35) NOT NULL,
  `personName` varchar(75) NOT NULL,
  `priceID` int(11) DEFAULT NULL,
  `seatID` int(11) NOT NULL,
  `bookedFlightID` int(11) NOT NULL,
  PRIMARY KEY (`seatingID`),
  KEY `seting_price_FK` (`priceID`),
  KEY `seating_booking_FK` (`bookedFlightID`),
  KEY `seating_seat_FK` (`seatID`),
  CONSTRAINT `seating_booking_FK` FOREIGN KEY (`bookedFlightID`) REFERENCES `bookedflights` (`bookedFlightID`),
  CONSTRAINT `seating_seat_FK` FOREIGN KEY (`seatID`) REFERENCES `aircraftseats` (`seatID`),
  CONSTRAINT `seting_price_FK` FOREIGN KEY (`priceID`) REFERENCES `prices` (`priceID`)
) ENGINE=InnoDB AUTO_INCREMENT=361 DEFAULT CHARSET=utf8;
/*!40101 SET character_set_client = @saved_cs_client */;

--
-- Dumping data for table `passengers`
--

LOCK TABLES `passengers` WRITE;
/*!40000 ALTER TABLE `passengers` DISABLE KEYS */;
INSERT INTO `passengers` VALUES (1,'SE284602','Theodor Fransson',1,3263,1),(2,'NO195738','Kjetil Amundsen',2,3264,2),(3,'NO154630','Andreas Rasmussen',2,3265,3),(4,'IS736003','Hjrds Orradttir',2,3267,4),(5,'IS774638','sak Lesson',2,3266,5),(6,'IS185963','Jhann Kristinsson',1,3269,6),(7,'IS777549','Andri Valsson',1,3276,7),(8,'IS916577','Fririk Hlynsson',1,3282,8),(9,'IS395632','Arnar Orrason',1,3268,9),(10,'SE715036','Melina Dahlberg',1,3286,10),(11,'SE294758','Jack Lindqvist',1,3285,10),(12,'NO675294','Per Andresen',1,3279,11),(13,'NO001846','Kjetil Pedersen',1,3280,11),(14,'IS295673','Bjrgvin rarinsson',1,3272,12),(15,'IS916422','Bjarki rarinsson',1,3271,12),(16,'IS283746','Snorri Jakobsson',1,3270,12),(17,'SE472955','Nathalie Johansson',4,3317,13),(18,'IS167338','Mara Birgisdttir',4,3326,14),(19,'NO576232','Knut Vik',4,3298,15),(20,'NO107560','Bjrn Eide',5,3287,16),(21,'NO195694','Sindre Olsen',4,3308,17),(22,'NO109087','Liv Olsen',4,3305,17),(23,'NO102534','Jorunn Olsen',4,3307,17),(24,'NO987345','Berit Olsen',3,3306,17),(25,'IS129543','Halldr Jhannsson',5,3292,18),(26,'IS732992','Ingvar Brekason',5,3293,19),(27,'IS194673','Snorri Birgisson',3,3315,20),(28,'IS934671','Margrt Benediktsdttir',4,3319,21),(29,'IS916472','Sigurur Egilsson',4,3320,21),(30,'IS295715','Gumundur Sigursson',3,3321,21),(31,'IS883461','urur Sigurardttir',4,3322,21),(32,'IS001846','Gunnar Magnsson',4,3329,22),(33,'IS147834','Vilborg Benediktsdttir',4,3330,22),(34,'IS951823','Bjarki Gunnarsson',4,3331,22),(35,'IS183465','Halldra Gunnarsdttir',4,3332,22),(36,'IS914637','Sigurur orsteinsson',3,3297,23),(37,'IS657392','Magns Ingvarsson',3,3336,24),(38,'IS769934','Margrt Jnsdttir',5,3299,25),(39,'IS657382','sk Darradttir',3,3312,26),(40,'IS102836','Herds Gulaugsdttir',4,3375,27),(41,'NO178533','Roar Pedersen',4,3407,28),(42,'NO938833','Astrid Jakobsen',4,3353,29),(43,'NO195634','Svein Karlsen',5,3358,30),(44,'NO444382','Solveig Srensen',3,3441,31),(45,'NO372663','Kjell Martinsen',3,3303,32),(46,'NO863925','Anne Johannessen',4,3427,33),(47,'SE695830','Adam Larsson',4,3411,34),(48,'SE720263','Sara Larsson',4,3412,34),(49,'SE511970','Jasmine  Larsson',4,3425,34),(50,'SE525808','Daniel Olsson',4,3395,35),(51,'SE572750','Tuva Olsson',4,3396,35),(52,'SE817414','Vincent Nilsson',4,3363,36),(53,'SE837055','Selma Nilsson',4,3364,36),(54,'SE195379','Klara Bjrk',3,3438,37),(55,'SE922833','Adam Johansson',4,3354,38),(56,'SE572425','Freja Karlsson',5,3346,39),(57,'SE780156','Liam Hansson',5,3288,40),(58,'SE609942','Freja Karlsson',4,3289,41),(59,'SE804579','Alfred Axelsson',5,3316,42),(60,'SE350690','Ella Henriksson',4,3333,43),(61,'SE684622','Eddie Lindstrm',4,3355,44),(62,'SE853959','Jasmine Berg',5,3391,45),(63,'SE969225','Noah Olsson',5,3392,46),(64,'SE480977','Emil Jnsson',5,3389,47),(65,'NO742973','Petter Knudsen',5,3368,48),(66,'NO591433','Anna Hanssen',4,3357,49),(67,'NO872200','Terje Gundersen',4,3360,50),(68,'NO164271','Silje Jacobsen',3,3426,51),(69,'NO373828','Jan Kristiansen',5,3323,52),(70,'NO283215','Daniel Kristiansen',5,3324,52),(71,'NO932464','Petter Kristiansen',5,3325,52),(72,'NO711701','Anna Fredriksen',4,3350,53),(73,'NO962534','Anne Myhre',4,3440,54),(74,'NO961933','Kari Tveit',4,3361,55),(75,'NO582961','Stine Jensen',4,3431,56),(76,'NO456731','Turid Andersen',4,3351,57),(77,'NO511990','Frank Haugen',4,3393,58),(78,'NO118020','Sander Eriksen',5,3410,59),(79,'NO568704','Svein Knudsen',4,3385,60),(80,'NO987647','Inger Moen',4,3352,61),(81,'NO251481','Anne Bakken',5,3428,62),(82,'NO762009','Berit Ruud',5,3403,63),(83,'NO606983','Line Lien',5,3397,64),(84,'NO843159','Jorunn degrd',5,3409,65),(85,'NO695240','Line Kristoffersen',4,3386,66),(86,'NO917268','Hilde Larsen',4,3439,67),(87,'NO769017','Kari Ahmed',4,3356,68),(88,'NO664031','Kristian Strand',4,3359,69),(89,'NO913596','Eivind Pedersen',4,3362,70),(90,'NO975687','Pl Johansen',4,3433,71),(91,'NO394811','Marit Gulbrandsen',4,3404,72),(92,'NO473470','Ida Moe',4,3405,73),(93,'NO884522','Malin Gundersen',4,3406,74),(94,'NO913478','Aud Pedersen',3,3442,75),(95,'NO916974','Ragnhild Berge',4,3294,76),(96,'NO438873','Arne Mathisen',4,3291,77),(97,'NO360377','Trond Johansen',4,3290,78),(98,'NO644013','Frank Jensen',4,3311,79),(99,'NO964037','Ingrid Haugen',4,3318,80),(100,'NO182813','Line Hansen',4,3302,81),(101,'NO144739','Karoline Iversen',5,3338,82),(102,'NO824620','Harald Haug',4,3304,83),(103,'NO703100','Terje Johnsen',4,3334,84),(104,'NO188373','Kristoffer Bakke',4,3343,85),(105,'NO581269','Kari Hansen',4,3369,86),(106,'NO921268','Cecilie Pedersen',4,3340,87),(107,'NO423361','Martin Johnsen',5,3374,88),(108,'IS496122','Ingibjrg varsdttir',5,3344,89),(109,'IS676092','Eva Stefnsdttir',4,3408,90),(110,'IS737277','Sigrur Birgisdttir',4,3366,91),(111,'IS163000','Margrt Axelsdttir',4,3342,92),(112,'IS230445','Marn Vilhjlmsdttir',4,3371,93),(113,'IS901829','Helga orsteinsdttir',5,3345,94),(114,'IS910046','Sigrn Eyrsdttir',4,3435,95),(115,'IS915087','Lilja Tryggvadttir',4,3341,96),(116,'IS234865','Sigrur Jnsdttir',4,3313,97),(117,'IS189013','Sigrur orsteinsdttir',5,3296,98),(118,'IS447644','Sigrn Grtarsdttir',4,3314,99),(119,'IS186882','runn Andradttir',4,3388,100),(120,'IS254247','Kristn Birkisdttir',3,3339,101),(121,'IS540260','Auur Sveinsdttir',4,3379,102),(122,'IS179397','Ragnhildur skarsdttir',4,3381,103),(123,'IS270297','slaug Jnasdttir',4,3382,104),(124,'IS972647','Ingibjrg Gujnsdttir',4,3398,105),(125,'IS623996','Hrafnhildur orvaldsdttir',3,3436,106),(126,'IS328942','Helga Sveinsdttir',4,3367,107),(127,'IS340348','Ingibjrg Eirksdttir',4,3378,108),(128,'IS872260','Gurn Sveinsdttir',5,3370,109),(129,'IS318339','Ragnheiur gisdttir',5,3365,110),(130,'IS219691','Kristn Gunnlaugsdttir',3,3437,111),(131,'IS611588','Brynja Birkisdttir',4,3380,112),(132,'IS779151','Steinn Halldrsson',4,3377,113),(133,'IS258186','Freyr Gunason',4,3400,114),(134,'IS786848','Gunnar Magnsson',4,3394,115),(135,'IS289485','Axel Jhannesson',3,3432,116),(136,'IS491688','li Bragason',4,3387,117),(137,'IS507816','Jn Hlynsson',4,3373,118),(138,'IS357945','Bjarni Jhannsson',5,3376,119),(139,'IS710776','Jan Kristiansen',5,3399,120),(140,'IS630370','Anders Haugland',5,3300,121),(141,'IS615122','Sara Haugland',5,3301,121),(142,'IS656088','Kristian Berg',4,3327,122),(143,'IS752609','Turid Berg',4,3328,122),(144,'IS631424','Per Andersen',4,3347,123),(145,'IS326023','Turid Andersen',4,3348,123),(146,'IS855582','Jenny Andersen',4,3349,123),(147,'IS938784','Kristn Birgisdttir',4,3335,124),(148,'IS385079','ris Elsdttir',4,3390,124),(149,'IS480985','Edda Elsdttir',4,3337,124),(150,'IS895419','Gunnar Magnsson',5,3434,125),(151,'IS326211','Gsli Smrason',5,3309,126),(152,'IS897157','Gurn Skladttir',5,3310,126),(153,'IS504516','Sveinn Gujnsson',4,3429,127),(154,'IS996724','Helga Sigurjnsdttir',4,3430,127),(155,'IS131839','mar varsson',4,3401,128),(156,'IS598408','Mara Jhannesdttir',4,3402,128),(157,'IS270307','Mara Grtarsdttir',4,3383,129),(158,'IS210059','Sara Harardttir',4,3384,129),(159,'IS123908','Le Sindrason',6,3413,130),(160,'IS009456','Helgi Egilsson',6,3414,130),(161,'IS017756','sgeir Fririksson',6,3415,130),(162,'IS103758','Atli Sverrisson',6,3416,130),(163,'IS496720','Gumundur Viarsson',6,3417,130),(164,'IS047698','Garar Eyrsson',6,3418,130),(165,'IS135489','Magns Axelsson',6,3419,130),(166,'IS112039','sgeir Ingvason',6,3420,130),(167,'IS982347','Gumundur Davsson',6,3421,130),(168,'IS204985','Gunnar Stefnsson',6,3422,130),(169,'IS723640','Jhannes Egilsson',6,3423,130),(170,'IS005834','rni Hafsteinsson',6,3424,130),(171,'SE175836','Tindra Nystrm',1,3263,131),(172,'SE916653','Vilhelm Persson',1,3264,132),(173,'SE119563','August Bengtsson',1,3265,133),(174,'SE175729','Benjamin Arvidsson',1,3266,134),(175,'SE111075','Erik Svensson',1,3267,135),(176,'SE085032','Elias Abrahamsson',1,3268,136),(177,'SE198736','Olivia Nordstrm',1,3269,137),(178,'SE453627','Edvard Lundqvist',1,3270,138),(179,'SE685947','Hjalmar Larsson',1,3271,139),(180,'SE153041','Sigge Johansson',1,3272,140),(181,'NO119875','Jan Hansen',1,3273,141),(182,'NO476135','Anne Nilsen',1,3274,142),(183,'NO209185','Maria Haugland',1,3275,143),(184,'NO463821','Anne Hagen',1,3276,144),(185,'NO995611','Hans Olsen',1,3277,145),(186,'NO675849','Karin Ellingsen',1,3278,146),(187,'NO453627','Kristian Sandvik',1,3279,147),(188,'IS111085','Ari Antonsson',1,3280,148),(189,'IS007432','Axel Valdimarsson',1,3281,149),(190,'IS192837','Bjarni Hjaltason',1,3282,150),(191,'IS916573','Kristn Gumundsdttir',1,3283,151),(192,'IS123956','Breki Hilmarsson',1,3284,152),(193,'IS101918','Jakob Bjrnsson',1,3285,153),(194,'IS295733','Svar Andrason',1,3286,154),(195,'SE370557','Olivia Karlsson',3,3438,155),(196,'SE681315','Maja Pettersson',4,3361,156),(197,'SE280298','Leo Lindgren',5,3292,157),(198,'SE626105','Ella Sandstrm',4,3293,158),(199,'SE476184','Frank Nilsson',4,3365,159),(200,'SE455060','Emma Persson',4,3332,160),(201,'SE428445','Elsa Svensson',5,3299,161),(202,'SE683427','Jonathan Andersson',4,3357,162),(203,'SE179354','Theodor Wallin',3,3429,163),(204,'SE567361','Filip Bergstrm',5,3294,164),(205,'SE334217','Alfred Axelsson',4,3374,165),(206,'SE670771','Alva Sjberg',4,3288,166),(207,'SE878602','Alicia Persson',4,3290,167),(208,'SE703567','Elly Pettersson',4,3367,168),(209,'SE350158','Ellen Larsson',4,3329,169),(210,'SE163911','Elsa Jonsson',3,3420,170),(211,'SE132530','Tyra Bjrk',4,3320,171),(212,'SE992647','Nils Petterson',4,3321,171),(213,'SE884632','Johann Nilsson',4,3322,171),(214,'SE566372','Nova Hermansson',4,3346,172),(215,'SE337236','Elliot Lindholm',4,3345,173),(216,'SE405464','Klara Persson',4,3442,174),(217,'SE915741','Julie Andreassen',4,3385,175),(218,'NO497765','Harald Olsen',3,3441,176),(219,'NO663401','Thomas Svendsen',4,3382,177),(220,'NO119388','Gunn Lie',4,3437,178),(221,'NO598421','Kari Hanssen',4,3355,179),(222,'NO289503','Odd Strand',4,3351,180),(223,'NO487562','Lisa Strand',4,3352,180),(224,'NO576083','Einar Andersen',4,3338,181),(225,'NO440817','Sigrid Abrahamsen',4,3348,182),(226,'NO778968','Camilla Hansen',4,3381,183),(227,'NO292673','Camilla Berg',4,3344,184),(228,'NO218924','Ole Dahl',4,3431,185),(229,'NO904206','Maria Olsen',4,3433,186),(230,'NO977342','Eirik Amundsen',3,3402,187),(231,'NO485524','Randi Be',4,3350,188),(232,'NO202109','Kjell Pedersen',4,3421,189),(233,'NO093309','Astrid Pedersen',4,3422,189),(234,'NO111309','Kari Pedersen',4,3428,189),(235,'NO736103','Janne Rasmussen',4,3395,190),(236,'NO267452','Anna Rasmussen',4,3396,190),(237,'NO176784','Malin Mikkelsen',5,3317,191),(238,'NO833321','Lise Larsen',4,3376,192),(239,'NO139504','Tone Nielsen',4,3410,193),(240,'NO856548','Thomas Andersen',4,3375,194),(241,'NO924323','Stian Nilsen',3,3435,195),(242,'NO604736','Stian Pettersen',4,3349,196),(243,'NO538988','Olav Jensen',4,3425,197),(244,'NO406719','Silje Hanssen',4,3399,198),(245,'NO622145','Per Pedersen',4,3407,199),(246,'NO174418','Irene Larsen',4,3413,200),(247,'NO835160','Eivind Olsen',5,3316,201),(248,'NO927801','Einar Christensen',4,3434,202),(249,'NO245729','Terje Kristiansen',4,3397,203),(250,'NO684516','Anne Andreassen',4,3403,204),(251,'NO862442','Lars Andersen',4,3416,205),(252,'NO657979','Hilde Henriksen',4,3409,206),(253,'NO456723','Unni Olsen',3,3387,207),(254,'NO866894','Julie Johansen',4,3330,208),(255,'NO628810','Julie Jrgensen',4,3415,209),(256,'NO375835','Alf Moe',4,3411,210),(257,'NO228564','Olaf Moe',4,3412,210),(258,'NO693409','Jrgen Kristensen',4,3393,211),(259,'NO414611','Anne Larsen',5,3335,212),(260,'NO714846','Eva Moen',4,3364,213),(261,'NO210706','Terje Olsen',3,3378,214),(262,'NO250907','Astrid Kristiansen',4,3305,215),(263,'NO164987','Ola Kristiansen',4,3306,215),(264,'NO354732','Birgit Kristiansen',4,3307,215),(265,'NO165980','Sigurd Kristiansen',4,3308,215),(266,'NO597407','Linda Hansen',4,3291,216),(267,'NO568037','Torill Andersen',5,3340,217),(268,'NO156112','Karin Vik',3,3363,218),(269,'NO779867','Tonje Holm',4,3406,219),(270,'NO287222','Inger Haugen',4,3371,220),(271,'NO162532','Bjorn Haugen',4,3372,220),(272,'NO425754','Solveig Olsen',4,3400,221),(273,'NO547905','Tore Nygrd',4,3394,222),(274,'NO750303','yvind Nygrd',4,3318,223),(275,'NO248534','Ragnhild Jakobsen',4,3388,224),(276,'NO912656','Tore Danielsen',5,3289,225),(277,'NO374543','Tobias Nilsen',4,3297,226),(278,'NO506867','Elin Karlsen',4,3313,227),(279,'NO332406','Gerd Haugen',4,3401,228),(280,'NO609735','Arne Berge',4,3384,229),(281,'IS554597','Aron risson',4,3319,230),(282,'IS110102','Pll risson',3,3432,231),(283,'IS384112','Rbert Emilsson',4,3302,232),(284,'IS991428','Hulda Sigurardttir',4,3303,232),(285,'IS386543','Einar Emilsson',4,3304,232),(286,'IS476829','gst Rbertsson',4,3440,233),(287,'IS574132','Bragi Vilhjlmsson',4,3383,234),(288,'IS866160','rir Brekason',4,3314,235),(289,'IS204347','Auur Viarsdttir',3,3423,236),(290,'IS539723','Lf Arnardttir',4,3347,237),(291,'IS395876','Ragnheiur Sigurardttir',4,3353,238),(292,'IS773421','Anna Sigurardttir',4,3354,238),(293,'IS708942','Andri Freysson',4,3333,239),(294,'IS756513','gsta orvaldsdttir',4,3427,240),(295,'IS285087','Andri Arnarson',4,3336,241),(296,'IS231870','Darri Tryggvason',3,3426,242),(297,'IS123748','lafur Fririksson',3,3414,243),(298,'IS606217','Valgerur Kjartansdttir',4,3315,244),(299,'IS162884','Gsli Arnarson',4,3360,245),(300,'IS589759','Hulda Brekadttir',4,3417,246),(301,'IS453092','Eln BGunnarsdttir',4,3418,246),(302,'IS239416','Trausti rarinsson',4,3424,247),(303,'IS989294','sds Sindradttir',3,3408,248),(304,'IS409131','Hanna Kristinsdttir',4,3337,249),(305,'IS299828','Gumundur Davsson',4,3339,250),(306,'IS803695','Ari Arason',4,3341,251),(307,'IS474421','Rnar Logason',4,3342,252),(308,'IS240776','Bragi Kristinsson',4,3323,253),(309,'IS811635','Andri Kristinsson',4,3324,253),(310,'IS175620','Bjarni Kristinsson',4,3325,253),(311,'IS208543','rir Heiarsson',4,3430,254),(312,'IS817640','Jhann Baldursson',4,3436,255),(313,'IS870503','Eva Reynisdttir',4,3390,256),(314,'IS156099','rni risson',4,3389,257),(315,'IS345607','Bjarki Arnarson',4,3404,258),(316,'IS519702','r Bergmannsson',4,3398,259),(317,'IS788051','Einar Hermannsson',4,3392,260),(318,'IS765324','Gurn Aalsteinsdttir',4,3386,261),(319,'IS157317','Gumundur Danelsson',4,3366,262),(320,'IS144526','lafur Sverrisson',4,3369,263),(321,'IS779177','Gubjrg Bergmannsdttir',4,3391,264),(322,'IS404798','Kristn Kradttir',4,3370,265),(323,'IS909786','Sigurur Bergmannsson',4,3301,266),(324,'IS440344','Halldr Atlason',4,3300,267),(325,'IS731208','Ingvar Kristfersson',4,3379,268),(326,'IS340270','Margrt Heiarsdttir',4,3380,268),(327,'IS998423','Katrn Bjrnsdttir',4,3312,269),(328,'IS526794','Bra Eyrsdttir',4,3358,270),(329,'IS431910','Stefana Inglfsdttir',4,3362,271),(330,'IS907214','lf Arnrsdttir',4,3356,272),(331,'IS550491','ra Jnsdttir',4,3359,273),(332,'IS976291','Sigrur varsdttir',4,3326,274),(333,'IS816537','rni Gunnlaugsson',4,3327,274),(334,'IS198664','Sigrur rnadttir',4,3328,274),(335,'IS325968','Fririk Antonsson',4,3331,275),(336,'IS153090','Brynds Gunnarsdttir',4,3419,276),(337,'IS182566','Sley Steinsdttir',4,3334,277),(338,'IS746479','Margrt Alexandersdttir',4,3368,278),(339,'IS462288','runn Snsdttir',4,3343,279),(340,'IS280076','Ragnheiur Axelsdttir',4,3439,280),(341,'IS850434','Eln Steinsdttir',3,3405,281),(342,'IS115399','Margrt Arnardttir',4,3377,282),(343,'IS982143','Stefn Stefnsson',4,3309,283),(344,'IS741986','Ragnheiur Bjarnadttir',4,3311,284),(345,'IS304886','Magns rnason',4,3296,285),(346,'IS335532','Hildur Gunnlaugsdttir',4,3373,286),(347,'IS870176','Kri Birkisson',4,3298,287),(348,'IS879347','Bjarni Darrason',4,3295,288),(349,'IS232814','Katrn rarinsdttir',5,3310,289),(350,'IS600081','Ingibjrg Gulaugsdttir',5,3287,290),(351,'SE19647389','Martin Tallstrm',6,1137,291),(352,'SE19647389','Martin Tallstrm',4,1203,292),(353,'SE90340573','Lisa Tallstrm',6,1138,291),(354,'SE90340573','Lisa Tallstrm',4,1204,292),(355,'SE48365030','Erik Tallstrm',6,1139,291),(356,'SE48365030','Erik Tallstrm',4,1205,292),(357,'SE39466011','Lillemor Tallstrm',6,1140,291),(358,'SE39466011','Lillemor Tallstrm',4,1206,292),(359,'SE28374021','Elin Tallstrm',6,1141,291),(360,'SE28374021','Elin Tallstrm',4,1207,292);
/*!40000 ALTER TABLE `passengers` ENABLE KEYS */;
UNLOCK TABLES;

--
-- Table structure for table `pricecategories`
--

DROP TABLE IF EXISTS `pricecategories`;
/*!40101 SET @saved_cs_client     = @@character_set_client */;
/*!40101 SET character_set_client = utf8 */;
CREATE TABLE `pricecategories` (
  `categoryID` int(11) NOT NULL AUTO_INCREMENT,
  `categoryName` varchar(35) DEFAULT NULL,
  `validFrom` date DEFAULT NULL,
  `validTo` date DEFAULT NULL,
  `minimumPrice` int(11) DEFAULT NULL,
  `refundable` tinyint(1) DEFAULT NULL,
  `seatNumberRestrictions` int(11) DEFAULT NULL,
  `classID` int(11) DEFAULT NULL,
  PRIMARY KEY (`categoryID`),
  KEY `category_class_FK` (`classID`),
  CONSTRAINT `category_class_FK` FOREIGN KEY (`classID`) REFERENCES `classes` (`classID`)
) ENGINE=InnoDB AUTO_INCREMENT=9 DEFAULT CHARSET=utf8;
/*!40101 SET character_set_client = @saved_cs_client */;

--
-- Dumping data for table `pricecategories`
--

LOCK TABLES `pricecategories` WRITE;
/*!40000 ALTER TABLE `pricecategories` DISABLE KEYS */;
INSERT INTO `pricecategories` VALUES (1,'FullEconomyScandinavia','2016-08-01','2016-09-30',35000,1,0,3),(2,'BasicEconomyScandinavia','2016-08-01','2016-09-30',23000,0,0,3),(3,'ReducedEconomyScandinavia','2016-08-01','2016-09-30',14700,0,15,3),(4,'BusinessClassKEF-OSL','2016-08-01','2016-09-30',70000,1,0,2),(5,'Football Alliance','2016-08-01','2016-12-31',12500,1,0,2),(6,'Ociania special','2016-08-01','2016-12-31',98900,1,35,3),(7,'Ociania supercomfort','2016-08-01','2016-12-31',197200,1,15,2),(8,'Ociania complete','2016-08-01','2016-12-31',311000,1,8,1);
/*!40000 ALTER TABLE `pricecategories` ENABLE KEYS */;
UNLOCK TABLES;

--
-- Table structure for table `prices`
--

DROP TABLE IF EXISTS `prices`;
/*!40101 SET @saved_cs_client     = @@character_set_client */;
/*!40101 SET character_set_client = utf8 */;
CREATE TABLE `prices` (
  `priceID` int(11) NOT NULL AUTO_INCREMENT,
  `amount` int(11) NOT NULL,
  `priceCategoryID` int(11) NOT NULL,
  PRIMARY KEY (`priceID`),
  KEY `price_pricecategory_FK` (`priceCategoryID`),
  CONSTRAINT `price_pricecategory_FK` FOREIGN KEY (`priceCategoryID`) REFERENCES `pricecategories` (`categoryID`)
) ENGINE=InnoDB AUTO_INCREMENT=10 DEFAULT CHARSET=utf8;
/*!40101 SET character_set_client = @saved_cs_client */;

--
-- Dumping data for table `prices`
--

LOCK TABLES `prices` WRITE;
/*!40000 ALTER TABLE `prices` DISABLE KEYS */;
INSERT INTO `prices` VALUES (1,76000,4),(2,81000,4),(3,14700,3),(4,23000,2),(5,35000,1),(6,12500,5),(7,112000,6),(8,225000,7),(9,366000,8);
/*!40000 ALTER TABLE `prices` ENABLE KEYS */;
UNLOCK TABLES;

--
-- Table structure for table `scheduleweekdays`
--

DROP TABLE IF EXISTS `scheduleweekdays`;
/*!40101 SET @saved_cs_client     = @@character_set_client */;
/*!40101 SET character_set_client = utf8 */;
CREATE TABLE `scheduleweekdays` (
  `weekday` int(11) NOT NULL,
  `departure` time NOT NULL,
  `flightNumber` char(5) NOT NULL,
  PRIMARY KEY (`weekday`,`flightNumber`),
  KEY `flightnumber_flightschedule_FK` (`flightNumber`),
  CONSTRAINT `flightnumber_flightschedule_FK` FOREIGN KEY (`flightNumber`) REFERENCES `flightschedules` (`flightNumber`),
  CONSTRAINT `flightnumber_weekdays_FK` FOREIGN KEY (`weekday`) REFERENCES `weekdays` (`weekdayNumber`)
) ENGINE=InnoDB DEFAULT CHARSET=utf8;
/*!40101 SET character_set_client = @saved_cs_client */;

--
-- Dumping data for table `scheduleweekdays`
--

LOCK TABLES `scheduleweekdays` WRITE;
/*!40000 ALTER TABLE `scheduleweekdays` DISABLE KEYS */;
INSERT INTO `scheduleweekdays` VALUES (1,'00:30:00','FA101'),(1,'08:10:00','FA501'),(1,'12:45:00','FA502'),(2,'01:30:00','FA102'),(2,'08:10:00','FA501'),(2,'12:45:00','FA502'),(3,'08:10:00','FA501'),(3,'12:45:00','FA502'),(4,'08:10:00','FA501'),(4,'12:45:00','FA502'),(5,'08:10:00','FA501'),(5,'12:45:00','FA502'),(6,'07:40:00','FA501'),(6,'12:15:00','FA502'),(7,'07:40:00','FA501'),(7,'12:15:00','FA502');
/*!40000 ALTER TABLE `scheduleweekdays` ENABLE KEYS */;
UNLOCK TABLES;

--
-- Table structure for table `staff`
--

DROP TABLE IF EXISTS `staff`;
/*!40101 SET @saved_cs_client     = @@character_set_client */;
/*!40101 SET character_set_client = utf8 */;
CREATE TABLE `staff` (
  `personID` varchar(35) NOT NULL,
  `firstName` varchar(75) NOT NULL,
  `lastName` varchar(75) NOT NULL,
  `dateOfBirth` date NOT NULL,
  `countryOfResidence` char(2) NOT NULL,
  `jobsID` int(11) NOT NULL,
  PRIMARY KEY (`personID`),
  KEY `staff_jobs_FK` (`jobsID`),
  KEY `staff_country_FK` (`countryOfResidence`),
  CONSTRAINT `staff_country_FK` FOREIGN KEY (`countryOfResidence`) REFERENCES `countries` (`alpha336612`),
  CONSTRAINT `staff_jobs_FK` FOREIGN KEY (`jobsID`) REFERENCES `jobs` (`jobsID`)
) ENGINE=InnoDB DEFAULT CHARSET=utf8;
/*!40101 SET character_set_client = @saved_cs_client */;

--
-- Dumping data for table `staff`
--

LOCK TABLES `staff` WRITE;
/*!40000 ALTER TABLE `staff` DISABLE KEYS */;
INSERT INTO `staff` VALUES ('DE1016276','Patrick','Hahn','1987-09-01','DE',19),('DE1635425','Iris','Peters','1976-02-07','DE',19),('DE4015928','Rita','Walter','1961-10-19','DE',19),('DE4091170','Alexander','Knig','1972-07-12','DE',17),('DE4335275','Thomas','Wolf','1980-06-23','DE',17),('DE5970378','Ernst','Knig','1969-10-17','DE',14),('DE7129159','Hedwig','Schumacher','1968-09-21','DE',9),('DE7166873','Robert','Wolf','1962-09-05','DE',8),('DE7438966','Heinrich','Werner','1985-11-25','DE',14),('DE8510054','Ingrid','Albrecht','1970-07-01','DE',9),('DE8711960','Alexander','Koch','1967-01-24','DE',16),('DE8855918','Cornelia','Mller','1986-02-21','DE',13),('DE9129813','Florian','Bergmann','1979-07-02','DE',23),('DE9510293','Matthias','Richter','1982-03-13','DE',10),('DE9711240','Norbert','Wagner','1977-05-04','DE',17),('IS1020313','Halldra','risdttir','1983-02-26','IS',17),('IS1040873','orbjrg','Arnarsdttir','1974-04-01','IS',9),('IS1057667','Hrafnhildur','Aradttir','1964-10-26','IS',14),('IS1058167','Gumundur','Brynjarson','1975-07-14','IS',19),('IS1080685','Gumundur','Arnrsson','1976-03-22','IS',8),('IS1082027','Jn','Bergsson','1968-02-23','IS',16),('IS1088564','Aron','Ptursson','1975-01-28','IS',9),('IS1090279','sk','Hauksdttir','1962-06-16','IS',17),('IS1091517','Dai','Hafsteinsson','1986-01-09','IS',9),('IS1490240','Jhann','Darrason','1979-07-25','IS',8),('IS1582229','Rbert','risson','1967-09-14','IS',9),('IS1676650','ris','Viktorsdttir','1973-03-19','IS',9),('IS1967643','Sigurur','Hjaltason','1956-09-24','IS',1),('IS2109280','lafur','Gunnarsson','1984-03-19','IS',9),('IS2619919','Elvar','Heiarsson','1964-10-28','IS',19),('IS2782657','Hanna','Vignisdttir','1967-03-02','IS',5),('IS3010789','Gumundur','Ptursson','1971-01-07','IS',19),('IS3227268','Magns','Hafsteinsson','1973-08-23','IS',9),('IS3297520','Rnar','Jhannsson','1977-02-19','IS',9),('IS3695649','Sigrn','Lesdttir','1981-11-01','IS',9),('IS3976809','Halldra','Egilsdttir','1961-01-15','IS',9),('IS4027852','Sigurur','saksson','1984-07-24','IS',8),('IS4160916','Gunnar','Gujnsson','1964-07-11','IS',9),('IS4195049','Axel','Geirsson','1983-06-28','IS',9),('IS4287694','Erla','Jlusdttir','1968-02-21','IS',17),('IS4338718','Gurn','Fannarsdttir','1965-06-02','IS',14),('IS4340997','Inga','Steinarsdttir','1973-10-23','IS',11),('IS4508672','Marta','marsdttir','1977-02-16','IS',19),('IS4558453','Lind','Atladttir','1986-04-11','IS',9),('IS4698257','Anna','Atladttir','1983-05-20','IS',14),('IS4775977','Skli','orsteinsson','1973-03-25','IS',9),('IS5158995','Gurn','Traustadttir','1973-09-02','IS',9),('IS5487187','Kri','Hilmarsson','1964-11-08','IS',9),('IS5517359','Kolbrn','Hjartardttir','1975-10-30','IS',5),('IS5584466','Pll','Gunnlaugsson','1980-09-05','IS',11),('IS5623569','Kri','Haraldsson','1975-09-18','IS',17),('IS5626040','Orri','Halldrsson','1975-11-20','IS',9),('IS5835590','Jhanna','Hafsteinsdttir','1974-02-11','IS',6),('IS5883868','Mist','Plsdttir','1985-03-21','IS',5),('IS5902062','ra','Sveinsdttir','1983-08-01','IS',21),('IS6070448','Reynir','Andrason','1976-06-02','IS',9),('IS6133268','rir','Ragnarsson','1979-10-10','IS',10),('IS6423585','Tinna','Sindradttir','1976-11-13','IS',3),('IS6669362','Gunnhildur','Bragadttir','1981-09-05','IS',9),('IS6943391','Gumundur','Bergmannsson','1976-11-17','IS',14),('IS7485797','Darri','Valsson','1984-05-18','IS',19),('IS7561298','Pll','Birgisson','1985-11-19','IS',11),('IS7886955','Anna','Freysdttir','1974-08-03','IS',9),('IS8025519','Alda','Jhannsdttir','1971-01-10','IS',10),('IS8722679','Kristjana','Brynjardttir','1980-11-28','IS',21),('IS8734277','Tmas','Gararsson','1969-08-20','IS',15),('IS8978154','Gurn','Eirksdttir','1983-09-17','IS',8),('IS9084848','Gurn','Fririksdttir','1985-06-02','IS',19),('IS9375808','Guni','Tmasson','1965-08-05','IS',17),('IS9886282','mar','Gararsson','1976-05-19','IS',19),('IS9989055','Gulaug','Gujnsdttir','1974-03-20','IS',12),('NO1036932','Else','Hansen','1978-08-17','NO',19),('NO3541093','Marius','Solberg','1959-06-15','NO',2),('NO3806792','Kim','Kristensen','1950-01-19','NO',9),('NO5151029','Lars','Johnsen','1974-03-27','NO',9),('NO5300449','Ellen','Kristiansen','1961-10-16','NO',19),('NO5898713','Aud','Johannessen','1971-06-20','NO',9),('NO6555544','Stine','Strand','1985-08-28','NO',22),('NO6916885','Svein','Nilsen','1967-10-01','NO',17),('NO8054184','Jorunn','Nilsen','1979-09-22','NO',9),('NO8395297','Emma','Kristoffersen','1987-01-12','NO',19),('NO9407671','Ole','Aune','1971-11-02','NO',17),('NO9645914','Kristin','Larsen','1967-03-01','NO',17),('NO9863005','Frode','Bakke','1965-09-28','NO',9),('NOR32423','Jorgen','Blorgen','2016-11-28','AQ',1),('SE1016265','Wilmer','Nilsson','1966-11-06','SE',17),('SE1199800','Oscar','Karlsson','1964-07-18','SE',8),('SE3260289','Love','Davis','1962-05-10','SE',20),('SE3327154','Erik','Nilsson','1981-03-21','SE',8),('SE3350252','Alice','Persson','1987-09-28','SE',14),('SE3669145','Iris','Karlsson','1974-11-07','SE',19),('SE5833049','Elvira','Hansson','1984-10-28','SE',9),('SE5921827','Adam','Andersson','1966-08-29','SE',14),('SE6283026','Filip','Pettersson','1960-03-13','SE',19),('SE6863731','Liam','Andersson','1971-11-03','SE',17),('SE6866923','Sigrid','Andersson','1964-03-13','SE',19),('SE6910133','Olle','Mattsson','1967-06-08','SE',19),('SE7263702','Viggo','Johansson','1968-02-21','SE',17),('SE7812512','Leia','Holmqvist','1972-10-16','SE',23),('SE8399384','Oscar','Johansson','1978-04-18','SE',19),('SE8668778','Nova','Isaksson','1963-10-21','SE',17),('SE8969706','Olle','Johansson','1975-08-23','SE',19),('SE9971296','Otto','Eriksson','1972-06-29','SE',17),('US1030569','Timothy','Andersson','1981-06-22','CA',18),('US1041107','Melissa','White','1974-04-01','US',21),('US1058105','Arthur','Garcia','1973-04-06','US',17),('US1059020','John','Hill','1970-05-05','US',9),('US3048812','Larry','Howard','1987-08-13','US',9),('US4681485','Martha','Green','1966-02-04','US',16),('US5110585','Nancy','Jones','1963-11-09','US',9),('US5468380','Christopher','Allen','1974-09-18','US',17),('US5501283','Mark','Smith','1966-09-13','US',18),('US6734805','Joshua','Smith','1976-01-05','US',17),('US6786294','Jeffrey','Harris','1940-10-11','US',19),('US7599112','Eugene','Edwards','1954-08-03','US',14),('US7768136','Sandra','Wright','1964-06-28','US',11);
/*!40000 ALTER TABLE `staff` ENABLE KEYS */;
UNLOCK TABLES;

--
-- Table structure for table `stopovers`
--

DROP TABLE IF EXISTS `stopovers`;
/*!40101 SET @saved_cs_client     = @@character_set_client */;
/*!40101 SET character_set_client = utf8 */;
CREATE TABLE `stopovers` (
  `flightNumber` char(5) NOT NULL,
  `IATAcode` char(3) NOT NULL,
  `stopTime` time DEFAULT NULL,
  PRIMARY KEY (`flightNumber`,`IATAcode`),
  KEY `stopover_airport_FK` (`IATAcode`),
  CONSTRAINT `stopover_airport_FK` FOREIGN KEY (`IATAcode`) REFERENCES `airports` (`IATAcode`),
  CONSTRAINT `stopover_flightschedule_FK` FOREIGN KEY (`flightNumber`) REFERENCES `flightschedules` (`flightNumber`)
) ENGINE=InnoDB DEFAULT CHARSET=utf8;
/*!40101 SET character_set_client = @saved_cs_client */;

--
-- Dumping data for table `stopovers`
--

LOCK TABLES `stopovers` WRITE;
/*!40000 ALTER TABLE `stopovers` DISABLE KEYS */;
INSERT INTO `stopovers` VALUES ('FA101','PEK','01:30:00'),('FA102','HKG','01:30:00');
/*!40000 ALTER TABLE `stopovers` ENABLE KEYS */;
UNLOCK TABLES;

--
-- Table structure for table `turbojetenginespecifications`
--

DROP TABLE IF EXISTS `turbojetenginespecifications`;
/*!40101 SET @saved_cs_client     = @@character_set_client */;
/*!40101 SET character_set_client = utf8 */;
CREATE TABLE `turbojetenginespecifications` (
  `engineSpecificationsID` int(11) NOT NULL AUTO_INCREMENT,
  `manufacturer` varchar(255) DEFAULT NULL,
  `model` varchar(255) DEFAULT NULL,
  `applications` varchar(255) DEFAULT NULL,
  `drythrust` varchar(255) DEFAULT NULL,
  `wetthrust` varchar(255) DEFAULT NULL,
  `cruisethrust` varchar(255) DEFAULT NULL,
  `totalSpecificFuelConsumptiondry` varchar(255) DEFAULT NULL,
  `totalSpecificFuelConsumptionwet` varchar(255) DEFAULT NULL,
  `totalSpecificFuelConsumptioncruise` varchar(255) DEFAULT NULL,
  `totalAirflow` varchar(255) DEFAULT NULL,
  `overallPressureRatio` varchar(255) DEFAULT NULL,
  `FPR` varchar(255) DEFAULT NULL,
  `bypassRatio` varchar(255) DEFAULT NULL,
  `cruiseAltitude` varchar(255) DEFAULT NULL,
  `numberOfSpools` varchar(255) DEFAULT NULL,
  `fanStages` varchar(255) DEFAULT NULL,
  `lowPressureCompressors` varchar(255) DEFAULT NULL,
  `highPressureCompressors` varchar(255) DEFAULT NULL,
  `highPressureTurbines` varchar(255) DEFAULT NULL,
  `intermediatePressureTurbines` varchar(255) DEFAULT NULL,
  `lowPressureTurbines` varchar(255) DEFAULT NULL,
  `fanWidth` varchar(255) DEFAULT NULL,
  `length` varchar(255) DEFAULT NULL,
  `width` varchar(255) DEFAULT NULL,
  `dryweight` varchar(255) DEFAULT NULL,
  PRIMARY KEY (`engineSpecificationsID`)
) ENGINE=InnoDB AUTO_INCREMENT=733 DEFAULT CHARSET=utf8;
/*!40101 SET character_set_client = @saved_cs_client */;

--
-- Dumping data for table `turbojetenginespecifications`
--

LOCK TABLES `turbojetenginespecifications` WRITE;
/*!40000 ALTER TABLE `turbojetenginespecifications` DISABLE KEYS */;
INSERT INTO `turbojetenginespecifications` VALUES (1,'Agilis Engines','TF1000','S-26 Safire (candidate engine)','1.000','-','270','0,4','-','0,64','','','','','30.000','','','','','','','','','56','23','285'),(2,'Agilis Engines','TF1200','','1.288','-','400','0,41','-','0,66','','','','','30.000','','','','','','','','','56','23','285'),(3,'Agilis Engines','TF1400','','1.400','-','400','0,41','-','0,66','','','','','30.000','','','','','','','','','56','23','300'),(4,'Agilis Engines','TF1500','','1.500','-','397','0,41','-','0,68','','','','','30.000','','','','','','','','','56','23','300'),(5,'Agilis Engines','TJ60','','60','-','30','1,24','-','1,5','','','','','20.000','','','','','','','','','13,5','5','9'),(6,'Agilis Engines','TJ75','','75','-','48','1,24','-','1,5','','','','','20.000','','','','','','','','','13,5','7','10'),(7,'Agilis Engines','TJ80','','72','-','48','1,24','-','1,5','','','','','20.000','','','','','','','','','13,5','5','9'),(8,'Agilis Engines','TJ400','','403','-','','0,9','-','','','','','','','','','','','','','','','30','15','136'),(9,'AlliedSignal (Honeywell)','AS905','Falcon 7X (candidate engine)','','-','','','-','','','','','','','','','','','','','','','','',''),(10,'AlliedSignal (Honeywell)','AS907','Challenger 300','6.500','-','','0,42','-','','','21','','4,5','','2','1','4B','1C','2','-','3','34,2','92,4','46,3','1.364'),(11,'AlliedSignal (Honeywell)','AS977-1A','RJX-70/-85/-100/-115, SL-100 (not produced)','7.100','-','','0,416','-','','','23','','4,5','','2','1','4B','1C','2','-','3','34,2','92,4','49,9','1.364'),(12,'Allison (Rolls-Royce)','AE3007A','ERJ-135ER, ERJ-145ER','7.580','-','','0,36','-','','294','24','','5,3','','2','1','-','14','3','-','2','38,5','106,5','43,5','1.586'),(13,'Allison (Rolls-Royce)','AE3007A1','ERJ-135ER, ERJ-145ER','7.580','-','','0,36','-','','294','24','','5,3','','2','1','-','14','3','-','2','38,5','106,5','43,5','1.586'),(14,'Allison (Rolls-Royce)','AE3007A1P','ERJ-145LR, Legacy Executive','7.580','-','','','-','','','','','5,3','','2','1','-','14','3','-','2','38,5','106,5','43,5',''),(15,'Allison (Rolls-Royce)','AE3007A1/1','ERJ-135ER/LR, ERJ-145LR','7.580','-','','','-','','','','','5,3','','2','1','-','14','3','-','2','38,5','106,5','43,5',''),(16,'Allison (Rolls-Royce)','AE3007A1/3','ERJ-135LR, ERJ-140, Legacy Corporate Shuttle','7.200','-','','','-','','','','','5,3','','2','1','-','14','3','-','2','38,5','106,5','43,5',''),(17,'Allison (Rolls-Royce)','AE3007A1E','ERJ-145XR','8.110','-','','','-','','','','','','','2','1','-','14','3','-','2','38,5','106,5','43,5',''),(18,'Allison (Rolls-Royce)','AE3007A3','ERJ-135','7.000','-','','','-','','','','','5,3','','2','1','-','14','3','-','2','38,5','106,5','43,5',''),(19,'Allison (Rolls-Royce)','AE3007C','Citation X','6.442','-','','','-','','','','','5,3','','2','1','-','14','3','-','2','38,5','106,5','43,5','1.586'),(20,'Allison (Rolls-Royce)','AE3007C1','Citation X','6.764','-','','','-','','','','','5,3','','2','1','-','14','3','-','2','38,5','106,5','43,5',''),(21,'Avco Lycoming','ALF301','Technology demonstrator','2.730','-','','0,44','-','','100','9','','5,6','','2','1','-','5 + 1C','2','-','2','','','',''),(22,'Avco Lycoming','ALF501','Technology demonstrator','5.800','-','','0,4','-','','221','9,3','','6','','2','1','-','7 + 1C','2','-','2','','','',''),(23,'Avco Lycoming','ALF502L','Challenger 600','7.500','-','2.150','0,428','-','0,73','256','13,6','','5,2','30.000','2','1','2B','7 + 1C','2','-','2','','65,6','50','1.311'),(24,'Avco Lycoming','ALF502L-2','Challenger 600','7.500','-','','0,428','-','','','13,6','','','','2','1','2B','7 + 1C','2','-','2','','65,6','50','1.311'),(25,'Avco Lycoming','ALF502L-2A','Challenger 600','7.500','-','','0,414','-','','','13,8','','','','2','1','2B','7 + 1C','2','-','2','','65,6','50','1.311'),(26,'Avco Lycoming','ALF502L-2C','Challenger 600','7.500','-','','0,414','-','','','13,8','','','','2','1','2B','7 + 1C','2','-','2','','65,6','50','1.311'),(27,'Avco Lycoming','ALF502L-3','Challenger 600','7.800','-','','0,415','-','','','13,8','','5','','2','1','2B','7 + 1C','2','-','2','','65,6','50','1.311'),(28,'Avco Lycoming','ALF502R-1','','','','','','','','','','','','','2','1','1B','7 + 1C','2','-','2','','63,8','50','1.336'),(29,'Avco Lycoming','ALF502R-2','','','','','','','','','','','','','2','1','1B','7 + 1C','2','-','2','','63,8','50','1.336'),(30,'Avco Lycoming','ALF502R-3','BAe 146-100','6.700','-','','0,411','-','','','11,6','','5,71','','2','1','1B','7 + 1C','2','-','2','','63,8','50','1.336'),(31,'Avco Lycoming','ALF502R-3A','BAe 146-100','6.970','-','','0,408','-','','','11,6','','5,71','','2','1','2B','7 + 1C','2','-','2','','63,8','50','1.336'),(32,'Avco Lycoming','ALF502R-4','','','','','','','','','','','','','2','1','1B','7 + 1C','2','-','2','','63,8','50','1.336'),(33,'Avco Lycoming','ALF502R-5','BAe 146-100/-200/-200ER/-300','6.970','-','2.250','0,408','-','0,72','','12,2','','5,6','25.000','2','1','2B','7 + 1C','2','-','2','','63,8','50','1.336'),(34,'Avco Lycoming','ALF502R-6','BAe 146-200/-200ER/-300','7.500','-','','0,415','-','','192','13,8','','5,6','','2','1','2B','7 + 1C','2','-','2','','65,6','50','1.375'),(35,'Avco Lycoming (Textron Lycoming)','LF507-1F','RJ-70/-85/-100/-115','7.000','-','','0,406','-','','192','13,8','','5,7','','2','3','7B','1C','2','-','2','40','58,6','41,7','1.385'),(36,'Avco Lycoming (Textron Lycoming)','LF507-1H','RJ-70/-85/-100/-115','7.000','-','','','-','','','13,8','','5,7','','2','3','7B','1C','2','-','2','40','58,6','41,7','1.375'),(37,'Avco Lycoming (Textron Lycoming)','LF507-1N','Yak-40TL','7.000','-','','','-','','','','','','','2','3','7B','1C','2','-','2','40','58,6','41,7','1.375'),(38,'Bristol Siddeley (Rolls-Royce)','Viper Mk.520','DH 125-1','3.100','-','','','-','','','','-','-','','1','-','-','7','1','-','-','-','','',''),(39,'Bristol Siddeley (Rolls-Royce)','Viper Mk.521','DH 125-1A/-1B/-2','3.100','-','','0,99','-','','53','5,6','-','-','','1','-','-','8','1','-','-','-','','',''),(40,'Bristol Siddeley (Rolls-Royce)','Viper Mk.522','HS 125-3/-3A/-3B/-400B/-403B/-600','3.360','-','','1','-','','','5,6','-','-','','1','-','-','8','1','-','-','-','92,9','28,9','760'),(41,'Bristol Siddeley (Rolls-Royce)','Viper Mk.526','PD-808','','-','','','-','','','','-','-','','1','-','-','8','1','-','-','-','','',''),(42,'CFE','CFE738-1-1B','Falcon 2000','5.725','-','1.464','0,372','-','0,645','210','23','1,7','5,3','40.000','2','1','-','5 + 1C','2','-','3','35,5','99','48','1.325'),(43,'CFM','CFM56-2A2','(see military turbofan specifications)','','-','','','-','','','','','','','','','','','','','','','','',''),(44,'CFM','CFM56-2A3','(see military turbofan specifications)','','-','','','-','','','','','','','','','','','','','','','','',''),(45,'CFM','CFM56-2B1','(see military turbofan specifications)','','-','','','-','','','','','','','','','','','','','','','','',''),(46,'CFM','CFM56-2C1','DC-8-71F/-72/-72F/-73F, DC-8-71/-73 (option)','22.000','-','4.980','0,35','-','0,671','788','24,7','','6','35.000','2','1','3B','9','1','-','4','68,3','95,7','72','4.635'),(47,'CFM','CFM56-2C2','Trident','24.000','-','','0,36','-','','','26,5','','','','2','1','3B','9','1','-','4','68,3','95,7','72',''),(48,'CFM','CFM56-2C3','DC-8-71/-71F/-72/-72F/-73/-73F (option)','','-','','','-','','','','','','','2','1','3B','9','1','-','4','68,3','95,7','72','4.635'),(49,'CFM','CFM56-2C5','DC-8-72, DC-8-71/-71F/-72F/-73/-73F (option)','','-','','','-','','','','','','','2','1','3B','9','1','-','4','68,3','95,7','72','4.635'),(50,'CFM','CFM56-2C6','DC-8-71/-71F/-72/-72F/-73/-73F (option)','','-','','','-','','','','','','','2','1','3B','9','1','-','4','68,3','95,7','72','4.635'),(51,'CFM','CFM56-3B1','737-300/-300(QC)/-500, 737-400 (option)','20.000','-','4.650','0,38','-','0,667','655','22,6','','6','35.000','2','1','3B','9','1','-','4','60','93,1','63','4.276'),(52,'CFM','CFM56-3B2','737-300/-300(QC)/-300F/-400','22.000','-','5.040','0,39','-','0,667','683','24,3','','5,9','35.000','2','1','3B','9','1','-','4','60','93,1','63','4.301'),(53,'CFM','CFM56-3C1','737-300/-300(QC)/-300F/-400/-500','23.500','-','5.370','0,33','-','0,667','710','25,7','','6','35.000','2','1','3B','9','1','-','4','60','93,1','63','4.301'),(54,'CFM','CFM56-3C3','737-300, 737-300(QC)/-300F/-400/-500 (option)','','-','','','-','','','','','','','2','1','3B','9','1','-','4','60','93,1','63',''),(55,'CFM','CFM56-5A1','A320-211/-311','25.000','-','5.000','0,33','-','0,596','852','26,5','','6','35.000','2','1','3B','9','1','-','4','68,3','95,4','72','4.995'),(56,'CFM','CFM56-5A3','A320-212','26.500','-','5.000','0,33','-','0,596','876','27,8','','6','35.000','2','1','3B','9','1','-','4','68,3','95,4','72','4.995'),(57,'CFM','CFM56-5A4','A319-113','22.000','-','5.000','0,32','-','','816','24,1','','6,2','35.000','2','1','3B','9','1','-','4','68,3','95,4','72','4.975'),(58,'CFM','CFM56-5A5','A319-114','23.500','-','5.000','0,32','-','','842','25,4','','6,2','35.000','2','1','3B','9','1','-','4','68,3','95,4','72','4.975'),(59,'CFM','CFM56-5B1','A321-111','30.000','-','5.840','0,35','-','0,596','943','32','','5,5','35.000','2','1','4B','9','1','-','4','68,3','102,4','72','5.250'),(60,'CFM','CFM56-5B1/P','A321-111','30.000','-','','0,35','-','','943','32','','5,5','','2','1','4B','9','1','-','4','68,3','102,4','72','5.250'),(61,'CFM','CFM56-5B1/2','A321-111','30.000','-','','0,35','-','','943','32','','5,5','','2','1','4B','9','1','-','4','68,3','102,4','72','5.250'),(62,'CFM','CFM56-5B1/2P','','','-','','','-','','','','','','','2','1','4B','9','1','-','4','68,3','102,4','72','5.250'),(63,'CFM','CFM56-5B2','A321-112','31.000','-','5.840','0,35','-','0,545','956','32,9','','5,5','35.000','2','1','4B','9','1','-','4','68,3','102,4','72','5.250'),(64,'CFM','CFM56-5B2/P','A321-112','31.000','-','','0,35','-','','956','32,9','','5,5','','2','1','4B','9','1','-','4','68,3','102,4','72','5.250'),(65,'CFM','CFM56-5B2/2','','','-','','','-','','','','','','','2','1','4B','9','1','-','4','68,3','102,4','72','5.250'),(66,'CFM','CFM56-5B2/2P','','','-','','','-','','','','','','','2','1','4B','9','1','-','4','68,3','102,4','72','5.250'),(67,'CFM','CFM56-5B3','A321-211','32.000','-','5.840','0,36','-','','956','33,7','','5,4','35.000','2','1','4B','9','1','-','4','68,3','102,4','72','5.250'),(68,'CFM','CFM56-5B3/P','A321-211','32.000','-','','0,36','-','','956','33,7','','5,4','','2','1','4B','9','1','-','4','68,3','102,4','72','5.250'),(69,'CFM','CFM56-5B3/2P','A321-211','32.000','-','','0,36','-','','','33,7','','','','2','1','4B','9','1','-','4','68,3','102,4','72','5.250'),(70,'CFM','CFM56-5B4','A320-214','27.000','-','5.000','0,34','-','0,545','897','29,1','','5,7','35.000','2','1','4B','9','1','-','4','68,3','102,4','72','5.250'),(71,'CFM','CFM56-5B4/P','A320-214','27.000','-','','0,34','-','','897','29,1','','5,7','','2','1','4B','9','1','-','4','68,3','102,4','72','5.250'),(72,'CFM','CFM56-5B4/2','A320-214','27.000','-','','0,34','-','','897','29,1','','5,7','','2','1','4B','9','1','-','4','68,3','102,4','72','5.250'),(73,'CFM','CFM56-5B4/2P','A320-214','27.000','-','','0,34','-','','897','29,1','','5,7','','2','1','4B','9','1','-','4','68,3','102,4','72','5.250'),(74,'CFM','CFM56-5B5','A319-111','22.000','-','','0,32','-','','818','24,4','','6','','2','1','4B','9','1','-','4','68,3','102,4','72','5.250'),(75,'CFM','CFM56-5B5/P','A319-111','22.000','-','','0,32','-','','818','24,4','','6','','2','1','4B','9','1','-','4','68,3','102,4','72','5.250'),(76,'CFM','CFM56-5B6','A319-112','23.500','-','','0,33','-','','844','25,8','','5,9','','2','1','4B','9','1','-','4','68,3','102,4','72','5.250'),(77,'CFM','CFM56-5B6/P','A319-112','23.500','-','','0,33','-','','844','25,8','','5,9','','2','1','4B','9','1','-','4','68,3','102,4','72','5.250'),(78,'CFM','CFM56-5B6/2','A319-112','23.500','-','','0,33','-','','844','25,8','','5,9','','2','1','4B','9','1','-','4','68,3','102,4','72','5.250'),(79,'CFM','CFM56-5B6/2P','A319-112','23.500','-','','0,33','-','','844','25,8','','5,9','','2','1','4B','9','1','-','4','68,3','102,4','72','5.250'),(80,'CFM','CFM56-5B7','','','-','','','-','','','','','','','2','1','4B','9','1','-','4','68,3','102,4','72','5.250'),(81,'CFM','CFM56-5B7/P','A319-115/-115CJ/-115XCJ','27.000','-','','0,34','-','','','29,1','','','','2','1','4B','9','1','-','4','68,3','102,4','72','5.250'),(82,'CFM','CFM56-5B8/P','A318-111','29.000','-','','','-','','','','','','','2','1','4B','9','1','-','4','68,3','102,4','72','5.250'),(83,'CFM','CFM56-5B9/P','A318-112','29.000','-','','','-','','','','','','','2','1','4B','9','1','-','4','68,3','102,4','72','5.250'),(84,'CFM','CFM56-5C2','A340-211/-311','31.200','-','6.915','0,32','-','0,545','1027','31,5','','6,6','35.000','2','1','4B','9','1','-','5','72,3','103','76,6','5.700'),(85,'CFM','CFM56-5C2/4','','','-','','','-','','','','','','','2','1','4B','9','1','-','5','72,3','103','76,6',''),(86,'CFM','CFM56-5C2/F','','','-','','','-','','','','','','','2','1','4B','9','1','-','5','72,3','103','76,6',''),(87,'CFM','CFM56-5C2/F4','','','-','','','-','','','','','','','2','1','4B','9','1','-','5','72,3','103','76,6',''),(88,'CFM','CFM56-5C2/G','','','-','','','-','','','','','','','2','1','4B','9','1','-','5','72,3','103','76,6',''),(89,'CFM','CFM56-5C2/G4','','','-','','','-','','','','','','','2','1','4B','9','1','-','5','72,3','103','76,6',''),(90,'CFM','CFM56-5C3','A340-212/-312','32.500','-','6.910','0,32','-','0,545','1045','32,6','','6,5','35.000','2','1','4B','9','1','-','5','72,3','103','76,6','5.700'),(91,'CFM','CFM56-5C3/F','A340-312','32.500','-','','0,32','-','','1045','32,6','','6,5','','2','1','4B','9','1','-','5','72,3','103','76,6','5.700'),(92,'CFM','CFM56-5C3/F4','','','-','','','-','','','','','','','2','1','4B','9','1','-','5','72,3','103','76,6',''),(93,'CFM','CFM56-5C3/G','','','-','','','-','','','','','','','2','1','4B','9','1','-','5','72,3','103','76,6',''),(94,'CFM','CFM56-5C3/G4','','','-','','','-','','','','','','','2','1','4B','9','1','-','5','72,3','103','76,6',''),(95,'CFM','CFM56-5C4','A340-213/-213X/-313/-313X','34.000','-','7.100','0,33','-','0,545','1065','33,9','','6,4','35.000','2','1','4B','9','1','-','5','72,3','103','76,6','5.700'),(96,'CFM','CFM56-5C4/1','','','-','','','-','','','','','','','2','1','4B','9','1','-','5','72,3','103','76,6',''),(97,'CFM','CFM56-7B18','737-600 (option)','18.500','-','5.420','0,35','-','','667','21,7','','5,6','35.000','2','1','3B','9','1','-','4','61','98,9','65','5.216'),(98,'CFM','CFM56-7B20','737-600/-700','20.600','-','5.450','0,36','-','0,633','686','22,7','','5,6','35.000','2','1','3B','9','1','-','4','61','98,9','65','5.216'),(99,'CFM','CFM56-7B20/2','','','-','','','-','','','','','','','2','1','3B','9','1','-','4','61','98,9','65','5.216'),(100,'CFM','CFM56-7B22','737-600/-700/-700BBJ/-800/-800BBJ2','22.000','-','5.450','','-','','726','24,6','','5,4','35.000','2','1','3B','9','1','-','4','61','98,9','65','5.216'),(101,'CFM','CFM56-7B22/2','','','-','','','-','','','','','','','2','1','3B','9','1','-','4','61','98,9','65','5.216'),(102,'CFM','CFM56-7B22/B1','','','-','','','-','','','','','','','2','1','3B','9','1','-','4','61','98,9','65','5.216'),(103,'CFM','CFM56-7B24','737-700/-800/-900, 737-700BBJ/-800BBJ2 (option)','24.000','-','5.480','0,37','-','0,627','754','26','','5,3','35.000','2','1','3B','9','1','-','4','61','98,9','65','5.216'),(104,'CFM','CFM56-7B24/2','','','-','','','-','','','','','','','2','1','3B','9','1','-','4','61','98,9','65','5.216'),(105,'CFM','CFM56-7B24/B1','','','-','','','-','','','','','','','2','1','3B','9','1','-','4','61','98,9','65','5.216'),(106,'CFM','CFM56-7B26','737-700/-700BBJ/-800/-800BBJ2/-900','26.400','-','5.480','0,38','-','','783','27,9','','5,1','35.000','2','1','3B','9','1','-','4','61','98,9','65','5.216'),(107,'CFM','CFM56-7B26/2','','','-','','','-','','','','','','','2','1','3B','9','1','-','4','61','98,9','65','5.216'),(108,'CFM','CFM56-7B26/B1','','','-','','','-','','','','','','','2','1','3B','9','1','-','4','61','98,9','65','5.216'),(109,'CFM','CFM56-7B27','737-600/-800, 737-700/-900 (option)','27.300','-','','0,38','-','','','28,9','','','','2','1','3B','9','1','-','4','61','98,9','65','5.216'),(110,'CFM','CFM56-7B27/2','','','-','','','-','','','','','','','2','1','3B','9','1','-','4','61','98,9','65','5.216'),(111,'CFM','CFM56-7B27/B1','','','-','','','-','','','','','','','2','1','3B','9','1','-','4','61','98,9','65','5.216'),(112,'CFM','CFM56-7B27/B3','','','-','','','-','','','','','','','2','1','3B','9','1','-','4','61','98,9','65','5.216'),(113,'CFM','CFM56-9','A316/A317 (A31X), BRJ-X, AE-100, N-2130 (not produced)','20.000','-','','0,38','-','','','23,2','','','','2','1','2B','9','1','-','3','','91,7','56','4.252'),(114,'de Havilland','Ghost 50 Mk.1','Comet 1','5.000','-','','','-','','','','','','','','','','','','','','','','',''),(115,'de Havilland','Ghost 50 Mk.2','Comet 1A','5.020','-','','','-','','','','','','','','','','','','','','','','',''),(116,'Engine Alliance','GP7168','747-500X/-600X (not produced)','68.000','-','','','-','','2000','42,3','','7','','2','1','3B','9','2','-','4','','169','99','11.500'),(117,'Engine Alliance','GP7172','767-400ERX, (not produced)','71.000','-','','','-','','','','','','','2','1','3B','9','2','-','4','','','',''),(118,'Engine Alliance','GP7268','(cancelled)','68.000','-','','','-','','','46','','8','','2','1','5B','9','2','-','6','','','',''),(119,'Engine Alliance','GP7270','A380-861','70.000','-','12.633','','-','','','45,6','','8,7','35.000','2','1','5B','9','2','-','6','116','187,1','124',''),(120,'Engine Alliance','GP7277','A380-863F','77.000','-','13.700','','-','','2600','45,6','','8,7','35.000','2','1','5B','9','2','-','6','116','187,1','124','13.300'),(121,'Garrett','ATF3','Sabreliner 60, HFB 330','4.050','-','','0,44','-','','140','17','','3','','3','1','5','1C','1','3','2','','','',''),(122,'Garrett','ATF3-6A','Falcon 200','5.200','-','','','-','','162','21,3','','2,8','','3','1','5','1C','1','3','2','','102','33,6','1.125'),(123,'Garrett','TFE731-2','Falcon 10, Learjet 31/31A, SA-28T','3.500','-','755','0,504','-','0,815','113','13','1,54','2,66','40.000','2','1G','1C','4','1','-','3','28,2','49,7','39,4','743'),(124,'Garrett','TFE731-2-2B','Learjet 35/36','3.500','-','','0,504','-','','113','13','1,54','2,66','','2','1G','1C','4','1','-','3','28,2','49,7','39,4','743'),(125,'Garrett','TFE731-2-2N','IA 63 NGA','','-','','','-','','','','','','','2','1G','1C','4','1','-','3','28,2','49,7','39,4',''),(126,'Garrett','TFE731-2A-2A','K-8E','','-','','','-','','','','','','','2','1G','1C','4','1','-','3','28,2','49,7','39,4',''),(127,'Garrett','TFE731-2C','','','-','','','-','','','','','','','2','1G','1C','4','1','-','3','28,2','49,7','39,4',''),(128,'Garrett','TFE731-3','JetStar II','3.700','-','817','0,511','-','0,819','118','14,6','2,8','2,8','40.000','2','1G','1C','4','1','-','3','28,2','49,7','39,4','754'),(129,'Garrett','TFE731-3-1D','Sabreliner 65','3.700','-','','','-','','118','14,6','2,8','2,8','','2','1G','1C','4','1','-','3','28,2','49,7','39,4','754'),(130,'Garrett','TFE731-3-1G','1124 Westwind','3.700','-','','','-','','118','14,6','2,8','2,8','','2','1G','1C','4','1','-','3','28,2','49,7','39,4','754'),(131,'Garrett','TFE731-3-1H','BAe HS 125-600F/-700B','3.700','-','','','-','','118','14,6','2,8','2,8','','2','1G','1C','4','1','-','3','28,2','49,7','39,4','754'),(132,'Garrett','TFE731-3-100S','Citation III','3.650','-','','','-','','118','14,6','2,8','2,8','','2','1G','1C','4','1','-','3','28,2','49,7','39,4','769'),(133,'Garrett','TFE731-3A-2B','Learjet 55B/55C/55C-LR','3.650','-','838','0,515','-','0,823','118','14,6','2,8','2,8','40.000','2','1G','1C','4','1','-','3','28,2','49,7','39,4','775'),(134,'Garrett','TFE731-3A-300G','Astra, Astra SP','3.650','-','','','-','','118','14,6','2,8','2,8','','2','1G','1C','4','1','-','3','28,2','49,7','39,4','775'),(135,'Garrett','TFE731-3AR','','','-','','','-','','','','','','','2','1G','1C','4','1','-','3','28,2','49,7','39,4',''),(136,'Garrett','TFE731-3B-100','Citation VI','3.650','-','844','0,507','-','0,816','118','14,4','2,8','2,8','40.000','2','1G','1C','4','1','-','3','28,2','49,7','39,4','750'),(137,'Garrett','TFE731-3BR','','','-','','','-','','','','','','','2','1G','1C','4','1','-','3','28,2','49,7','39,4',''),(138,'Garrett','TFE731-3C','','','-','','','-','','','','','','','2','1G','1C','4','1','-','3','28,2','49,7','39,4',''),(139,'Garrett','TFE731-3CR','','','-','','','-','','','','','','','2','1G','1C','4','1','-','3','28,2','49,7','39,4',''),(140,'Garrett','TFE731-3D','','','-','','','-','','','','','','','2','1G','1C','4','1','-','3','28,2','49,7','39,4',''),(141,'Garrett','TFE731-3DR','','','-','','','-','','','','','','','2','1G','1C','4','1','-','3','28,2','49,7','39,4',''),(142,'Garrett','TFE731-3R','','','-','','','-','','','','','','','2','1G','1C','4','1','-','3','28,2','49,7','39,4',''),(143,'Garrett','TFE731-4','Citation VII, Citation IV (not produced)','4.080','-','929','0,517','-','0,796','','14,8','','2,4','40.000','2','1G','1C','4','1','-','3','28,2','51','39,4','822'),(144,'Garrett','TFE731-5','BAe HS 125-800, Sabreliner 85','4.304','-','955','0,484','-','0,802','143','14,4','3,48','3,65','40.000','2','1G','1C','4','1','-','3','29,7','54,7','40,5','852'),(145,'Garrett','TFE731-5A','','','-','','','-','','','','','','','2','1G','1C','4','1','-','3','','','',''),(146,'Garrett','TFE731-5AR','Falcon 900, Falcon 20RE','4.500','-','986','0,469','-','0,771','143','14,6','3,48','3,65','40.000','2','1G','1C','4','1','-','3','29,7','80,8','40,5','884'),(147,'Garrett','TFE731-5B','','','-','','','-','','','','','','','2','1G','1C','4','1','-','3','','','',''),(148,'Garrett (Allied-Signal)','TFE731-5BR','Falcon 900B, Falcon 20RE, Hawker 800XP','4.750','-','1.052','0,47','-','0,756','143','15,1','3,48','3,5','40.000','2','1G','1C','4','1','-','3','29,7','80,8','40,5','899'),(149,'Garrett (Honeywell)','TFE731-5BR-1C','Falcon 900C','4.750','-','','','-','','','','','','','2','1G','1C','4','1','-','3','29,7','80,8','40,5','899'),(150,'Garrett','TFE731-5R','','','-','','','-','','','','','','','2','1G','1C','4','1','-','3','','','',''),(151,'Garrett (AlliedSignal)','TFE731-20','Learjet 45','3.500','-','876','0,441','-','0,728','123','21','3,7','3,1','40.000','2','1G','1C','4','1','-','3','28,2','51','39,4','885'),(152,'Garrett (Honeywell)','TFE731-20AR','Learjet 40','3.500','-','','','-','','','','','','','2','1G','1C','4','1','-','3','28,2','51','39,4',''),(153,'Garrett (Honeywell)','TFE731-20BR','Learjet 40XR/45XR','3.500','-','','','-','','','','','','','2','1G','1C','4','1','-','3','28,2','51','39,4',''),(154,'Garrett (AlliedSignal)','TFE731-20R','','','-','','','-','','','','','','','2','1G','1C','4','1','-','3','28,2','51','39,4',''),(155,'Garrett (AlliedSignal)','TFE731-40','Falcon 50EX, Hawker 450','4.250','-','','0,457','-','','145','22','','2,9','','2','1G','1C','4','1','-','3','28,2','51','39,4','885'),(156,'Garrett (AlliedSignal)','TFE731-40R','G100 (Astra SP), G150 (Astra SPX), IA 63 NGB','4.250','-','','','-','','','','','','','2','1G','1C','4','1','-','3','28,2','51','39,4',''),(157,'Garrett (Honeywell)','TFE731-40AR-200G','G150','4.420','-','','','-','','','','','','','2','1G','1C','4','1','-','3','28,2','51','39,4',''),(158,'Garrett (AlliedSignal)','TFE731-60','Falcon 900EX','5.000','-','','0,405','-','','187','22','','3,9','','2','1G','1C','4','1','-','3','30,7','72','42,4','988'),(159,'GE','CF6-6','DC-10-10 (option)','40.000','-','','','-','','1343','26,6','1,64','6,2','','2','1','1B','16','2','-','5','','172,5','92','7.350'),(160,'GE','CF6-6D','DC-10-10/-10F/-10F(CF)','40.000','-','9.080','0,354','-','0,646','1303','24,3','','5,72','35.000','2','1','1B','16','2','-','5','86,4','188.0**','105','7.896'),(161,'GE','CF6-6D1','DC-10-10/-10F/-10F(AF)','41.500','-','9.220','0,35','-','0,646','1328','25,2','','5,76','35.000','2','1','1B','16','2','-','5','86,4','188.0**','105','7.896'),(162,'GE','CF6-6D1A','DC-10-10/-10F/-10F(AF)','41.500','-','9.220','0,35','-','0,646','1328','25,2','','5,76','35.000','2','1','1B','16','2','-','5','86,4','188.0**','105','7.896'),(163,'GE','CF6-6E','DC-10-10/-10F (option)','40.600','-','','','-','','','','','','','2','1','1B','16','2','-','5','86,4','','',''),(164,'GE','CF6-6F','DC-10-10/-10F (option)','42.000','-','','','-','','','','','','','2','1','1B','16','2','-','5','86,4','','',''),(165,'GE','CF6-6K','DC-10-10/-10F','41.500','-','','0,346','-','','','25','','','','2','1','1B','16','2','-','5','86,4','188.0**','105','8.176'),(166,'GE','CF6-6K2','DC-10-10/-10F (option)','41.500','-','','0,346','-','','','25','','','','2','1','1B','16','2','-','5','86,4','188.0**','105','8.176'),(167,'GE','CF6-45A','747-100SR/-100SR(SF)','46.500','-','11.250','','-','0,63','1393','26,3','','4,64','35.000','2','1','3B','14','2','-','4','86,4','188.0**','105','8.768'),(168,'GE','CF6-45A2','747-100SR/-100SR(SF)','46.500','-','11.250','','-','0,63','1393','26,3','','4,64','35.000','2','1','3B','14','2','-','4','86,4','188.0**','105','8.768'),(169,'GE','CF6-45B','747-100SR/-100SR(SF)','46.500','-','11.250','','-','0,63','1393','26,3','','4,64','35.000','2','1','3B','14','2','-','4','86,4','188.0**','105','8.768'),(170,'GE','CF6-45B2','747-100SR/-100SR(SF), A300B10 (A310) (candidate engine)','46.500','-','11.250','','-','0,63','1393','26,3','','4,64','35.000','2','1','3B','14','2','-','4','86,4','188.0**','105','8.768'),(171,'GE','CF6-50','DC-10-30/-30F','49.000','-','','','-','0,645','','','','','35.000','2','1','3B','14','2','-','4','92','','','8.100'),(172,'GE','CF6-50A','DC-10-30/-30F, A300B1, A300B2-1A','49.000','-','','0,389','-','0,654','1444','28,6','1,69','4,4','35.000','2','1','3B','14','2','-','4','86,4','183.0**','92','8.201'),(173,'GE','CF6-50B','','49.000','-','','0,389','-','0,654','1444','28,6','1,69','4,4','35.000','2','1','3B','14','2','-','4','86,4','183.0**','92','8.201'),(174,'GE','CF6-50C','A300B1, A300B2-1C/-101, A300B4-2C/-203, DC-10-30/-30CF/-30F','51.000','-','11.100','0,394','-','0,657','1451','29,3','','4,26','35.000','2','1','3B','14','2','-','4','86,4','183.0**','105','8.721'),(175,'GE','CF6-50C1','DC-10-30, A300B2-202, A300B4-102','52.500','-','11.555','0,371','-','0,657','1470','30,1','','4,24','35.000','2','1','3B','14','2','-','4','86,4','183.0**','105','8.721'),(176,'GE','CF6-50C2','A300B2-203, A300B4-103/-103F/-2C/-203/-203F, A300C4-203, A300F4-203, DC-10-30/-30F/-30F(CF), A300B1 (option)','52.500','-','11.555','0,371','-','0,63','1476','30,4','','4,31','35.000','2','1','3B','14','2','-','4','86,4','183.0**','105','8.731'),(177,'GE','CF6-50C2B','DC-10-30/-30ER','54.000','-','11.555','0,385','-','0,63','1504','31,1','','4,25','35.000','2','1','3B','14','2','-','4','86,4','183.0**','105','8.731'),(178,'GE','CF6-50C2F','DC-10-15','46.500','-','11.555','','-','0,63','1393','26,3','','4,64','35.000','2','1','3B','14','2','-','4','86,4','183.0**','105','8.731'),(179,'GE','CF6-50C2R','A300B2-1C/-101, A300B2K-3C, A300B4-2C, DC-10-30','51.500','-','','0,368','-','','','29,2','','','','2','1','3B','14','2','-','4','86,4','183.0**','105','8.731'),(180,'GE','CF6-50D','DC-10-10','51.000','','','','','','','','','','','2','1','3B','14','2','-','4','86,4','183.0**','105','8.325'),(181,'GE','CF6-50D1','(see military turbofan specifications)','','','','','','','','','','','','','','','','','','','','','',''),(182,'GE','CF6-50E','747-200B','52.500','-','11.555','0,376','-','0,657','1470','30,1','','4,24','35.000','2','1','3B','14','2','-','4','86,4','183.0**','105','8.490'),(183,'GE','CF6-50E1','747-200B','52.500','-','11.555','0,371','-','0,657','1470','30,1','','4,24','35.000','2','1','3B','14','2','-','4','86,4','183.0**','105','8.490'),(184,'GE','CF6-50E2','747-200B/-200B(M)/-200B(SF)/-200C(M)/-200F/-300/-300(M)/-300(SF)','52.500','-','11.555','0,371','-','0,63','1476','30,4','','4,31','35.000','2','1','3B','14','2','-','4','86,4','183.0**','105','8.768'),(185,'GE','CF6-50E2B','747-200/-300 (option)','54.000','-','11.730','0,375','-','0,63','1504','30,9','','4,24','35.000','2','1','3B','14','2','-','4','86,4','183.0**','105','8.768'),(186,'GE','CF6-80A','767-200/-200ER/-200PC','48.000','-','11.045','0,344','-','0,623','1435','27,3','','4,66','35.000','2','1','3B','14','2','-','4','86,4','157,4','98','8.496'),(187,'GE','CF6-80A1','767-200/-200ER (option)','48.000','-','11.045','0,344','-','0,623','1435','27,3','','4,66','35.000','2','1','3B','14','2','-','4','86,4','157,4','98','8.420'),(188,'GE','CF6-80A2','767-200/-200ER/-300','50.000','-','11.045','0,349','-','0,623','1460','28,4','1,7','4,59','35.000','2','1','3B','14','2','-','4','86,4','157,4','98','8.496'),(189,'GE','CF6-80A3','A310-203/-203F','50.000','-','11.045','0,357','-','0,623','1460','28,4','1,7','4,59','35.000','2','1','3B','14','2','-','4','86,4','157,4','98','8.420'),(190,'GE','CF6-80C2','767-200ER/-300 (option)','52.500','-','11.330','0,329','-','','1769','30,4','','5,2','35.000','2','1','4B','14','2','-','5','93','160,9','','9.135'),(191,'GE','CF6-80C2A1','A300B4-601','59.000','-','11.810','0,334','-','0,576','1754','30,4','','5,15','35.000','2','1','4B','14','2','-','5','93','160,9','106','9.360'),(192,'GE','CF6-80C2A2','A310-204/-304/-304ET/-304F','52.460','-','11.330','0,317','-','0,578','1769','30,4','1,66','5,05','35.000','2','1','4B','14','2','-','5','93','160,9','106','9.360'),(193,'GE','CF6-80C2A3','A300B4-603, MD-11 (option)','58.950','-','11.340','0,329','-','0,576','1769','30,4','1,73','5,05','35.000','2','1','4B','14','2','-','5','93','160,9','106','9.360'),(194,'GE','CF6-80C2A5','A300B4-605R, A300C4-605R, A300F4-605R','60.100','-','','0,34','-','','','31,5','','5,05','','2','1','4B','14','2','-','5','93','160,9','106','9.389'),(195,'GE','CF6-80C2A5F','A300B4-605R, A300C4-605R, A300F4-605R','60.100','-','','0,34','-','','','31,5','','5,05','','2','1','4B','14','2','-','5','93','160,9','106','9.389'),(196,'GE','CF6-80C2A6','','64.000','-','','','-','','','','','','','2','1','4B','14','2','-','5','','','',''),(197,'GE','CF6-80C2A6F','','63.000','-','','','-','','','','','','','2','1','4B','14','2','-','5','','','',''),(198,'GE','CF6-80C2A7','A310-308, A310-308ET (option)','59.000','-','','','-','','','','','','','2','1','4B','14','2','-','5','93','160,9','106','9.389'),(199,'GE','CF6-80C2A8','A300B4-608ST, A310-308/-308ET','59.000','-','','0,344','-','','1769','30,4','','5,05','','2','1','4B','14','2','-','5','93','160,9','106','9.389'),(200,'GE','CF6-80C2B1','747-300/-300(M)','56.700','-','12.820','0,323','-','0,576','1710','30,4','','5,19','35.000','2','1','4B','14','2','-','5','93','160,9','106','9.388'),(201,'GE','CF6-80C2B1F','747-400/-400D/-400ER/-400(M)/-400F','57.160','-','12.820','0,316','-','0,564','1764','30,4','','5,15','35.000','2','1','4B','14','2','-','5','93','160,9','106','9.499'),(202,'GE','CF6-80C2B1F2','747-400/-400D/-400ER/-400(M)/-400F','57.900','-','','','-','','','','','','','2','1','4B','14','2','-','5','93','160,9','106','9.499'),(203,'GE','CF6-80C2B2','767-200ER/-300/-300ER, 737-200 (option)','51.590','-','12.000','0,318','-','0,576','1650','30,4','','5,31','35.000','2','1','4B','14','2','-','5','93','160,9','106','9.388'),(204,'GE','CF6-80C2B2F','767-200/-200ER/-300, 767-300ER (option)','52.010','-','','','-','','','','','','','2','1','4B','14','2','-','5','93','160,9','106','9.499'),(205,'GE','CF6-80C2B2F2','767-200/-200ER/-300, 767-300ER (option)','','-','','','-','','','','','','','2','1','4B','14','2','-','5','93','160,9','106','9.499'),(206,'GE','CF6-80C2B3','747-300/-400 (option)','52.010','-','','','-','','','','','','','2','1','4B','14','2','-','5','93','160,9','106','9.388'),(207,'GE','CF6-80C2B3F','747-300/-400 (option)','52.010','-','','','-','','','','','','','2','1','4B','14','2','-','5','93','160,9','106','9.499'),(208,'GE','CF6-80C2B4','767-200ER/-300/-300ER','57.180','-','','0,326','-','','','29,9','','5,15','','2','1','4B','14','2','-','5','93','160,9','106','9.399'),(209,'GE','CF6-80C2B4F','767-200ER/-300/-300ER','57.280','-','','0,317','-','','','29,9','','5,14','','2','1','4B','14','2','-','5','93','160,9','106','9.760'),(210,'GE','CF6-80C2B5F','747-400/-400ER/-400F/-400FER','62.100','-','','0,323','-','','','31,4','','','','2','1','4B','14','2','-','5','93','160,9','106','9.760'),(211,'GE','CF6-80C2B6','767-300/-300ER, 767-200ER (option), An-218-200/-300 (proposed)','60.070','-','','0,334','-','','','31,1','','5,06','','2','1','4B','14','2','-','5','93','160,9','106','9.670'),(212,'GE','CF6-80C2B6F','767-300ER, 767-200ER (option)','60.030','-','','0,323','-','','','31,4','','5,06','','2','1','4B','14','2','-','5','93','160,9','106','9.760'),(213,'GE','CF6-80C2B6FA','767-200ER','60.030','-','','0,323','-','','','31,4','','','','2','1','4B','14','2','-','5','93','160,9','106','9.760'),(214,'GE','CF6-80C2B7F','767-300ER/-300F, 767-200ER (option)','62.100','-','','0,323','-','','','31,4','','','','2','1','4B','14','2','-','5','93','160,9','106','9.760'),(215,'GE','CF6-80C2B8F','767-400ER/-400FER','63.500','-','','','-','','','31,4','','','','2','1','4B','14','2','-','5','93','160,9','106','9.970'),(216,'GE','CF6-80C2B9F','747-400XQLR/-XQLRF','63.300','-','','','-','','','31,4','','','','2','1','4B','14','2','-','5','93','160,9','106',''),(217,'GE','CF6-80C2B10F','747-XQLRF','','-','','','-','','','31,4','','','','2','1','4B','14','2','-','5','93','160,9','106',''),(218,'GE','CF6-80C2D1F','MD-11/-11F/-11F(AF)/-11F(C)','60.690','-','','0,322','-','','','31,8','','5,03','','2','1','4B','14','2','-','5','93','160,9','106','9.850'),(219,'GE','CF6-80C2G2','767-400ERX, 747-400X (not produced)','','-','','','-','','','','','','','2','1','4B','14','2','-','5','93','160,9','106',''),(220,'GE','CF6-80C2L1F','(see military turbofan specifications)','','','','','','','','','','','','','','','','','','','','','',''),(221,'GE','CF6-80E1','A330-200/-300 (option)','65.500','-','','0,329','-','','1913','32','','5,3','','2','1','4B','14','2','-','4','','164,3','114','11.162'),(222,'GE','CF6-80E1A1','A330-200/-300 (option)','65.500','-','','0,329','-','','1913','32','','5,3','','2','1','4B','14','2','-','5','','164,3','114','11.162'),(223,'GE','CF6-80E1A2','A330-201','67.500','-','','0,332','-','','1926','32,6','','5,3','','2','1','4B','14','2','-','5','','164,3','114','11.162'),(224,'GE','CF6-80E1A3','A330-203','68.240','-','','','-','','','33,7','','5','','2','1','4B','14','2','-','5','','171','114','10.726'),(225,'GE','CF6-80E1A4','A330-202','66.870','-','','0,338','-','','','33,7','','5','','2','1','4B','14','2','-','5','','171','114','10.726'),(226,'GE','CF34-1A','Challenger 601-1A','8.650','-','','0,36','-','','','','','6,2','','2','1','-','14','2','-','4','44','103','49','1.625'),(227,'GE','CF34-3A','Challenger 601-3A','9.220','-','','0,357','-','','332','21','','6,3','','2','1','-','14','2','-','4','44','103','49','1.625'),(228,'GE','CF34-3A1','CRJ100/200','9.220','-','','0,357','-','','332','21','','6,3','','2','1','-','14','2','-','4','44','103','49','1.655'),(229,'GE','CF34-3B','CRJ100/200, Challenger 604, Challenger 800','9.220','-','','0,346','-','','','21','','6,3','','2','1','-','14','2','-','4','44','103','49','1.670'),(230,'GE','CF34-3B1','CRJ100/200/200ER/200LR, Challenger 604, Challenger 800','9.220','-','','0,346','-','','','21','','6,3','','2','1','-','14','2','-','4','44','103','49','1.670'),(231,'GE','CF34-8C1','CRJ700-701/-701ER','13.790','-','','0,37','-','','','27','','4,9','','2','1','-','10','2','-','4','46,2','128','52','2.350'),(232,'GE','CF34-8C5','CRJ700-705/-705ER, CRJ900/900ER','14.500','-','','0,39','-','','','','','4,9','','2','1','-','10','2','-','4','46,2','128','52','2.470'),(233,'GE','CF34-8C5A1','','','-','','','-','','','','','','','2','1','-','10','2','-','4','46,2','128','52','2.470'),(234,'GE','CF34-8C5A2','','','-','','','-','','','','','','','2','1','-','10','2','-','4','46,2','128','52','2.470'),(235,'GE','CF34-8C5A3','','','-','','','-','','','','','','','2','1','-','10','2','-','4','46,2','128','52','2.470'),(236,'GE','CF34-8C5B1','CRJ700-705LR','14.255','-','','','-','','','','','','','2','1','-','10','2','-','4','46,2','128','52','2.470'),(237,'GE','CF34-8D??','SL-200/-300 (not produced)','','-','','','-','','','','','','','2','1','-','10','2','-','4','46,2','128','52','2.470'),(238,'GE','CF34-8D1','728-100, 528-100 (not produced)','12.500','-','','0,39','-','','','','','','','2','1','-','10','2','-','4','46,2','128','52','2.470'),(239,'GE','CF34-8D3','728-200 (not produced)','12.875','-','','0,39','-','','','27','','4,9','','2','1','-','10','2','-','4','46,2','128','52','2.470'),(240,'GE','CF34-8D5','','','-','','','-','','','','','','','2','1','-','10','2','-','4','46,2','128','52','2.470'),(241,'GE','CF34-8D6','Envoy 7 (not produced)','13.050','-','','0,39','-','','','','','','','2','1','-','10','2','-','4','46,2','128','52','2.470'),(242,'GE','CF34-8E2','ERJ-170, ERJ-170LR (option)','14.000','-','','0,39','-','','','','','','','2','1','-','10','2','-','4','46,2','128','52','2.470'),(243,'GE','CF34-8E2A1','','','-','','','-','','','','','','','2','1','-','10','2','-','4','46,2','128','52',''),(244,'GE','CF34-8E5','ERJ-170LR, ERJ-170 (option)','','-','','','-','','','','','','','2','1','-','10','2','-','4','46,2','128','52',''),(245,'GE','CF34-8E5A1','ERJ-170/-170LR (option)','','-','','','-','','','','','','','2','1','-','10','2','-','4','46,2','128','52',''),(246,'GE','CF34-8E5A2','','','-','','','-','','','','','','','2','1','-','10','2','-','4','46,2','128','52',''),(247,'GE','CF34-8E6','','','-','','','-','','','','','','','2','1','-','10','2','-','4','46,2','128','52',''),(248,'GE','CF34-8E6A1','','','-','','','-','','','','','','','2','1','-','10','2','-','4','46,2','128','52',''),(249,'GE','CF34-8E??','Il-214, RRJ (candidate engine)','','-','','','-','','','','','','','2','1','-','10','2','-','4','46','128','52',''),(250,'GE','CF34-10A','ARJ21','18.000','-','','','-','','','','','','','2','1','3B','9','1','-','4','','','',''),(251,'GE','CF34-10D5','928-100 (not produced)','17.355','-','','0,38','-','','','29','','5','','2','1','3B','9','1','-','4','','90','57','3.800'),(252,'GE','CF34-10D6','928-200 (not produced)','18.750','-','','0,38','-','','','29','','5','','2','1','3B','9','1','-','4','','90','57','3.800'),(253,'GE','CF34-10E5','ERJ-190/-190AR, ERJ-195/-195AR','18.500','-','','0,38','-','','','','','','','2','1','3B','9','1','-','4','','90','57','3.800'),(254,'GE','CF700-2B','Falcon 20','','-','','','-','','84','','','1,9','','2','1 aft','-','8','2','-','1','','53,6','33,2',''),(255,'GE','CF700-2C','Falcon 20C','4.125','-','','0,652','-','','84','6,9','','1,9','','2','1 aft','-','8','2','-','1','','53,6','33,2','725'),(256,'GE','CF700-2D','Mystere 20, Falcon 20D','4.250','-','','0,652','-','','84','6,2','','1,9','','2','1 aft','-','8','2','-','1','','53,6','33,2','737'),(257,'GE','CF700-2D2','Falcon 20E/F, Sabreliner 75A/80A','4.315','-','','0,643','-','','84','6,9','','1,9','','2','1 aft','-','8','2','-','1','','53,6','37','767'),(258,'GE','CJ610-1','Learjet 23, HFB 320, 1121A Commdore','2.850','-','','0,99','-','','44','','-','-','','1','-','-','8','2','-','-','-','51,1','17,7','399'),(259,'GE','CJ610-4','Learjet 23/24','2.850','-','','0,99','-','','44','','-','-','','1','-','-','8','2','-','-','-','45,4','17,7','389'),(260,'GE','CJ610-5','HFB 320, 1121B/1122 Commodore','2.950','-','','0,98','-','','44','6,8','-','-','','1','-','-','8','2','-','-','-','51,1','17,7','402'),(261,'GE','CJ610-6','Learjet 24B/D, Learjet 24C (not produced)','2.950','-','','0,98','-','','44','6,8','-','-','','1','-','-','8','2','-','-','-','45,4','17,7','392'),(262,'GE','CJ610-8','HFB 320','2.950','-','','','-','','44','','-','-','','1','-','-','8','2','-','-','-','45,4','17,7','407'),(263,'GE','CJ610-8A','Learjet 24E/F/25B/25C/25D/28/29','2.950','-','','','-','','44','','-','-','','1','-','-','8','2','-','-','-','45,4','17,7','407'),(264,'GE','CJ610-9','HFB 320, 1123 Commodore','3.100','-','','1','-','','44','6,8','-','-','','1','-','-','8','2','-','-','-','51,1','17,7','417'),(265,'GE','CJ805-3','Convair CV-880','11.200','-','','','-','','','','','','','2','1 aft','-','17','3','-','1','','','',''),(266,'GE','CJ805-3A','Convair CV-880','11.200','-','','','-','','','','','','','2','1 aft','-','17','3','-','1','','','',''),(267,'GE','CJ805-3B','Convair CV-880','11.650','-','','','-','','','','','','','2','1 aft','-','17','3','-','1','','','',''),(268,'GE','CJ805-23B','Convair CV-990/-990A','16.100','-','','0,53','-','','171','13','','','','2','1 aft','-','17','3','-','1','','','',''),(269,'GE','CJ805-23C','Caravelle 7/10A','16.100','-','','','-','','','','','','','2','1 aft','-','17','3','-','1','','','',''),(270,'GE','GE1','Technology demonstrator','5.000','-','','0,7','-','','77','11','-','-','','1','-','-','14','2','-','-','-','','',''),(271,'GE','GE4/J5P','B-2707-200/-300 (not produced)','51.500','68.600','','1,04','1,86','','646','12,5','-','-','','1','-','-','9','2','-','-','-','308','89,5','11.300'),(272,'GE','GE39','Technology demonstrator','','','','','','','','','','','','2','2 UDF','-','','','-','-','','','',''),(273,'GE','GE90-76B','777-200','76.400','-','17.500','','-','0,545','3037','39,3','1,65','8,4','35.000','2','1','3B','10','2','-','6','123','192,8','134','15.596'),(274,'GE','GE90-85B','777-200/-200ER','84.700','-','17.500','0,324','-','0,52','3037','39,3','1,65','8,4','35.000','2','1','3B','10','2','-','6','123','192,8','134','15.596'),(275,'GE','GE90-90B','777-200ER, 777-200 (option)','90.000','-','','','-','','3195','40','1,65','8,4','','2','1','3B','14','2','-','6','123','192,8','134','15.596'),(276,'GE','GE90-92B','777-200ER, 777-200 (option)','92.000','-','','','-','','3221','40','1,65','8,3','','2','1','3B','14','2','-','6','123','192,8','134','15.596'),(277,'GE','GE90-94B','777-200/-200ER/-300','93.700','-','','','-','','','40','1,65','','','2','1','3B','14','2','-','6','123','192,8','134','16.644'),(278,'GE','GE90-110B1','777-200LR, 777-300ER (option), 777-200F (proposed)','110.000','-','','','-','','','','','','','2','1','??','??','??','-','??','123','192,8','134',''),(279,'GE','GE90-113B','','','-','','','-','','','','','','','2','1','??','??','??','-','??','123','192,8','134',''),(280,'GE','GE90-115B','777-300ER, 777-200LR (option)','115.000','-','','','-','','','42','','','','2','1','4B','9','2','-','6','123','192,8','134','18.260'),(281,'GE','GEnx 72A1','787-3/-8/-9, A350-800/-900','53.000','-','','','-','','','','','','','','','','','','','','','','',''),(282,'Instytut Lotnictwa','D-18A','','3.968','-','','0,74','-','','','8','2,07','0,7','','2','2','-','5','1','-','1','','76,4','35,4','838'),(283,'Instytut Lotnictwa','K-15','I-22','3.307','-','','1,006','-','','52','5,3','-','-','','1','-','-','6','1','-','-','-','61,4','35,1','705'),(284,'International Aero Engines','V2500-A1','A320-231','25.000','-','','0,35','-','','783','29,4','1,65','5,4','','2','1','3B','10','2','-','5','63,5','126.0**','67,5','5.074'),(285,'International Aero Engines','V2522-A5','A319-131','22.000','-','','0,34','-','','738','25,2','','4,9','','2','1','4B','10','2','-','5','63,5','126.0**','67,5','5.230'),(286,'International Aero Engines','V2522-D5','MD-90-10 (not produced)','22.000','-','','0,34','-','','848','25,2','','4,9','','2','1','4B','10','2','-','5','63,5','126.0**','67,5',''),(287,'International Aero Engines','V2524-A5','A319-132/-132CJ','23.500','-','','0,36','-','','772','27,1','','4,9','','2','1','4B','10','2','-','5','63,5','126.0**','67,5','5.139'),(288,'International Aero Engines','V2525-D5','MD-90-30','25.000','-','','0,35','-','','784','27,7','','4,8','','2','1','4B','10','2','-','5','63,5','126.0**','67,5','5.252'),(289,'International Aero Engines','V2527-A5','A319-133CJ/-133XCJ, A320-232','26.500','-','','0,36','-','','784','27,7','','4,8','','2','1','4B','10','2','-','5','63,5','126.0**','67,5','5.139'),(290,'International Aero Engines','V2527E-A5','A320-233','','-','','','-','','','','','','','2','1','4B','10','2','-','5','63,5','126.0**','67,5',''),(291,'International Aero Engines','V2527M-A5','A319-133CJ/-133XCJ','','-','','','-','','','','','','','2','1','4B','10','2','-','5','63,5','126.0**','67,5',''),(292,'International Aero Engines','V2528-D5','MD-90-30/-30ER','28.000','-','','0,35','-','','825','30,4','','4,7','','2','1','4B','10','2','-','5','63,5','126.0**','67,5','5.252'),(293,'International Aero Engines','V2530-A5','A321-131/-232','31.400','-','','0,36','-','','849','31,6','','4,6','','2','1','4B','10','2','-','5','63,5','126.0**','67,5','5.139'),(294,'International Aero Engines','V2530-D5','MD-90-50 (not produced)','30.000','-','','0,36','-','','','31,6','','4,6','','2','1','4B','10','2','-','5','63,5','126.0**','67,5',''),(295,'International Aero Engines','V2533-A5','A321-231','33.000','-','','0,37','-','','872','35,2','1,79','4,5','','2','1','4B','10','2','-','5','63,5','126.0**','67,5','5.139'),(296,'Ivchenko (Klimov)','AI-25','Yak-40','3.300','-','976','0,57','-','0,795','33','8','1,7','2,1','20.000','2','3','-','8','1','-','2','','78,5','35,3','705'),(297,'Ivchenko (Klimov)','AI-25A','Yak-40A','3.850','-','','','-','','','','1,7','2,1','','2','3','-','8','1','-','2','','','',''),(298,'Kuznetsov','NK-8-2','Tu-154','20.944','-','','0,579','-','','462','21,5','2,15','1','','2','2','2B','6','1','-','2','','187,5','56,8','4.629'),(299,'Kuznetsov','NK-8-2U','Tu-154A/B','23.150','-','','0,569','-','','503','23,2','2,15','1,05','','2','2','2B','6','1','-','2','','187,5','56,8','4.629'),(300,'Kuznetsov','NK-8-3','Il-62','20.950','-','','','-','','','','','','','2','2','2B','6','1','-','2','','','',''),(301,'Kuznetsov','NK-8-4','Il-62','23.150','-','','0,588','-','','489','23,2','2,15','1,02','','2','2','2B','6','1','-','2','','201','56,8','4.629'),(302,'Kuznetsov','NK-8-6','(see NK-86)','','','','','','','','','','','','','','','','','','','','','',''),(303,'Kuznetsov','NK-44','','','','','','','','','','','','','','','','','','','','','','',''),(304,'Kuznetsov','NK-44K','','','','','','','','','','','','','','','','','','','','','','',''),(305,'Kuznetsov','NK-86','Il-86','28.660','-','','','-','','644','13,4','','1,15','','2','2','2B','6','1','-','2','','143','63','5.401'),(306,'Kuznetsov','NK-93','Il-96M, Tu-204-230, Tu-330 (proposed)','39.683','-','','0,235','-','','2205','37','1','16,6','','3','2 DPF','7','8','1','1','3','114,2','235,1','','8.047'),(307,'Kuznetsov','NK-144','Tu-144/-144D/-144LL','28.660','38.580','','','','','551','14,2','','0,6','','2','2','3B','11','1','-','2','','','',''),(308,'Kuznetsov','NK-144A','Tu-144S (not produced)','33.070','40.000','','','','','','17','','0,53','','2','2','3B','11','1','-','2','','','',''),(309,'Kuznetsov','NK-321','Tu-144','30.843','55.077','','','','','805','28,4','','1,4','','3','3','5','7','1','1','2','','236','57,5','7.588'),(310,'Lotarev (Motor Sich)','D-18T','An-124-100 Condor, An-225 Mriya','51.660','-','10.716','0,36','-','0,57','1687','25','','5,6','36.100','3','1','7','7','1','1','4','91,7','212,6','115,6','9.039'),(311,'Lotarev (Motor Sich)','D-18T-1','An-218-100','48.148','-','11.596','','-','0,615','','','','5,6','36.100','3','1','7','7','1','1','4','91,7','212,6','115,6','9.039'),(312,'Lotarev (Motor Sich)','D-18T-3','An-124-100M (proposed)','51.660','-','','','-','','','','','','','3','1','7','7','1','1','4','91,7','212,6','115,6','9.039'),(313,'Lotarev (Progress)','D-18TM','An-218 (proposed)','55.777','-','','','-','','1698','','','5,5','','3','1','7','7','1','1','3','','224,5','117,6','10.472'),(314,'Lotarev (Progress)','D-18TR','An-218-200/-300 (proposed)','60.627','-','','','-','','','','','','','3','1','7','7','1','1','3','','224,5','117,6','10.472'),(315,'Lyulka (Saturn)','AL-5','Tu-110','12.125','-','','','-','','','10','','1','','2','2','2B','6','1','-','2','','','',''),(316,'Maverick','MC-750','MC-2400 Legend','750','-','','','-','','','','-','-','','1','-','-','10','2','-','-','','','',''),(317,'Microturbo','TRS 18-1','Microjet 200','293','-','','','-','','','','','','','','','','','','','','','','',''),(318,'Mikulin','RD-3','Tu-104','14.881','-','','','-','','','','','','','','','','','','','','','','',''),(319,'Mikulin','RD-3M','Tu-104A/D/V','19.180','-','','','-','','','','','','','','','','','','','','','','',''),(320,'Mikulin','RD-3M-500','Tu-104B','21.385','-','','','-','','','','','','','','','','','','','','','','',''),(321,'Perm Aviadvigatel','D-21A1','S-21','11.750','-','','','-','','','20,2','2,99','0,83','','2','5','-','10','2','-','2','','','','4.630'),(322,'Perm Aviadvigatel','D-100','','42.000','-','','','-','','','35','','8','','2','1','2B','13','2','-','4','','','',''),(323,'Perm Aviadvigatel','D-110','','44.090','-','','','-','','','31','1','3','','2','2G','2B','13','2','-','4','','','',''),(324,'Perm Aviadvigatel','D-120','','','-','','','-','','','','1','5','','2','2','2B','13','2','-','4','','','',''),(325,'Pratt Whitney','JT3C-1','Prototype','','-','','','-','','','','','','','2','-','9','7','1','-','2','','','',''),(326,'Pratt Whitney','JT3C-2','DC-8-11/-12','11.200','13.750','','','0,95','','','','','','','2','-','9','7','1','-','2','38,8','138,6','38,9','3.870'),(327,'Pratt Whitney','JT3C-4','707-120, 720','11.200','','','','','','','','','','','2','-','9','7','1','-','2','38,8','138,6','38,9',''),(328,'Pratt Whitney','JT3C-6','707-120, DC-8-11/-12','11.200','13.500','','0,775','','','','','','','','2','-','9','7','1','-','2','38,8','138,6','38,9','4.234'),(329,'Pratt Whitney','JT3C-7','720, 720F','12.000','-','','0,785','-','','187','13','','','','2','-','9','7','1','-','2','38,8','138,6','38,9','3.495'),(330,'Pratt Whitney','JT3C-10','DC-8-12','','','','','','','','','','','','2','-','9','7','1','-','2','38,8','138,6','38,9',''),(331,'Pratt Whitney','JT3C-12','720, 720F, 707-120 (option)','12.000','-','','0,775','-','','187','13,8','','','','2','-','9','7','1','-','2','38,8','138,6','','3.550'),(332,'Pratt Whitney','JT3D-1','707-120B/-120BF, 720B, 720BF, DC-8-51/52','17.000','-','','0,52','-','','450','12,5','','1,4','','2','2','6B','7','1','-','3','53,1','136,3','53','4.145'),(333,'Pratt Whitney','JT3D-1 (HK)','707-120B','17.000','-','','0,52','-','','450','12,5','','1,4','','2','2','6B','7','1','-','3','53,1','136,3','53',''),(334,'Pratt Whitney','JT3D-1 (HK3)','707-120B','17.000','-','','0,52','-','','450','12,5','','1,4','','2','2','6B','7','1','-','3','53,1','136,3','53',''),(335,'Pratt Whitney','JT3D-1 (Q)','707-120B','17.000','-','','0,52','-','','450','12,5','','1,4','','2','2','6B','7','1','-','3','53,1','136,3','53',''),(336,'Pratt Whitney','JT3D-2','(see military turbofan specifications TF33-P-3)','','','','','','','','','','','','','','','','','','','','','',''),(337,'Pratt Whitney','JT3D-3','707-120B/-320B/-320C, 720B, DC-8-51/-51F/-52/-52F/-53/-53F/-54/-54F/-55/-55F/-61/-61F/-62/-62F (option)','18.000','-','','0,535','-','','','','','','','2','2','6B','7','1','-','3','','','53',''),(338,'Pratt Whitney','JT3D-3A','','','','','','','','','','','','','2','2','6B','7','1','-','3','','','',''),(339,'Pratt Whitney','JT3D-3B','707-120B/-320B/-320BH/-320C/-320CH, 720B, 720BF, DC-8-53F/-55/-62/-62F','18.000','-','','0,51','-','','450','13','1,66','1,4','','2','2','6B','7','1','-','3','53,1','145,5','53','4.340'),(340,'Pratt Whitney','JT3D-3B (HK)','707-120B/-320B/-320BH/-320C/-320CH, 720B, 720BF, DC-8-51F/-53F/-54/-55/-62F(AF)','18.000','-','','0,51','-','','450','13','1,66','1,4','','2','2','6B','7','1','-','3','53,1','','53',''),(341,'Pratt Whitney','JT3D-3B (HK2)','707-320B/-320C, DC-8-51F/-52F/-54F/-55F/-61F/-62F(CF)','18.000','-','','0,51','-','','450','13','1,66','1,4','','2','2','6B','7','1','-','3','53,1','','53',''),(342,'Pratt Whitney','JT3D-3B (HK3)','707-320B, DC-8-51F/-54F/-55F/-61/-61F/-62/-62F/-62F(AF)/-62F(CF)','18.000','-','','0,51','-','','450','13','1,66','1,4','','2','2','6B','7','1','-','3','53,1','','53',''),(343,'Pratt Whitney','JT3D-3B (Q)','707-120B, DC-8-51/-51F/-52/-52F/-54/-55/-55F/-61/-61F(AF)/-62/-62F(CF)','18.000','-','','0,51','-','','450','13','1,66','1,4','','2','2','6B','7','1','-','3','53,1','','53',''),(344,'Pratt Whitney','JT3D-3C','','18.000','-','','0,51','-','','450','13','1,66','1,4','','2','2','6B','7','1','-','3','53,1','145,5','53','4.340'),(345,'Pratt Whitney','JT3D-5','(see military turbofan specifications TF33-P-7)','','','','','','','','','','','','','','','','','','','','','',''),(346,'Pratt Whitney','JT3D-7','707-320B/-320C, DC-8-62/-62F/-63/-63F','19.000','-','','0,52','-','','472','13,5','1,82','1,43','','2','2','7B','7','1','-','3','53,1','145,5','53','4.340'),(347,'Pratt Whitney','JT3D-7 (HK)','707-320B/-320C','19.000','-','','0,52','-','','472','13,5','1,82','1,43','','2','2','7B','7','1','-','3','53,1','','53',''),(348,'Pratt Whitney','JT3D-7 (HK2)','707-320B/-320C','19.000','-','','0,52','-','','472','13,5','1,82','1,43','','2','2','7B','7','1','-','3','53,1','','53',''),(349,'Pratt Whitney','JT3D-7 (HK3)','707-320B/-320C, DC-8-62/-62F/-62F(AF)/-62F(CF)/-63/-63F/-63F(CF)','19.000','-','','0,52','-','','472','13,5','1,82','1,43','','2','2','7B','7','1','-','3','53,1','','53',''),(350,'Pratt Whitney','JT3D-7 (Q)','DC-8-62F/-63F/-63F(AF)','19.000','-','','0,52','-','','472','13,5','1,82','1,43','','2','2','7B','7','1','-','3','53,1','','53',''),(351,'Pratt Whitney','JT3D-7A','','19.000','-','','0,52','-','','472','13,5','1,82','1,43','','2','2','7B','7','1','-','3','53,1','145,5','53','4.340'),(352,'Pratt Whitney','JT4A-3','707-220, DC-8-21/-21F (option)','15.800','-','','0,77','-','','','','-','-','','2','-','8','7','1','-','2','42,5','144,1','','5.020'),(353,'Pratt Whitney','JT4A-5','707-220 (option)','15.800','-','','0,77','-','','','','-','-','','2','-','8','7','1','-','2','42,5','144,1','','4.815'),(354,'Pratt Whitney','JT4A-7','707-320 (option)','15.800','-','','0,77','-','','','','-','-','','2','-','8','7','1','-','2','','','',''),(355,'Pratt Whitney','JT4A-9','DC-8-21/-21F/-33F/-33F(AF)','16.800','-','','0,81','-','','','','-','-','','2','-','8','7','1','-','2','42,5','144,1','43','5.050'),(356,'Pratt Whitney','JT4A-10','707-320 (option)','16.800','-','','0,81','-','','','','-','-','','2','-','8','7','1','-','2','42,5','144,1','43','5.100'),(357,'Pratt Whitney','JT4A-11','DC-8-33F/-33F(AF), 707-320 (option)','17.500','-','','0,84','-','','256','12,5','-','-','','2','-','8','7','1','-','2','42,5','144,1','','5.100'),(358,'Pratt Whitney','JT4A-12','707-320/-320F','17.500','-','','0,84','-','','256','12,5','-','-','','2','-','8','7','1','-','2','42,5','144,1','','4.895'),(359,'Pratt Whitney','JT8D-1','Caravelle 10B1R/10B3, DC-9-15','14.000','-','','0,585','-','','315','15,4','1,9','1,06','','2','2','4B','7','1','-','3','42,5','123,5','42,5','3.096'),(360,'Pratt Whitney','JT8D-1A','','14.000','-','','0,585','-','','315','15,4','1,9','1,06','','2','2','4B','7','1','-','3','42,5','123,5','42,5','3.096'),(361,'Pratt Whitney','JT8D-1B','','14.000','-','','0,585','-','','315','15,4','1,9','1,06','','2','2','4B','7','1','-','3','42,5','123,5','42,5','3.096'),(362,'Pratt Whitney','JT8D-3','(see military turbofan specifications TF33-P-102)','','','','','','','','','','','','','','','','','','','','','',''),(363,'Pratt Whitney','JT8D-5','DC-9-11','12.250','-','','0,565','-','','','','','','','2','2','4B','7','1','-','3','42,5','123,5','42,5','3.096'),(364,'Pratt Whitney','JT8D-7','727-100/-100C/-100QC/-100F/-200/-200F, 737-100/-200A/-200CA, DC-9-15/-15F(RC)/-31, Caravelle 10B1R/10B3/11R','14.000','-','4.270','0,585','-','0,796','315','15,8','1,93','1,07','30.000','2','2','4B','7','1','-','3','42,5','123,5','42,5','3.096'),(365,'Pratt Whitney','JT8D-7 (HK3)','727-100/-100C, DC-9-15/-15F(RC)','14.000','-','4.270','0,585','-','0,796','315','15,8','1,93','1,07','30.000','2','2','4B','7','1','-','3','42,5','','42,5',''),(366,'Pratt Whitney','JT8D-7A','727-100/-100C/-100QC/-100F/-200, 737-100/-200, DC-9-14/-15/-15F(MC)/-31/-31','14.000','-','4.270','0,585','-','0,796','315','15,8','1,93','1,07','30.000','2','2','4B','7','1','-','3','42,5','123,5','42,5','3.096'),(367,'Pratt Whitney','JT8D-7A (HK3)','727-100/-100C, DC-9-15/-15F(RC)/-32','14.000','-','4.270','0,585','-','0,796','315','15,8','1,93','1,07','30.000','2','2','4B','7','1','-','3','42,5','','42,5',''),(368,'Pratt Whitney','JT8D-7B','727-100/-100C/-100F/-200/-200A/-200F, 737-100/-200, DC-9-14/-15/-15F(MC)/-15F(RC)/-31/-31F/-32','14.000','-','4.270','0,585','-','0,796','315','15,8','1,93','1,07','30.000','2','2','4B','7','1','-','3','42,5','123,5','42,5','3.096'),(369,'Pratt Whitney','JT8D-7B (HK)','727-200F','14.000','-','4.270','0,585','-','0,796','315','15,8','1,93','1,07','30.000','2','2','4B','7','1','-','3','42,5','','42,5',''),(370,'Pratt Whitney','JT8D-7B (HK3)','727-100/-100C/-100F/-200/-200A/-200AF/-200F, 737-200, DC-9-14/-15/-15F(MC)/-15F(RC)/-31/-32/-32F','14.000','-','4.270','0,585','-','0,796','315','15,8','1,93','1,07','30.000','2','2','4B','7','1','-','3','42,5','','42,5',''),(371,'Pratt Whitney','JT8D-7B (Q)','727-100/-100F','14.000','-','4.270','0,585','-','0,796','315','15,8','1,93','1,07','30.000','2','2','4B','7','1','-','3','42,5','','42,5',''),(372,'Pratt Whitney','JT8D-9','727-100/-100C/-200/-200A, 737-200/-200A/-200C/-200CA, DC-9-32/-32F/-33F/-33F(RC), Caravelle 10B3/12','14.500','-','4.540','0,565','-','0,8','319','15,9','1,91','1,03','30.000','2','2','4B','7','1','-','3','42,5','123,5','42,5','3.196'),(373,'Pratt Whitney','JT8D-9 (HK3)','727-200F, DC-9-31/-32/-32F/-33F','14.500','-','4.540','0,565','-','0,8','319','15,9','1,91','1,03','30.000','2','2','4B','7','1','-','3','42,5','','42,5',''),(374,'Pratt Whitney','JT8D-9A','727-100/-100C/-100F/-200/-200A/-200AF/-200F, 737-100/-200/-200A/-200C/-200CA/-200AF, DC-9-31/-32/-32F/-33F(RC)','14.500','-','4.540','0,565','-','0,8','319','15,9','1,91','1,03','30.000','2','2','4B','7','1','-','3','42,5','123,5','42,5','3.196'),(375,'Pratt Whitney','JT8D-9A (HK3)','727-100/-200/-200A/-200AF/-200F, 737-200/-200A/-200C/-200CA, DC-9-31/-32/-33F(CF)/-33F(RC)','14.500','-','4.540','0,565','-','0,8','319','15,9','1,91','1,03','30.000','2','2','4B','7','1','-','3','42,5','','42,5',''),(376,'Pratt Whitney','JT8D-11','DC-9-21/-32/-41','15.000','-','4.750','0,62','-','0,806','327','16,2','','1,05','30.000','2','2','6B','7','1','-','3','42,5','123,5','42,5','3.310'),(377,'Pratt Whitney','JT8D-11 (HK)','DC-9-21','15.000','-','4.750','0,62','-','0,806','327','16,2','','1,05','30.000','2','2','6B','7','1','-','3','42,5','','42,5',''),(378,'Pratt Whitney','JT8D-11 (HK3)','DC-9-21/-32/-33F/-41','15.000','-','4.750','0,62','-','0,806','327','16,2','','1,05','30.000','2','2','6B','7','1','-','3','42,5','','42,5',''),(379,'Pratt Whitney','JT8D-15','727-200/-200A/-200F/-200AF, 737-200A/-200CA, DC-9-33/-34/-41, Mercure-100','15.500','-','4.920','0,63','-','0,81','322','16,5','','1,03','30.000','2','2','6B','7','1','-','3','42,5','123,5','42,5','3.414'),(380,'Pratt Whitney','JT8D-15 (HK)','727-200A, 737-200/-200A','15.500','-','4.920','0,63','-','0,81','322','16,5','','1,03','30.000','2','2','6B','7','1','-','3','42,5','','42,5',''),(381,'Pratt Whitney','JT8D-15 (HK3)','727-200A/-200AF, 737-200/-200A/-200C/-200CA, DC-9-31/-32/-41','15.500','-','4.920','0,63','-','0,81','322','16,5','','1,03','30.000','2','2','6B','7','1','-','3','42,5','','42,5',''),(382,'Pratt Whitney','JT8D-15A','727-200A, 737-200A/-200CA, DC-9-30/-40/-50 (option)','15.500','-','4.920','0,59','-','0,81','327','16,6','','1,04','30.000','2','2','6B','7','1','-','3','42,5','123,5','42,5','3.474'),(383,'Pratt Whitney','JT8D-15A (HK3)','727-200A/-200AF, 737-200A/-200CA','15.500','-','4.920','0,59','-','0,81','327','16,6','','1,04','30.000','2','2','6B','7','1','-','3','42,5','','42,5',''),(384,'Pratt Whitney','JT8D-17','727-200A/-200AF, 737-200/-200A/-200CA/-200F/-200AF, DC-9-31/-32/-34/-34F(CF)/-51','16.000','-','5.140','0,6','-','0,814','324','16,9','','1,01','30.000','2','2','6B','7','1','-','3','42,5','123,5','42,5','3.430'),(385,'Pratt Whitney','JT8D-17 (HK3)','727-200A/-200AF, 737-200A/-200CA, DC-9-51','16.000','-','5.140','0,6','-','0,814','324','16,9','','1,01','30.000','2','2','6B','7','1','-','3','42,5','','42,5',''),(386,'Pratt Whitney','JT8D-17A','727-200A, 737-200A/-200CA/-200AF, DC-9-41/-51','16.000','-','5.140','0,6','-','0,773','328','17,1','','1,02','30.000','2','2','6B','7','1','-','3','42,5','123,5','42,5','3.475'),(387,'Pratt Whitney','JT8D-17A (HK3)','727-200A/-200AF, 737-200A/-200CA, DC-9-41/-51','16.000','-','5.140','0,6','-','0,773','328','17,1','','1,02','30.000','2','2','6B','7','1','-','3','42,5','','42,5',''),(388,'Pratt Whitney','JT8D-17AR','727-200A, 737-200','16.400','-','5.140','0,61','-','0,78','326','17,3','2,16','1','30.000','2','2','6B','7','1','-','3','42,5','123,5','42,5','3.495'),(389,'Pratt Whitney','JT8D-17R','727-200/-200A/-200AF','17.400','-','5.140','','-','0,82','331','17,5','','1','30.000','2','2','6B','7','1','-','3','42,5','123,5','42,5','3.495'),(390,'Pratt Whitney','JT8D-17R (HK3)','727-200A/-200AF','17.400','-','5.140','','-','0,82','331','17,5','','1','30.000','2','2','6B','7','1','-','3','42,5','','42,5',''),(391,'Pratt Whitney','JT8D-209','MD-81','18.500','-','4.945','0,51','-','0,724','471','17,4','','1,82','35.000','2','1','6B','7','1','-','3','49,2','154,2','','4.410'),(392,'Pratt Whitney','JT8D-216','MD-95-30 (not produced)','','-','','','-','','','','','','','2','1','6B','7','1','-','3','49,2','154,2','',''),(393,'Pratt Whitney','JT8D-217','MD-81/-82','20.000','-','5.240','0,53','-','0,753','486','18,6','','1,77','35.000','2','1','6B','7','1','-','3','49,2','154,2','','4.430'),(394,'Pratt Whitney','JT8D-217A','MD-81/-82/-82(SA)','20.000','-','5.240','0,53','-','0,753','486','18,6','','1,77','35.000','2','1','6B','7','1','-','3','49,2','154,2','','4.430'),(395,'Pratt Whitney','JT8D-217C','727-100(RE)/-200A(RE)/-200AF(RE), MD-81/-82/-87/-88','20.000','-','5.240','0,5','-','0,736','497','20,1','','1,72','35.000','2','1','6B','7','1','-','3','49,2','154,2','','4.500'),(396,'Pratt Whitney','JT8D-218','MD-95-30 (not produced)','','-','','','-','','','','','','','2','1','6B','7','1','-','3','49,2','154,2','',''),(397,'Pratt Whitney','JT8D-219','MD-82/-83/-87/-88, 707-330C(RE), 727-200AF(RE)','21.000','-','5.250','0,519','-','0,737','497','20,1','1,91','1,72','35.000','2','1','6B','7','1','-','3','49,2','154,2','','4.500'),(398,'Pratt Whitney','JT9D-1','747-100 (option)','42.000','','','','','','1484','21,5','1,6','5','','2','1','3B','11','2','-','4','95,6','154,2','',''),(399,'Pratt Whitney','JT9D-3','747-100 (option)','43.500','','','0,346','','','','22','1,51','5,2','','2','1','3B','11','2','-','4','95,6','154,2','','8.430'),(400,'Pratt Whitney','JT9D-3A','747-100','44.250','45.800','10.200','0,346','','0,624','1509','21,5','1,51','5,2','35.000','2','1','3B','11','2','-','4','95,6','154,2','','8.608'),(401,'Pratt Whitney','JT9D-7','747-100/-200B','46.300','47.900','10.200','0,355','','0,62','1521','22,3','','5,2','35.000','2','1','3B','11','2','-','4','95,6','154,2','','8.850'),(402,'Pratt Whitney','JT9D-7A','747-SF/-SP/-100/-100A/-100(SF)/-100F/-100SR/-100SRB/-100SR(SF)/-200/-200B/-200C','46.950','48.570','10.830','0,364','','0,625','1534','22,5','','5,1','35.000','2','1','3B','11','2','-','4','95,6','154,2','','8.850'),(403,'Pratt Whitney','JT9D-7AH','747-SP/-100/-100(SF)/-100F/-200B','','','','','','','','','','','','2','1','3B','11','2','-','4','95,6','154,2','','8.850'),(404,'Pratt Whitney','JT9D-7ASP','747-SP (option)','46.950','48.570','10.680','0,364','','0,63','1534','22,5','','5,1','35.000','2','1','3B','11','2','-','4','95,6','154,2','','8.780'),(405,'Pratt Whitney','JT9D-7AW','747-200B/-200(SF)/-100SR/-200F, 747-100/-100B (option)','','','','','','','','','','','','2','1','3B','11','2','-','4','95,6','154,2','','8.850'),(406,'Pratt Whitney','JT9D-7F','747-SP/-100B/-200/-200B/-200B(M)/-200(SF)/-200F','48.000','50.000','11.050','0,367','','0,631','1565','22,8','','5,1','35.000','2','1','3B','11','2','-','4','95,6','154,2','','8.850'),(407,'Pratt Whitney','JT9D-7FW','747-SP/-200B(SF)/-200C(M)','48.000','50.000','','','','','','','','','','2','1','3B','11','2','-','4','95,6','154,2','','8.850'),(408,'Pratt Whitney','JT9D-7H','','','','','','','','','','','','','2','1','3B','11','2','-','4','95,6','154,2','','8.850'),(409,'Pratt Whitney','JT9D-7J','747-100F/-200B/-200B(M)/-200B(SF)/-200C/-200F','50.000','-','11.050','','-','0,631','1590','23,5','','5,1','35.000','2','1','3B','11','2','-','4','95,6','154,2','','8.850'),(410,'Pratt Whitney','JT9D-7Q','747-200B/-200B(M)/-200B(SF)/-200F','53.000','-','11.950','','-','0,631','1640','24,5','','4,9','35.000','2','1','3B','11','2','-','4','93,6','153,6','','9.295'),(411,'Pratt Whitney','JT9D-7Q3','747-200B/-200B(M)/-200B(SF)','53.000','-','11.950','','-','0,631','1640','24,5','','4,9','35.000','2','1','3B','11','2','-','4','93,6','153,6','','9.295'),(412,'Pratt Whitney','JT9D-7R','767-200/-200ER/-200ET/-200PC/-300','48.000','-','11.200','','-','0,615','1585','23,4','','4,9','35.000','2','1','4B','11','2','-','4','93,4','153,6','','8.905'),(413,'Pratt Whitney','JT9D-7R4D','767-200/-200ER/-200ET/-200PC/-300','48.000','-','11.200','0,343','-','0,615','1585','23,4','','4,9','35.000','2','1','4B','11','2','-','4','93,4','153,6','','8.905'),(414,'Pratt Whitney','JT9D-7R4D1','A310-221 (option)','48.000','-','11.200','0,343','-','0,615','1585','23,4','','4,9','35.000','2','1','4B','11','2','-','4','93,4','153,6','','8.905'),(415,'Pratt Whitney','JT9D-7R4E','767-200ER','50.000','-','11.700','0,343','-','0,62','1615','24,2','','4,9','35.000','2','1','4B','11','2','-','4','93,4','153,6','','8.905'),(416,'Pratt Whitney','JT9D-7R4E1','A310-222/-222F/-322','50.000','-','11.700','0,343','-','0,62','1615','24,2','','4,9','35.000','2','1','4B','11','2','-','4','93,4','153,6','','8.905'),(417,'Pratt Whitney','JT9D-7R4E3','767-200ER (option)','50.000','-','11.700','0,343','-','0,62','1615','24,2','','4,9','35.000','2','1','4B','11','2','-','4','93,4','153,6','','9.100'),(418,'Pratt Whitney','JT9D-7R4E4','767-200ER','50.000','-','11.700','0,343','-','0,62','1615','24,2','','4,9','35.000','2','1','4B','11','2','-','4','93,4','153,6','','9.100'),(419,'Pratt Whitney','JT9D-7R4G2','747-200B/-200B(SF)/-200F/-300/-300(M)/-300(SF)','54.750','-','12.250','0,36','-','0,639','1695','26,3','','4,8','35.000','2','1','4B','11','2','-','4','93,4','153,6','','9.135'),(420,'Pratt Whitney','JT9D-7R4H1','A300B4-620','56.000','-','12.250','0,364','-','0,628','1695','26,7','','4,8','35.000','2','1','4B','11','2','-','4','93,4','153,6','','8.885'),(421,'Pratt Whitney','JT9D-7W','747-200B','','','','','','','','','','4,9','','2','1','3B','11','2','-','4','95,6','154,2','',''),(422,'Pratt Whitney','JT9D-9','A300B2/B4','53.000','-','','','-','','','','','','','2','1','3B','11','2','-','4','95,6','154,2','',''),(423,'Pratt Whitney','JT9D-15','DC-10-20/-40 (option), MD-11 (proposed)','45.500','47.000','','0,355','','','','','','','','2','1','3B','11','2','-','4','95,6','','',''),(424,'Pratt Whitney','JT9D-20','DC-10-40, MD-11 (proposed)','46.300','49.400','10.680','0,37','','0,624','1521','21,1','','5,2','35.000','2','1','3B','11','2','-','4','95,6','153,6','','8.450'),(425,'Pratt Whitney','JT9D-20J','DC-10-40, MD-11 (proposed)','46.300','49.400','10.680','0,37','','0,624','1521','21,1','','5,2','35.000','2','1','3B','11','2','-','4','95,6','153,6','','8.450'),(426,'Pratt Whitney','JT9D-25','DC-10-20 (option), MD-11 (proposed)','47.000','50.000','','','','','','','','5,2','','2','1','3B','11','2','-','4','95,6','153,6','',''),(427,'Pratt Whitney','JT9D-59','A300B4-120/-220/-220F/-220FF (option)','53.000','-','11.950','0,375','-','0,631','1639','24,5','','4,9','35.000','2','1','4B','11','2','-','4','95,6','153,6','','9.140'),(428,'Pratt Whitney','JT9D-59A','A300B4-120/-220/-220F/-220FF, DC-10-40(D)/-40(I)/-40F, A300B4-320 (option)','53.000','-','11.950','0,375','-','0,631','1639','24,5','','4,9','35.000','2','1','4B','11','2','-','4','95,6','153,6','','9.140'),(429,'Pratt Whitney','JT9D-59B','','54.500','-','12.200','','-','0,631','1660','25,2','','4,8','35.000','2','1','4B','11','2','-','4','95,6','153,6','','9.160'),(430,'Pratt Whitney','JT9D-70A','747-200B/-200B(M)/-200B(SF)/-200F','53.000','-','11.950','0,375','-','0,631','1639','24,5','','4,9','35.000','2','1','4B','11','2','-','4','95,6','153,6','','9.155'),(431,'Pratt Whitney','JT9D-70B','','54.500','-','12.200','','-','0,631','1660','25,2','','4,8','35.000','2','1','4B','11','2','-','4','95,6','153,6','','9.175'),(432,'Pratt Whitney','JT10D-132','(see PW2037)','','','','','','','','','','','','','','','','','','','','','',''),(433,'Pratt Whitney','JT11D-20','(see military turbofan specifications J58-P-4)','','','','','','','','','','','','','','','','','','','','','',''),(434,'Pratt Whitney','JT12A-3','(see military turbofan specifications)','','','','','','','','','','','','','','','','','','','','','',''),(435,'Pratt Whitney','JT12A-5','(see military turbofan specifications)','','','','','','','','','','','','','','','','','','','','','',''),(436,'Pratt Whitney','JT12A-6','Sabreliner 40/50','3.000','-','','0,96','-','','','','-','-','','1','-','-','9','2','-','-','-','','21,9','453'),(437,'Pratt Whitney','JT12A-6A','Sabreliner 40/50, JetStar I','3.000','-','','0,96','-','','','','-','-','','1','-','-','9','2','-','-','-','','21,9','453'),(438,'Pratt Whitney','JT12A-8','Sabreliner 60, JetStar I','3.300','-','','0,995','-','','51','6,7','-','-','','1','-','-','9','2','-','-','-','','21,9','468'),(439,'Pratt Whitney','JT12A-8A','Sabreliner 60, JetStar I','3.300','-','','0,995','-','','51','6,7','-','-','','1','-','-','9','2','-','-','-','','21,9','468'),(440,'Pratt Whitney','JTF14','Technology demonstrator','','-','','','-','','','','','','','','','','','','','','','','',''),(441,'Pratt Whitney','JTF17A-21','L-2000-7B (not produced), B-2707-200/-300 (candidate engine)','38.300','61.000','','0,75','1,78','','675','','','','','2','2','-','6','1','-','2','','','',''),(442,'Pratt Whitney','PW2037','757-200/-200ET','36.600','-','6.500','0,335','-','0,582','1210','27,9','1,63','5,8','35.000','2','1','4B','12','2','-','5','78,5','141,4','84,8','7.185'),(443,'Pratt Whitney','PW2040','757-200/-200ET/-200F','40.100','-','6.500','0,33','-','0,582','1255','27,6','1,66','5,9','35.000','2','1','4B','12','2','-','5','78,5','141,4','84,8','7.185'),(444,'Pratt Whitney','PW2043','757-300, 757-200/-200ET/-200F (option)','42.600','-','','0,35','-','','','31,2','','6','','2','1','4B','12','2','-','5','78,5','141,4','84,8','7.161'),(445,'Pratt Whitney','PW2143','A340-521, A340-621 (proposed)','42.600','-','','0,35','-','','','31,2','','6','','2','1','4B','12','2','-','5','78,5','141,4','84,8','7.161'),(446,'Pratt Whitney','PW2237','Tu-204-140/-140C (proposed)','36.600','-','6.500','0,335','-','0,582','1210','27,9','1,63','5,8','35.000','2','1','4B','12','2','-','5','78,5','141,4','84,8','7.185'),(447,'Pratt Whitney','PW2240','Tu-204-240/-240C, Tu-330 (Tu-204-330) (proposed)','40.100','-','6.500','0,33','-','0,582','1255','27,6','1,66','5,9','35.000','2','1','4B','12','2','-','5','78,5','141,4','84,8','7.185'),(448,'Pratt Whitney','PW2337','Il-96M/T','36.600','-','6.500','0,335','-','0,582','1210','27,9','1,63','5,8','35.000','2','1','4B','12','2','-','5','78,5','141,4','84,8','7.185'),(449,'Pratt Whitney','PW2643','','42.600','-','','0,35','-','','','31,2','','6','','2','1','4B','12','2','-','5','78,5','141,4','84,8','7.161'),(450,'Pratt Whitney','PW4052','767-200ER/-300ER','52.200','-','','0,312','-','','1705','27,5','1,7','4,85','','2','1','4B','11','2','-','4','93,6','132,2','97','9.213'),(451,'Pratt Whitney','PW4056','747-400/-400(M)/-400F, 767-200ER/-300/-300ER','56.750','-','','0,32','-','','1705','30,2','1,7','4,85','','2','1','4B','11','2','-','4','93,6','132,2','97','9.213'),(452,'Pratt Whitney','PW4060','767-300/-300ER, An-218-200/-300 (proposed)','60.000','-','','0,33','-','','1705','31,5','','4,85','','2','1','4B','11','2','-','4','93,6','132,2','97','9.213'),(453,'Pratt Whitney','PW4060A','767-200ER','60.000','-','','0,33','-','','1705','31,5','','4,85','','2','1','4B','11','2','-','4','93,6','132,2','97','9.213'),(454,'Pratt Whitney','PW4062','767-300ER, 747-400/-400ER/-400F/-400FER, 767-200ER/-200FER/-300F/-400ER (option)','63.300','-','','','-','','','32,3','1,8','4,85','','2','1','4B','11','2','-','4','93,6','132,2','97','9.213'),(455,'Pratt Whitney','PW4074','777-200','74.500','-','','','-','','2550','30,3','','6','','2','1','6B','11','2','-','7','112','191,7','118,5','14.545'),(456,'Pratt Whitney','PW4077','777-200','77.000','-','','','-','','2550','31,5','','6,2','','2','1','6B','11','2','-','7','112','191,7','118,5','14.545'),(457,'Pratt Whitney','PW4077D','','','-','','','-','','','','','','','2','1','6B','11','2','-','7','112','191,7','118,5','14.545'),(458,'Pratt Whitney','PW4084','777-200','84.000','-','','','-','','2550','34,2','1,68','6,41','','2','1','6B','11','2','-','7','112','191,7','118,5','14.545'),(459,'Pratt Whitney','PW4084D','','','-','','','-','','','','','','','2','1','6B','11','2','-','7','112','191,7','118,5','14.545'),(460,'Pratt Whitney','PW4090','777-200ER/-300','90.200','-','','','-','','2712','38,6','1,7','6,3','','2','1','6B','11','2','-','7','112','191,7','118,5','15.584'),(461,'Pratt Whitney','PW4090D','','','-','','','-','','','','','','','2','1','6B','11','2','-','7','112','191,7','118,5','15.584'),(462,'Pratt Whitney','PW4090-3','','','-','','','-','','','','','','','2','1','6B','11','2','-','7','112','191,7','118,5','15.584'),(463,'Pratt Whitney','PW4098','777-300','98.000','-','14.000','','-','0,581','2800','42,8','1,75','5,8','35.000','2','1','7B','11','2','-','7','112','194,7','119,5','16.500'),(464,'Pratt Whitney','PW4152','A310-324/-324ET/-324F','52.200','-','','0,312','-','','1705','27,5','1,7','4,85','','2','1','4B','11','2','-','4','93,6','132,2','97','9.213'),(465,'Pratt Whitney','PW4156','A310-325ET','56.750','-','','0,32','-','','1705','30,2','1,7','4,85','','2','1','4B','11','2','-','4','93,6','132,2','97','9.213'),(466,'Pratt Whitney','PW4156A','A310-325ET','56.750','-','','0,32','-','','1705','30,2','1,7','4,85','','2','1','4B','11','2','-','4','93,6','132,2','97','9.213'),(467,'Pratt Whitney','PW4158','A300B4-622/-622R/-622RF, A300F4-622R','58.000','-','','0,323','-','','1705','30,6','','4,75','','2','1','4B','11','2','-','4','93,6','132,2','97','9.213'),(468,'Pratt Whitney','PW4164','A330-321, A330-221 (option)','64.000','-','','','-','','1934','32','1,75','5,1','','2','1','5B','11','2','-','5','99,8','163,1','106,9','12.400'),(469,'Pratt Whitney','PW4168','A330-222/-322','68.600','-','','','-','','1934','32','1,75','5,1','','2','1','5B','11','2','-','5','99,8','163,1','106,9','12.400'),(470,'Pratt Whitney','PW4168A','A330-223/-323X','68.600','-','','','-','','1934','32','1,75','5,1','','2','1','5B','11','2','-','5','99,8','163,1','106,9','12.400'),(471,'Pratt Whitney','PW4460','MD-11/-11F/-11F(AF)','60.000','-','','0,33','-','','1705','31,5','','4,85','','2','1','4B','11','2','-','4','93,6','132,2','97','9.213'),(472,'Pratt Whitney','PW4462','MD-11/-11F/-11F(CF)','63.300','-','','','-','','','32,3','1,8','4,85','','2','1','4B','11','2','-','4','93,6','132,2','97','9.213'),(473,'Pratt Whitney','PW6122','A318-121, Il-214 (candidate engine), A316/A317 (A31X) (not produced)','22.000','-','','0,36','-','','','27,2','','','','2','1','4B','5','1','-','3','56,5','92','60','4.115'),(474,'Pratt Whitney','PW6162','A318-122','24.000','-','','0,37','-','','','29,6','','4,9','','2','1','4B','5','1','-','3','56,5','92','60','4.115'),(475,'Pratt Whitney','PW8160','A340-521, A340-621 (proposed)','65.000','-','','','-','','','','','','','2','1G','3B','5','1','-','3','','','',''),(476,'Pratt Whitney Canada','JT15D-1','Citation, SN.600 prototype','2.200','-','','0,54','-','','75','','','3,3','','2','1','-','1C','1','-','2','27,3','59,3','27,2','514'),(477,'Pratt Whitney Canada','JT15D-1A','Citation I/ISP','2.200','-','','0,54','-','','75','','','3,3','','2','1','-','1C','1','-','2','27,3','59,3','27,2','519'),(478,'Pratt Whitney Canada','JT15D-1B','Citation I/ISP','2.200','-','','0,54','-','','75','10','1,5','3,3','','2','1','-','1C','1','-','2','27,3','59,3','27,2','519'),(479,'Pratt Whitney Canada','JT15D-4','Citation II/IISP, SN.601 Corvette, Diamond I','2.500','-','','0,562','-','','','','','2,6','','2','1','1B','1C','1','-','2','20,8','63','27','557'),(480,'Pratt Whitney Canada','JT15D-4B','Citation S/II','2.500','-','','0,562','-','','','','','2,6','','2','1','1B','1C','1','-','2','20,8','63','27','568'),(481,'Pratt Whitney Canada','JT15D-4C','S211','2.500','-','','0,562','-','','','','','2,6','','2','1','1B','1C','1','-','2','20,8','63','27','575'),(482,'Pratt Whitney Canada','JT15D-4D','Diamond IA','2.500','-','','0,562','-','','','','','2,6','','2','1','1B','1C','1','-','2','20,8','63','27','560'),(483,'Pratt Whitney Canada','JT15D-5','Beechjet 400 (Diamond II), Beechjet 400A/400T','2.900','-','','0,551','-','','93','12,6','','2','','2','1','1B','1C','1','-','2','20,5','63','27','632'),(484,'Pratt Whitney Canada','JT15D-5A','Citation V','2.900','-','','0,551','-','','','','','2','','2','1','1B','1C','1','-','2','20,5','63','27','632'),(485,'Pratt Whitney Canada','JT15D-5B','(see military turbofan specifications)','','','','','','','','','','','','','','','','','','','','','',''),(486,'Pratt Whitney Canada','JT15D-5C','S211A','3.190','-','','0,551','-','','','','','2','','2','1','1B','1C','1','-','2','20,5','63','27','665'),(487,'Pratt Whitney Canada','JT15D-5D','Citation V Ultra, VisionAire Vantage','3.045','-','','0,55','-','','','13,1','','2','','2','1','1B','1C','1','-','2','20,5','63','27','627'),(488,'Pratt Whitney Canada','PW305A','Learjet 60','4.679','-','','0,388','-','','','15,5','1,5','4,3','','2','1','-','4 + 1C','2','-','3','30,7','81,5','36,5','993'),(489,'Pratt Whitney Canada','PW305B','BAe (Hawker) 1000','5.258','-','','0,391','-','','180','15,5','','4,3','','2','1','-','4 + 1C','2','-','3','30,7','81,5','36,5','993'),(490,'Pratt Whitney Canada','PW306A','G200 (Galaxy)','6.040','-','','0,394','-','','','18,3','1,57','4,5','','2','1','-','4 + 1C','2','-','3','31,7','75,6','','1.043'),(491,'Pratt Whitney Canada','PW306B','328JET, Envoy 3','6.050','-','','','-','','','','','4,5','','2','1','-','4 + 1C','2','-','3','31,7','75,6','','1.043'),(492,'Pratt Whitney Canada','PW306C','Citation Sovereign','5.686','-','','','-','','','','','4,5','','2','1','-','4 + 1C','2','-','3','31,7','75,6','','1.043'),(493,'Pratt Whitney Canada','PW307A','Falcon 7X','6.100','-','','','-','','','','','','','2','1','-','4 + 1C','2','-','3','31,7','75,6','',''),(494,'Pratt Whitney Canada','PW308A','Hawker Horizon','6.575','-','','','-','','','','','4,1','','2','1','-','4 + 1C','2','-','3','31,7','75,6','',''),(495,'Pratt Whitney Canada','PW308B','428JET (not produced)','8.089','-','','','-','','','','','4,1','','2','1','-','4 + 1C','2','-','3','31,7','75,6','',''),(496,'Pratt Whitney Canada','PW308C','Falcon 2000EX','7.000','-','','','-','','','','','4,1','','2','1','-','4 + 1C','2','-','3','31,7','75,6','',''),(497,'Pratt Whitney Canada','PW530A','Citation Bravo','2.748','-','','','-','','','13,3','1,62','3,7','','2','1','-','2 + 1C','1','-','2','22,8','60','','616'),(498,'Pratt Whitney Canada','PW535A','Citation Encore','3.621','-','','','-','','','','','2,6','','2','1','1B','2 + 1C','1','-','3','','','',''),(499,'Pratt Whitney Canada','PW545A','Citation Excel','3.784','-','','','-','','','15,7','1,59','4,12','','2','1','1B','2 + 1C','1','-','3','27,2','68','32','815'),(500,'Pratt Whitney Canada','PW610F','Eclipse 500','1.112','-','','','-','','','','','','','','','','','','','','','','',''),(501,'Pratt Whitney Canada','PW615F','Citation Mustang, Eclipse 500, ProJet (candidate engine)','1.350','-','','','-','','','','','','','','','','','','','','','','',''),(502,'Pratt Whitney Canada','PW625F','Technology demonstrator','2.500','-','','','-','','','','','','','','','','','','','','','','',''),(503,'Pratt Whitney Canada','PW645','Citation CJ3 (candidate engine)','','-','','','-','','','','','','','','','','','','','','','','',''),(504,'Pratt Whitney Canada','PW800 (AFTI)','Technology demonstrator','12.500','-','','','-','','','','','7,8','','2','1G','-','4 + 1C','2','-','3','','','',''),(505,'Pratt Whitney Canada','PW800??','Il-214, RRJ (candidate engine)','','-','','','-','','','','','','','2','1G','-','4 + 1C','2','-','3','','','',''),(506,'Progress','AI-22','Tu-324','','-','','','-','','','','','','','','','','','','','','','','',''),(507,'Progress','D-36-1','An-74','14.330','-','3.527','0,36','-','0,65','562','18,7','','6,3','26.250','3','1','6','7','1','1','3','','136,6','54,1','2.445'),(508,'Progress','D-36-1A','An-74','','-','','','-','','','','','6,3','','3','1','6','7','1','1','3','','136,6','54,1','2.445'),(509,'Progress','D-36-2A','An-74, An-74D-200','','-','','','-','','','','','6,3','','3','1','6','7','1','1','3','','136,6','54,1','2.445'),(510,'Progress','D-36-3A','An-74-200, An-74T-100/-200A, An-74TK-100/200, An-74D-200, An-74VIP','','-','','','-','','','','','6,3','','3','1','6','7','1','1','3','','136,6','54,1','2.445'),(511,'Progress','D-36-4A','AN-74T-300, An-74TK-300','14.330','-','','','-','','','','','6,3','','3','1','6','7','1','1','3','','136,6','54,1','2.445'),(512,'Progress','D-36-5A','An-148 (proposed engine)','','-','','','-','','','','','6,3','','3','1','6','7','1','1','3','','136,6','54,1','2.445'),(513,'Progress','D-436-148','An-148','','-','','','-','','','','','','','','','','','','','','','','',''),(514,'Progress','D-436K','(see military turbofan specifications)','','','','','','','','','','','','','','','','','','','','','',''),(515,'Progress','D-436T1','Tu-334-100','16.865','-','','','-','','','25,2','','4,95','','3','1 + 1','6','7','1','1','3','54,1','','','3.197'),(516,'Progress','D-436T1-134','Tu-134M (proposed)','','-','','','-','','','','','','','3','1','6','7','1','1','3','54,1','','',''),(517,'Progress','D-436T2','Tu-334-100D, Tu-354 (Tu-334-200)','18.078','-','','','-','','584','26,2','','4,9','','3','1 + 1','6','7','1','1','3','54,1','','','3.197'),(518,'Progress','D-436TM','Yak-42-200 (Yak-42M) (proposed)','16.865','-','','','-','','','25,2','','4,95','','3','1 + 1','6','7','1','1','3','','','','3.197'),(519,'Progress','D-436TP','Be-200','16.500','-','','','-','','','','','','','','','','','','','','','','',''),(520,'Progress','D-436??','Il-214, RRJ (candidate engine)','','-','','','-','','','','','','','3','1','6','7','1','1','3','','','',''),(521,'Rolls-Royce','Avon RA.7 Mk.117','Comet 2R','7.350','-','','','-','','','','-','-','','1','-','-','??','3','-','-','-','','',''),(522,'Rolls-Royce','Avon RA.25 Mk.502','Comet 2','6.500','-','','','-','','','','-','-','','1','-','-','??','3','-','-','-','','',''),(523,'Rolls-Royce','Avon RA.25 Mk.503','Comet 2','6.500','-','','','-','','','','-','-','','1','-','-','??','3','-','-','-','','',''),(524,'Rolls-Royce','Avon RA.25 Mk.504','Comet 2E','6.500','-','','','-','','','','-','-','','1','-','-','??','3','-','-','-','','',''),(525,'Rolls-Royce','Avon RA.26 Mk.522','Comet 4','10.000','-','','','-','','','','-','-','','1','-','-','??','3','-','-','-','','',''),(526,'Rolls-Royce','Avon RA.29 Mk.522','Caravelle 1','10.500','-','','','-','','','','-','-','','1','-','-','??','3','-','-','-','','',''),(527,'Rolls-Royce','Avon RA.29 Mk.523','Comet 3','10.500','-','','','-','','','','-','-','','1','-','-','??','3','-','-','-','','',''),(528,'Rolls-Royce','Avon RA.29/1 Mk.524','Comet 2E/4','10.250','-','','0,786','-','','170','8,8','-','-','','1','-','-','16','3','-','-','-','126','39','3.343'),(529,'Rolls-Royce','Avon RA.29/1 Mk.525B','Comet 4B/4C','10.250','-','','','-','','','','-','-','','1','-','-','16','3','-','-','-','126','39',''),(530,'Rolls-Royce','Avon RA.29/1 Mk.526','Caravelle 1A','10.250','-','','0,786','-','','170','8,8','-','-','','1','-','-','16','3','-','-','-','126','39','3.343'),(531,'Rolls-Royce','Avon RA.29/3 Mk.527B','Caravelle 3','11.400','-','','0,853','-','','','','-','-','','1','-','-','16','3','-','-','-','126','39','3.347'),(532,'Rolls-Royce','Avon RA.29/6 Mk.531B','Caravelle 6N','12.200','-','','0,802','-','','','','-','-','','1','-','-','17','3','-','-','-','134','39','3.488'),(533,'Rolls-Royce','Avon RA.29/6 Mk.533R','Caravelle 6R','12.600','-','','0,785','-','','','','-','-','','1','','','17','3','-','-','-','134','39',''),(534,'Rolls-Royce','Avon RA.29/6 Mk.535R','Caravelle 6R','12.600','-','','0,785','-','','185','10,3','-','-','','1','-','-','17','3','-','-','-','134','39',''),(535,'Rolls-Royce','Conway RCo.12 Mk.508','707-420/-420F','17.500','-','4.625','0,726','-','0,822','280','14,1','','0,3','36.000','2','7','-','9','1','-','2','','132,4','42','4.544'),(536,'Rolls-Royce','Conway RCo.12 Mk.508A','707-420','18.000','-','4.625','0,735','-','0,822','285','14','','0,3','36.000','2','7','-','9','1','-','2','','132,4','42','4.544'),(537,'Rolls-Royce','Conway RCo.12 Mk.509','DC-8-41/-42/-43/-43F','17.500','-','4.625','','-','0,822','280','14,1','','0,3','36.000','2','7','-','9','1','-','2','','132,4','42','4.544'),(538,'Rolls-Royce','Conway RCo.12 Mk.509A','DC-8-41/-42/-43/-43F','18.000','-','4.625','0,735','-','0,822','285','14','','0,3','36.000','2','7','-','9','1','-','2','','132,4','42','4.544'),(539,'Rolls-Royce','Conway RCo.42 Mk.540','VC.10 Type 1101/1102/1103/1109','20.370','-','5.250','0,656','-','0,84','367','14,8','','0,6','36.000','2','4','3B','9','1','-','2','','154','50','5.001'),(540,'Rolls-Royce','Conway RCo.43D Mk.550B','Super VC.10 Type 1151/1154','21.800','-','5.345','0,59','-','0,819','375','15,8','','0,6','36.000','2','4','4B','9','1','-','2','','154','50','5.101'),(541,'Rolls-Royce','Derwent RB.37 5/17','C-102 Jetliner','3.600','-','','','-','','','','-','-','','1','-','-','','','-','-','-','','',''),(542,'Rolls-Royce','Nene RB.41-1','F26 (not produced)','4.600','-','','1,049','-','','90','4','-','-','','1','-','-','1C','1','-','-','-','','',''),(543,'Rolls-Royce','RB.141-3','HFB 314 (not produced)','','-','','','-','','','','','','','','','','','','','','','','',''),(544,'Rolls-Royce','RB.162-86','Trident 3B (booster)','5.250','-','','1,12','-','','86','4,3','-','-','','1','-','-','6','1','-','-','-','97.7**','','520'),(545,'Rolls-Royce','RB.178','','28.500','-','','','-','','','','','','','','','','','','','','','','',''),(546,'Rolls-Royce','RB.178-51','747-100 (proposed)','','-','','','-','','','','','8','','','','','','','','','','','',''),(547,'Rolls-Royce','RB.202','Do 231C (lift engines, not produced)','13.100','-','','','-','','','','','','','','','','','','','','','','',''),(548,'Rolls-Royce','RB.207','A300, L1011-1-1 (candidate engine)','47.500','-','','0,54','-','','1660','27','2','5','','3','1','7','6','1','1','3','','','',''),(549,'Rolls-Royce','RB.211-22-02','L1011-1','40.600','-','','','-','','1325','27','1,42','4,8','','3','1','7','6','1','1','3','','128,7','','7.189'),(550,'Rolls-Royce','RB.211-22B-02','L1011-1/-1F/-50/-100/-150, L1011-400 (not produced)','42.000','-','9.495','0,373','-','0,628','1380','24,5','1,42','4,8','35.000','3','1','7','6','1','1','3','84,8','119.4**','','9.195'),(551,'Rolls-Royce','RB.211-22C-02','L1011-1/-50/-100/-150 (option)','42.000','-','','','-','','','','','','','3','1','7','6','1','1','3','','','',''),(552,'Rolls-Royce','RB.211-22CA-02','L1011-1/-50/-100/-150 (option)','','-','','','-','','','','','','','3','1','7','6','1','1','3','','','',''),(553,'Rolls-Royce','RB.211-23','L1011-1/-50/-100/-150 (option)','38.380','-','','','-','','','','','','','3','1','7','6','1','1','3','','','',''),(554,'Rolls-Royce','RB.211-24','(see RB.211-524), L1011-2 (not produced)','50.000','-','','','-','','','','','','','3','1','7','6','1','1','4','','','',''),(555,'Rolls-Royce','RB.211-40','BAC 311 (not produced)','43.040','-','','','-','','','','','','','3','1','7','6','1','1','3','','','',''),(556,'Rolls-Royce','RB.211-52','','','-','','','-','','','','','','','3','1','7','6','1','1','4','','','',''),(557,'Rolls-Royce','RB.211-53','','','-','','','-','','','','','','','3','1','7','6','1','1','4','','','',''),(558,'Rolls-Royce','RB.211-56','L1011-3, L1011-8.4 (not produced)','52.200','-','','','-','','1370','26','1,59','5,04','','3','1','7','6','1','1','4','','','',''),(559,'Rolls-Royce','RB.211-61','BAC 311 (not produced)','50.000','-','','','-','','','','','','','3','1','7','6','1','1','3','','','',''),(560,'Rolls-Royce','RB.211-524','L1011-100/-200, 747-SP (option), L-1011-300 (not produced)','48.000','-','','','-','','','','','','','3','1','7','6','1','1','3','','','',''),(561,'Rolls-Royce','RB.211-524B-02','747-SP, L1011-200/-200F/-500/-500F, 747-100 (option), L-1011-600 (not produced)','50.000','-','','','-','','1513','28,4','','4,5','','3','1','7','6','1','1','3','84,8','119.4**','','9.814'),(562,'Rolls-Royce','RB.211-524BD-02','L1011-200/-200F/-500, 747-100 (option)','50.000','-','','','-','','1513','28,4','','4,5','','3','1','7','6','1','1','3','84,8','119.4**','','9.814'),(563,'Rolls-Royce','RB.211-524B2-02','L1011-200/-200F/-500, 747-SP/-100 (option)','50.000','-','','','-','','1513','28,4','','4,5','','3','1','7','6','1','1','3','84,8','119.4**','','9.814'),(564,'Rolls-Royce','RB.211-524B3-02','','','-','','','-','','','','','','','3','1','7','6','1','1','3','','','',''),(565,'Rolls-Royce','RB.211-524B4-02','L1011-200/-200F/-250/-500','50.000','-','11.000','','-','0,606','1500','29','','4,4','35.000','3','1','7','6','1','1','3','85,8','122.3**','','9.814'),(566,'Rolls-Royce','RB.211-524B4D-02','L1011-200/-500','50.000','-','','','-','','1512','28,6','','4,4','','3','1','7','6','1','1','3','85,8','122.3**','','9.814'),(567,'Rolls-Royce','RB.211-524C','747-SP/-100B/-200B/-300','51.500','-','11.490','','-','0,642','1532','28,6','','4,5','35.000','3','1','7','6','1','1','3','84,8','119.4**','','9.859'),(568,'Rolls-Royce','RB.211-524C2','747-SP/-100B/-200B/-300','51.500','-','11.490','','-','0,642','1532','28,6','','4,5','35.000','3','1','7','6','1','1','3','84,8','119.4**','','9.859'),(569,'Rolls-Royce','RB.211-524C4','747-200B, 747-100B/-300 (option)','','-','','','-','','','','','4,5','','3','1','7','6','1','1','3','84,8','119.4**','','9.859'),(570,'Rolls-Royce','RB.211-524D4','747-SP/-200B/-200B(M)/-200B(SF)/-200F/-300, L1011-500H&H (not produced)','53.000','-','11.230','','-','0,617','1548','29,3','','4,4','35.000','3','1','7','6','1','1','3','85,8','122.3**','','9.874'),(571,'Rolls-Royce','RB.211-524D4B','747-200/-200F/-300 (option)','53.000','-','11.230','','-','0,601','1548','29,6','','4,4','35.000','3','1','7','6','1','1','3','85,8','122.3**','','9.874'),(572,'Rolls-Royce','RB.211-524G','747-400/-400F, 767-300ER (option)','58.000','-','11.813','','-','0,57','1604','32,9','','4,3','35.000','3','1','7','6','1','1','3','86,3','125.0**','','9.671'),(573,'Rolls-Royce','RB.211-524G2','747-400/-400F (option)','','-','','','-','','','','','4,1','','3','1','7','6','1','1','3','86,3','125.0**','','9.671'),(574,'Rolls-Royce','RB.211-524G3','767-300ER/-300FER (option)','','-','','','-','','','','','4,1','','3','1','7','6','1','1','3','86,3','125.0**','','9.671'),(575,'Rolls-Royce','RB.211-524G-T','747-400/-400F, 767-300ER (option)','58.000','-','11.813','','-','0,57','1604','32,9','','4,3','35.000','3','1','7','6','1','1','3','86,3','125.0**','','9.470'),(576,'Rolls-Royce','RB.211-524G2-T','747-400ER (option)','','-','','','-','','','','','4,1','','3','1','7','6','1','1','3','86,3','125.0**','','9.470'),(577,'Rolls-Royce','RB.211-524G3-T','','','-','','','-','','','','','4,1','','3','1','7','6','1','1','3','86,3','125.0**','','9.470'),(578,'Rolls-Royce','RB.211-524G4-T','767-300ER/-300FER (option)','56.400','-','','','-','','','','','4,1','','3','1','7','6','1','1','3','86,3','125.0**','','9.671'),(579,'Rolls-Royce','RB.211-524G/H','','','-','11.813','','-','0,57','','','','4,3','35.000','3','1','7','6','1','1','3','86,3','125.0**','','9.671'),(580,'Rolls-Royce','RB.211-524G/H-T','','','-','11.813','','-','0,57','','','','4,3','35.000','3','1','7','6','1','1','3','86,3','125.0**','','9.671'),(581,'Rolls-Royce','RB.211-524H','747-400, 767-300ER, 767-300F/-300FER/-400F (option)','60.600','-','11.813','','-','0,57','1604','34,5','','4,1','35.000','3','1','7','6','1','1','3','86,3','125.0**','','9.671'),(582,'Rolls-Royce','RB.211-524H2','747-400/-400F','','-','','','-','','','','','4,1','','3','1','7','6','1','1','3','86,3','125.0**','','9.671'),(583,'Rolls-Royce','RB.211-524H3','767-300ER, 767-300FER (option)','','-','','','-','','','','','4,1','','3','1','7','6','1','1','3','86,3','125.0**','','9.671'),(584,'Rolls-Royce','RB.211-524H4','An-218-200/-300 (proposed)','','-','','','-','','','','','4,1','','3','1','7','6','1','1','3','86,3','125.0**','','9.671'),(585,'Rolls-Royce','RB.211-524H-T','747-400/-400F, 767-300ER, An-124-210 (option)','60.600','-','11.813','','-','0,57','1604','34,5','','4,1','35.000','3','1','7','6','1','1','3','86,3','125.0**','','9.470'),(586,'Rolls-Royce','RB.211-524H2-T','747-400ER (option)','59.500','-','','','-','','','','','4,1','','3','1','7','6','1','1','3','86,3','125.0**','','9.470'),(587,'Rolls-Royce','RB.211-535C-37','757-200/-200(SF)/-200F','37.400','-','8.453','','-','0,646','1142','21,1','','4,4','35.000','3','1','6','6','1','1','3','73,2','118,5','','7.294'),(588,'Rolls-Royce','RB.211-535E4-37','757-200/-200ER/-200ET/-200F, Tu-204-120/-120C/-220/-220C/-222, Tu-224','40.100','-','8.700','0,324','-','0,598','1151','25,8','','4,3','35.000','3','1','6','6','1','1','3','74,1','117,9','','7.264'),(589,'Rolls-Royce','RB.211-535E4B-37','757-200/-200ET/-300, 757-200ER/-200F (option), Tu-214, Tu-330 (Tu-204-330) (proposed)','43.100','-','','','-','','1151','25,8','','4,3','','3','1','6','6','1','1','3','74,1','117,9','','7.264'),(590,'Rolls-Royce','RB.211-535E4C-37','757-300','','-','','','-','','','','','4,3','','3','1','6','6','1','1','3','74,1','117,9','','7.264'),(591,'Rolls-Royce','RB.211-535F5-37','Tu-204-220/-222','43.100','-','','','-','','','','','','','3','1','6','6','1','1','3','','','',''),(592,'Rolls-Royce','RB.220','Do 231C (not produced)','24.000','-','','','-','','','','','','','','','','','','','','','','',''),(593,'Rolls-Royce','RB.432','F29 (not produced)','16.000','-','','','-','','','','','','','','','','','','','','','','',''),(594,'Rolls-Royce','Spey RSp.1 Mk.505-5','Trident 1/1C','12.550','-','3.070','','-','0,763','203','','2,7','0,71','32.000','2','4','-','12','2','-','2','','110.0**','37','2.200'),(595,'Rolls-Royce','Spey RSp.3 Mk.506-2','','10.410','-','3.070','','-','0,764','','','2,7','0,71','32.000','2','4','-','12','2','-','2','','110.0**','37',''),(596,'Rolls-Royce','Spey RSp.3 Mk.506-14','BAC 111-200','10.410','-','3.070','','-','0,764','','','2,7','0,71','32.000','2','4','-','12','2','-','2','','110.0**','37','2.257'),(597,'Rolls-Royce','Spey RSp.3 Mk.506-14A','','10.410','-','3.070','','-','0,764','','','2,7','0,71','32.000','2','4','-','12','2','-','2','','110.0**','37','2.257'),(598,'Rolls-Royce','Spey RSp.3W Mk.506-14AW','BAC 111-200','10.410','-','3.070','','-','0,764','','','2,7','0,71','32.000','2','4','-','12','2','-','2','','110.0**','37','2.288'),(599,'Rolls-Royce','Spey RSp.3 Mk.506-14D','','10.410','-','3.070','','-','0,764','','','2,7','0,71','32.000','2','4','-','12','2','-','2','','110.0**','37','2.257'),(600,'Rolls-Royce','Spey RSp.4 Mk.510-5','Trident 1D','11.000','-','3.070','','-','0,77','','','2,7','0,71','32.000','2','5','-','12','2','-','2','32,5','109,6','37,1','2.312'),(601,'Rolls-Royce','Spey RSp.4 Mk.510-14','BAC 111-300/-400','11.000','-','3.070','0,6','-','0,77','206','18,4','2,7','0,71','32.000','2','5','-','12','2','-','2','32,5','109,6','37,1','2.332'),(602,'Rolls-Royce','Spey RSp.4 Mk.510-14W','BAC 111-300/-400','11.000','-','3.070','0,6','-','0,77','206','18,4','2,7','0,71','32.000','2','5','-','12','2','-','2','32,5','109,6','37,1','2.621'),(603,'Rolls-Royce','Spey RSp.4 Mk.511-5','Trident 1E/2','11.400','-','3.070','0,6','-','0,77','206','18,4','2,7','0,71','32.000','2','5','-','12','2','-','2','32,5','109,6','37,1','2.312'),(604,'Rolls-Royce','Spey RSp.4 Mk.511-5W','Trident 1E/2','11.400','-','3.070','0,6','-','0,77','206','18,4','2,7','0,71','32.000','2','5','-','12','2','-','2','32,5','109,6','37,1','2.317'),(605,'Rolls-Royce','Spey RSp.4 Mk.511-8','Gulfstream II/II-B/III','11.400','-','3.070','0,6','-','0,77','197','18,4','2,7','0,64','32.000','2','5','-','12','2','-','2','32,5','109,6','37,1','2.483'),(606,'Rolls-Royce','Spey RSp.4 Mk.511-14','BAC 111-300/-400','11.400','-','3.070','0,6','-','0,77','206','18,4','2,7','0,71','32.000','2','5','-','12','2','-','2','32,5','109,6','37,1','2.483'),(607,'Rolls-Royce','Spey RSp.4 Mk.511-14W','BAC 111-300/-400','11.400','-','3.070','0,6','-','0,77','206','18,4','2,7','0,71','32.000','2','5','-','12','2','-','2','32,5','109,6','37,1','2.621'),(608,'Rolls-Royce','Spey RSp.4 Mk.512-5W','Trident 2E/3B','12.000','-','3.070','0,6','-','','206','20,7','2,6','0,71','32.000','2','5','-','12','2','-','2','32,5','109,6','37,1','2.609'),(609,'Rolls-Royce','Spey RSp.4 Mk.512-14','BAC 111-475/-500, ROMBAC 111-560','12.550','-','3.070','0,6','-','','206','20,7','2,6','0,71','32.000','2','5','-','12','2','-','2','32,5','109,6','37,1','2.609'),(610,'Rolls-Royce','Spey RSp.4 Mk.512-14DW','BAC 111-475/-500, ROMBAC 111-560','12.550','-','3.070','0,6','-','','206','20,7','2,6','0,71','32.000','2','5','-','12','2','-','2','32,5','109,6','37,1','2.609'),(611,'Rolls-Royce','Spey RSp.4 Mk.512-14DWE','','12.550','-','3.070','','-','','','','2,6','0,71','32.000','2','5','-','12','2','-','2','32,5','109,6','37,1','2.609'),(612,'Rolls-Royce','Spey RSp.4 Mk.512-25','BAC 111-475/-500, ROMBAC 111-560','12.550','-','3.070','0,6','-','','206','20,7','2,6','0,71','32.000','2','5','-','12','2','-','2','32,5','109,6','37,1','2.609'),(613,'Rolls-Royce','Spey Jr. RB.183-2 Mk.555-15','F28 Mk.1000/Mk.1000C/Mk.2000','9.850','-','','0,75','-','','199','15,4','2,46','1','','2','4','-','12','2','-','2','32,5','97','','2.257'),(614,'Rolls-Royce','Spey Jr. RB.183-2 Mk.555-15H','F28 Mk.6000, F28 Mk.5000/Mk.6600 (not produced)','','-','','','-','','199','15,4','2,46','1','','2','4','-','12','2','-','2','32,5','97','','2.257'),(615,'Rolls-Royce','Spey Jr. RB.183-2 Mk.555-15N','','','-','','','-','','','','','','','2','4','-','12','2','-','2','32,5','97','','2.257'),(616,'Rolls-Royce','Spey Jr. RB.183-2 Mk.555-15P','F28 Mk.3000/Mk.4000','9.900','-','','','-','','199','15,4','2,46','1','','2','4','-','12','2','-','2','32,5','97','','2.257'),(617,'Rolls-Royce','Tay RB.183-3 Mk.611-8','G300, G400 (Gulfstream IV/IV-SP)','13.850','-','','0,43','-','0,71','410','15,8','','3,04','43.000','2','1','3B','12','2','-','3','44','94,7','','2.951'),(618,'Rolls-Royce','Tay RB.183-3 Mk.611-8C','G350, G400','13.850','-','','0,43','-','0,71','410','15,8','','3,04','43.000','2','1','3B','12','2','-','3','44','94,7','','2.951'),(619,'Rolls-Royce','Tay RB.183-3 Mk.620-15','Fokker 70','13.850','-','','','-','0,69','410','15,8','','3,04','30.000','2','1','3B','12','2','-','3','44','94,7','','3.185'),(620,'Rolls-Royce','Tay RB.183-3 Mk.650-14','BAC 111-475/-500/-560','15.100','-','','','-','0,69','418','16,2','','3,06','30.000','2','1','3B','12','2','-','3','44,8','94,8','','3.340'),(621,'Rolls-Royce','Tay RB.183-3 Mk.650-15','Fokker 100','15.100','-','','','-','0,69','418','16,2','','3,06','30.000','2','1','3B','12','2','-','3','44,8','94,8','','3.340'),(622,'Rolls-Royce','Tay RB.183-3 Mk.651-54','727-100(QF)/-100C(QF)','15.400','-','','0,45','-','0,69','426','16,6','','3,07','35.000','2','1','3B','12','2','-','3','44,8','94,7','','3.380'),(623,'Rolls-Royce','Tay RB.183-3 Mk.670','727-200RE, DC-9RE, 737-100RE/-200RE, MD-95 (proposed for re-engining)','18.000','-','','','-','','511','19','','3,2','','2','1','3B','12','2','-','3','50','112','','3.750'),(624,'Rolls-Royce','Trent 553-61','A340-541, A340-641?? (option)','53.000','-','','','-','','1847','35,1','','7,7','','3','1','8','6','1','1','5','97,4','154','','10.400'),(625,'Rolls-Royce','Trent 556-61','A340-642','56.000','-','','','-','','1892','36,7','','7,6','','3','1','8','6','1','1','5','97,4','154','','10.400'),(626,'Rolls-Royce','Trent 556B-61','','','-','','','-','','','','','','','3','1','8','6','1','1','5','97,4','154','','10.400'),(627,'Rolls-Royce','Trent 560-61','','','-','','','-','','','','','','','3','1','8','6','1','1','5','97,4','154','','10.400'),(628,'Rolls-Royce','Trent 600','MD-11 (option)','68.000','-','','','-','','2032','','','4,3','','3','1','8','6','1','1','4','97,4','154','102','10.400'),(629,'Rolls-Royce','Trent 672','767-400ERX','72.000','-','','','-','','','43,2','','','','3','1','8','6','1','1','4','97,4','154','102','11.400'),(630,'Rolls-Royce','Trent 6??','747-XQLR (candidate engine), 747-500X/-600X (not produced)','','-','','','-','','','','','','','3','1','8','6','1','1','4','97,4','154','102','11.400'),(631,'Rolls-Royce','Trent 758','A330-141','58.000','-','','','-','','','','','','','3','1','8','6','1','1','4','97,4','154','',''),(632,'Rolls-Royce','Trent 764','MD-12 (not built)','64.000','-','','','-','','','','','','','3','1','8','6','1','1','4','97,4','154','',''),(633,'Rolls-Royce','Trent 768-60','A330-341, A330-241 (option)','67.500','-','','','-','','1932','35,2','','4,97','','3','1','8','6','1','1','4','97,4','154','','10.550'),(634,'Rolls-Royce','Trent 772-60','A330-242/-342','71.100','-','11.500','','-','0,565','1978','36,8','','4,89','35.000','3','1','8','6','1','1','4','97,4','154','','10.550'),(635,'Rolls-Royce','Trent 772B-60','A330-243/-343X','72.000','-','','','-','','1978','36,8','','4,89','','3','1','8','6','1','1','4','97,4','154','','10.467'),(636,'Rolls-Royce','Trent 775-60','A330-244, A330-344 (option)','75.150','-','','','-','','2024','39','','4,77','','3','1','8','6','1','1','4','97,4','154','',''),(637,'Rolls-Royce','Trent 871-17','777-200','71.000','-','','','-','','','','','','','3','1','8','6','1','1','5','110','172','','13.100'),(638,'Rolls-Royce','Trent 875-17','777-200','77.900','-','','','-','','2482','35,9','','6,21','','3','1','8','6','1','1','5','110','172','','13.100'),(639,'Rolls-Royce','Trent 877-17','777-200','80.720','-','','','-','','2578','37','','6,15','','3','1','8','6','1','1','5','110','172','','13.100'),(640,'Rolls-Royce','Trent 882-17','777-200 (option)','84.700','-','','','-','','','38,8','','','','3','1','8','6','1','1','5','110','172','','13.100'),(641,'Rolls-Royce','Trent 884-17','777-200/-200ER','86.910','-','','','-','','2661','39,8','','5,95','','3','1','8','6','1','1','5','110','172','','13.100'),(642,'Rolls-Royce','Trent 884B-17','','','-','','','-','','','','','','','3','1','8','6','1','1','5','110','172','','13.100'),(643,'Rolls-Royce','Trent 890-17','777-200ER/-300, Tu-304 (proposed)','91.300','-','13.000','','-','0,557','2720','42,7','','5,74','35.000','3','1','8','6','1','1','5','110','172','','13.100'),(644,'Rolls-Royce','Trent 892-17','777-200ER/-300/-300ER','91.450','-','','','-','','2645','40,8','','5,79','','3','1','8','6','1','1','5','110','172','','13.133'),(645,'Rolls-Royce','Trent 892B-17','','','-','','','-','','','','','','','3','1','8','6','1','1','5','110','172','','13.133'),(646,'Rolls-Royce','Trent 895-17','777-200ER, 777-300/-300ER (option)','95.000','-','','','-','','2664','41,6','1,81','5,79','','3','1','8','6','1','1','5','110','172','','13.186'),(647,'Rolls-Royce','Trent 895C-17','777-200ER, 777-300/-300ER (option)','95.000','-','','','-','','2664','41,6','1,81','5,79','','3','1','8','6','1','1','5','110','172','','13.186'),(648,'Rolls-Royce','Trent 8104','Technology demonstrator','104.000','-','','','-','','','45','','','','3','1','8','6','1','1','5','110','172','','14.400'),(649,'Rolls-Royce','Trent 970-84','A380-841','75.150','-','','','-','','','','','','','3','1','8','6','1','1','5','110','208.8**','155,2','13.825'),(650,'Rolls-Royce','Trent 970B-84','A380-841','78.300','-','','','-','','','','','','','3','1','8','6','1','1','5','110','208.8**','155,2','13.825'),(651,'Rolls-Royce','Trent 975','747-500X/-600X (not produced)','75.000','-','','','-','','2481','35,8','','7,8','','3','1','8','6','1','1','5','110','208.8**','155,2','13.825'),(652,'Rolls-Royce','Trent 977-84','A380-843F','80.780','-','','','-','','','','','','','3','1','8','6','1','1','5','110','208.8**','155,2','13.825'),(653,'Rolls-Royce','Trent 977B-84','A380-843F','83.835','-','','','-','','','','','','','3','1','8','6','1','1','5','110','208.8**','155,2','13.825'),(654,'Rolls-Royce','Trent 980-84','A380-84?/-84?F (proposed future engine choice)','84.100','-','','','-','','','','','','','3','1','8','6','1','1','5','110','208.8**','155,2','13.825'),(655,'Rolls-Royce','Trent 1000','787-3/-8/-9, A350-800/-900 (expected)','53.000','-','','','-','','2750','','','11','','3','1','8','6','1','1','6','112','152','',''),(656,'Rolls-Royce','Viper Mk.600','','3.750','-','','0,95','-','','58','5,8','-','-','','1','-','-','8','2','-','-','-','','',''),(657,'Rolls-Royce','Viper Mk.601-22','HS 125-600B','3.750','-','','0,95','-','','','','-','-','','1','-','-','8','2','-','-','-','','','830'),(658,'BMW/Rolls-Royce (Rolls-Royce Deutschland)','BR710A1-10','G500 (Gulfstream V), G550 (Gulfstream V-SP)','14.750','-','','0,39','-','','435','25,7','','4,2','','2','1','-','10','2','-','2','48','87','52,9','3.520'),(659,'BMW/Rolls-Royce (Rolls-Royce Deutschland)','BR710A2-20','Global Express, Global Express XRS, Global 5000','14.750','-','','0,39','-','','435','25,7','','4,2','','2','1','-','10','2','-','2','48','87','52,9','3.520'),(660,'BMW/Rolls-Royce (Rolls-Royce Deutschland)','BR710C4-11','G500 (Gulfstream V), G550 (Gulfstream V-SP)','14.750','-','','0,39','-','','435','25,7','','4,2','','2','1','-','10','2','-','2','48','87','52,9','3.520'),(661,'BMW/Rolls-Royce (Rolls-Royce Deutschland)','BR710-48','Tu-334-120','16.000','-','','','-','','','','','','','2','1','-','10','2','-','2','48','','',''),(662,'BMW/Rolls-Royce (Rolls-Royce Deutschland)','BR710-??','ARJ 21','','-','','','-','','','','','','','2','1','-','10','2','-','2','','','',''),(663,'BMW/Rolls-Royce (Rolls-Royce Deutschland)','BR710-??','SL-200/-300 (not produced)','','-','','','-','','','','','','','2','1','-','10','2','-','2','','','',''),(664,'BMW/Rolls-Royce (Rolls-Royce Deutschland)','BR715A1-30','717-200','18.500','-','','0,37','-','','614','32,1','','4,7','','2','1','2B','10','2','-','3','56','93','60,2','4.597'),(665,'BMW/Rolls-Royce (Rolls-Royce Deutschland)','BR715B1-30','717-200 (option)','20.000','-','','','-','','','','','','','2','1','2B','10','2','-','3','56','','',''),(666,'BMW/Rolls-Royce (Rolls-Royce Deutschland)','BR715C1-30','717-200 HGW','21.000','-','','','-','','689','32,6','','5','','2','1','2B','10','2','-','3','56','93','60,2','4.597'),(667,'BMW/Rolls-Royce (Rolls-Royce Deutschland)','BR715-55','Tu-354 (Tu-334-200) (proposed)','20.000','-','','','-','','','','','','','2','1','2B','10','2','-','3','56','','',''),(668,'BMW/Rolls-Royce (Rolls-Royce Deutschland)','BR715-??','Il-214, RRJ, N-2130-100/-200 (candidate engine), A316/A317 (A31X) (not produced)','','-','','','-','','','','','','','2','1','2B','10','2','-','3','56','','',''),(669,'BMW/Rolls-Royce (Rolls-Royce Deutschland)','BR720','','','-','','','-','','','','','','','2','1','3B','10','2','-','4','','','',''),(670,'Rolls-Royce/Snecma','M45F','Technology demonstrator','','-','','','-','','','','','','','2','1','5B','7','1','-','3','','','',''),(671,'Rolls-Royce/Snecma','M45H-C','','8.800','-','','','-','','','','','','','2','1','5B','7','1','-','3','','','',''),(672,'Rolls-Royce/Snecma','M45H-D Mk.501','VFW 614 (not produced)','7.760','-','2.745','0,451','-','0,725','233','18,8','1,6','2,85','20.000','2','1','5B','7','1','-','3','41,7','116,5','','1.483'),(673,'Rolls-Royce/Snecma','M45H-E1','','9.250','-','','','-','','','','','','','2','1','6B','7','1','-','3','','','',''),(674,'Rolls-Royce/Snecma','M45H-E2','','9.600','-','','','-','','','','','','','2','2','6B','7','1','-','3','','','',''),(675,'Rolls-Royce/Snecma','Olympus 593 Mk.601','Concorde','32.600','-','','0,7','-','','410','15,5','','','','2','-','7','7','1','-','1','','138.2**','47,9','5.814'),(676,'Rolls-Royce/Snecma','Olympus 593 Mk.610','Concorde','38.150','-','','','-','','','','','','','2','-','7','7','1','-','1','','138.2**','47,9','5.814'),(677,'Rolls-Royce/Snecma','Olympus 593 Mk.611','Concorde','38.400','-','','0,7','-','','450','','','','','2','-','7','7','1','-','1','','138.2**','47,9','5.814'),(678,'Rolls-Royce/Snecma','Olympus 593 Mk.621','Concorde','38.400','-','','0,7','-','','450','','','','','2','-','7','7','1','-','1','','138.2**','47,9','5.814'),(679,'PowerJet','SaM146','RRJ, Il-214 (candidate engine)','15.000','','','','','','','','','','','','','','','','','','','','',''),(680,'Snecma/PWC','SPW14','(cancelled)','14.000','-','','','-','','','','','','','2','1G','-','4 + 1C','2','-','3','','','',''),(681,'Solovyev','D-20','','11.905','-','','','-','','','','','','','2','3','-','8','1','-','2','','','',''),(682,'Solovyev','D-20P','Tu-124K/K2/V','11.905','-','','0,62','-','','249','13,6','2,6','1','','2','3','-','8','1','-','2','','130','38,3','3.236'),(683,'Solovyev','D-30-1','Tu-134/-134K/-134LK','14.990','-','','0,6','-','','280','18,6','2,65','1','','2','4','-','10','2','-','2','','156,8','41,3','3.417'),(684,'Solovyev','D-30-2','Tu-134A/AK/AN/B/B-1','14.990','-','','','-','','','','2,65','1','','2','4','-','10','2','-','2','','','',''),(685,'Solovyev','D-30-3','Tu-134A-3/B-3/BW','14.990','-','','0,608','-','','280','17,7','2,65','1','','2','5','-','10','2','-','2','','156,8','41,3','3.417'),(686,'Solovyev','D-30KP','Il-76T','26.460','-','','0,481','-','','640','18,4','','2,42','','2','3','-','11','2','-','4','','','',''),(687,'Solovyev','D-30KP-2','Il-76TD/MDP/LL','26.460','-','','','-','','','','','2,42','','2','3','-','11','2','-','4','','','',''),(688,'Solovyev','D-30KPV','A-40','26.460','-','','','-','','','','','','','2','3','-','11','2','-','4','','','',''),(689,'Solovyev (Perm Aviadvigatel)','D-30KU','Il-62M (Il-62-200)','24.250','-','','0,495','-','','593','17,4','','2,35','','2','3','-','11','2','-','2','','224','61,4','5.882'),(690,'Solovyev (Perm Aviadvigatel)','D-30KU-2','Il-62M (Il-62-200)','23.850','-','','','-','','593','','','2,35','','2','3','-','11','2','-','2','','','',''),(691,'Solovyev (Perm Aviadvigatel)','D-30KU-90','','26.455','-','','','-','','','','','2,44','','2','3','-','11','2','-','2','','224,4','61,4','5.291'),(692,'Solovyev (Perm Aviadvigatel)','D-30KU-154-2','Tu-154M','','-','','','-','','','','','','','2','3','-','11','2','-','2','','','',''),(693,'Solovyev (Perm Aviadvigatel)','D-30U-154','Tu-154M','14.990','-','','0,6','-','','280','18,6','2,65','1','','2','4','-','10','2','-','2','','156,8','41,3','3.417'),(694,'Solovyev','PS-7','','17.000','-','3.417','','-','0,62','','','','','36.000','','','','','','','','47,6','','','2.976'),(695,'Solovyev','PS-9','Il-214-100, Il-214T (candidate engine)','22.000','-','4.630','','-','0,59','','','','','36.000','','','','','','','','56,5','','','3.858'),(696,'Solovyev','PS-12','MS-21-100/-200/-300, MS-21K, MS-12KP (candidate engine)','29.762','-','5.665','','','0,549','1193','40,2','','8,39','36.000','','','','','','','','73,6','','','5.400'),(697,'Solovyev','PS-12M','','32.740','-','6.062','','-','0,553','','','','','36.000','','','','','','','','73,6','','','5.400'),(698,'Solovyev (Perm Aviadvigatel)','PS-90A','Il-96-300, Tu-204-100/-100C/-200/-200C, Tu-214, Tu-330 (Tu-204-330), Tu-134D (proposed), Tu-154M2 (not produced)','35.250','-','','','-','','','','','4,8','','2','1','2B','13','2','-','4','','','',''),(699,'Solovyev (Perm Aviadvigatel)','PS-90A-154','Tu-154M-2 (proposed)','','-','','','-','','','','','','','2','1','2B','13','2','-','4','','','',''),(700,'Solovyev (Perm Aviadvigatel)','PS-90A2','Il-96-300, Il-76TF, Tu-204-500/-600 (proposed)','','-','','','-','','','','','','','2','1','2B','13','2','-','4','','','',''),(701,'Solovyev (Perm Aviadvigatel)','PS-90A10','','20.283','-','','','-','','582','23,1','','3,76','','2','1','-','12','2','-','2','55,1','168,5','','4.180'),(702,'Solovyev (Perm Aviadvigatel)','PS-90A12','Yak-242','26.455','-','','','-','','816','25,3','','5,05','','2','1','-','13','2','-','3','65,8','188,2','','5.071'),(703,'Solovyev (Perm Aviadvigatel)','PS-90AN-76','Il-76TF','35.275','-','','','-','','1036','35,5','','4,6','','2','1','2B','13','2','-','4','74,8','195,4','','6.503'),(704,'Solovyev (Perm Aviadvigatel)','PS-90AP','Tu-234','','-','','','-','','','','','','','2','1','-','??','??','-','??','','','',''),(705,'Solovyev (Perm Aviadvigatel)','PS-90A-??','Il-214, RRJ (candidate engine)','','-','','','-','','','','','','','2','1','2B','13','2','-','4','','','',''),(706,'Soyuz','R123-300','','3.100','-','','','-','','','','','6','','2','1','-','2 + 1C','1','-','1','','','',''),(707,'Soyuz','R126-300','Tu-324','8.818','-','','','-','','','','','','','2','1','-','5 + 1C','2','-','3','','','',''),(708,'Soyuz','R127-300','','1.985','-','','','-','','68','','','','','2','1','-','2C','2','-','2','','','',''),(709,'Turbomeca','Astafan 2','','1.685','-','','0,38','-','','','8,5','','1','','1','1','-','2 + 1C','3','-','-','','','',''),(710,'Turbomeca','Astafan 3','','1.900','-','','','-','','','','','','','1','1','-','2 + 1C','3','-','-','','','',''),(711,'Turbomeca','Astafan 4','','2.414','-','','','-','','','','','','','1','1','-','2 + 1C','4','-','-','','','',''),(712,'Turbomeca','Aubisque 1A','Saab 105','1.635','-','','0,6','-','','48','6,9','1,5','2','','1','1G','-','1 + 1C','2','-','-','','','',''),(713,'Turbomeca','Bastafan','','1.765','-','','','-','','','','','','','1','1G','-','2 + 1C','3','-','-','','','',''),(714,'Turbomeca','Marbore 2','Saulnier Paris 1','882','-','','','-','','','','-','-','','1','-','-','1C','1','-','-','-','','',''),(715,'Turbomeca','Marbore 2A','Noratlas N-2502','882','','','','','','','','-','-','','1','-','-','1C','1','-','-','-','','',''),(716,'Turbomeca','Marbore 6C','Saulnier Paris 2, Saulnier Paris 3','1.060','-','','1,11','-','','21','3,8','-','-','','1','-','-','1C','1','-','-','-','','',''),(717,'Turbomeca','Marbore 6F','CM.191 (not produced)','1.058','-','','1,11','-','','21','3,8','-','-','','1','-','-','1C','1','-','-','-','','',''),(718,'Turbomeca/Snecma','Larzac 49-01','Falcon 10, Corvette','2.300','-','','0,61','-','','57','9','2','1,4','','2','2','-','4','1','-','1','','','',''),(719,'Williams','EJ22-1','Eclipse 500 (candidate engine)','700','-','','','-','','','','','','','2','??','-','??','??','-','??','','41','14,5','85'),(720,'Williams','FJ22-1','(see EJ22-1)','','','','','','','','','','','','','','','','','','','','','',''),(721,'Williams','FJ33-1','Aerostar, Century Jet, FJ-100, Leopard Six','1.200','-','','','-','','','','','','','2','??','-','??','??','-','??','','47,9','19','300'),(722,'Williams','FJ33-4','S-26 Safire, Javelin Mk.10, D-Jet','1.200','-','','','-','','','','','','','2','??','-','??','??','-','??','','47,9','19','300'),(723,'Williams','FJ33-??','MC-2400 Legend, A700','1.100','-','','','-','','','','','','','2','??','-','??','??','-','??','','47,9','19','300'),(724,'Williams','FJ33-??','Citation Mustang, ProJet (candidate engine)','1.350','-','','','-','','','','','','','2','??','-','??','??','-','??','','47,9','19','300'),(725,'Williams/Rolls-Royce','FJ44-1A','Citation CJ1, SigmaJet, MagnaJet','1.900','-','','0,456','-','','63','12,8','','3,28','','2','1','1B','1C','1','-','2','20,9','41,9','','447'),(726,'Williams/Rolls-Royce','FJ44-1AP','Citation CJ1+','1.900','-','','','-','','','','','','','2','1','1B','1C','1','-','2','20,7','41,4','','460'),(727,'Williams/Rolls-Royce','FJ44-1C','SK60','1.500','-','','0,46','-','','58','10,3','','3,4','','2','1','1B','1C','1','-','2','','41,9','','447'),(728,'Williams/Rolls-Royce','FJ44-2A','Premier 1, SJ30-2, Citation Eagle II, NauticAir 450','2.300','-','','','-','','','','','','','2','1','1B','2 + 1C','1','-','2','','47,2','',''),(729,'Williams/Rolls-Royce','FJ44-2C','Citation CJ2, Spirit Wing Learjet 25D','2.400','-','','','-','','','','','','','2','1','1B','2 + 1C','1','-','2','','47,2','',''),(730,'Williams/Rolls-Royce','FJ44-3A','Citation CJ2+, CJ3','3.000','-','','','-','','','','','','','','','','','','','','','','',''),(731,'Williams','FJX-1','V-Jet II','540','-','','','-','','','','','','','2','??','-','??','??','-','??','','','',''),(732,'Williams','FJX-2','V-Jet II, Eclipse 500 (candidate engine)','700','-','','','-','','','','','','','2','??','-','??','??','-','??','','41','14,5','85');
/*!40000 ALTER TABLE `turbojetenginespecifications` ENABLE KEYS */;
UNLOCK TABLES;

--
-- Table structure for table `turbopropenginespecifications`
--

DROP TABLE IF EXISTS `turbopropenginespecifications`;
/*!40101 SET @saved_cs_client     = @@character_set_client */;
/*!40101 SET character_set_client = utf8 */;
CREATE TABLE `turbopropenginespecifications` (
  `engineSpecificationsID` int(11) NOT NULL AUTO_INCREMENT,
  `manufacturer` varchar(255) DEFAULT NULL,
  `model` varchar(255) DEFAULT NULL,
  `applications` varchar(255) DEFAULT NULL,
  `totalShaftHorsepower` varchar(255) DEFAULT NULL,
  `totalSpecificFuelConsumption` varchar(255) DEFAULT NULL,
  `totalAirflow` varchar(255) DEFAULT NULL,
  `overallPressureRatio` varchar(255) DEFAULT NULL,
  `numberOfSpools` varchar(255) DEFAULT NULL,
  `lowPressureCompressors` varchar(255) DEFAULT NULL,
  `highPressureCompressors` varchar(255) DEFAULT NULL,
  `highPressureTurbines` varchar(255) DEFAULT NULL,
  `intermediatePressureTurbines` varchar(255) DEFAULT NULL,
  `lowPressureTurbines` varchar(255) DEFAULT NULL,
  `length` varchar(255) DEFAULT NULL,
  `width` varchar(255) DEFAULT NULL,
  `dryweight` varchar(255) DEFAULT NULL,
  PRIMARY KEY (`engineSpecificationsID`)
) ENGINE=InnoDB AUTO_INCREMENT=1109 DEFAULT CHARSET=utf8;
/*!40101 SET character_set_client = @saved_cs_client */;

--
-- Dumping data for table `turbopropenginespecifications`
--

LOCK TABLES `turbopropenginespecifications` WRITE;
/*!40000 ALTER TABLE `turbopropenginespecifications` DISABLE KEYS */;
INSERT INTO `turbopropenginespecifications` VALUES (1,'Allison','250-B15','Courier, Twin Stallion','317','','','','1 + FT','-','6 + 1C','2','-','2','','',''),(2,'Allison','250-B15A','SM1019','317','','','','1 + FT','-','6 + 1C','2','-','2','','',''),(3,'Allison','250-B15G','SM1019','317','','','','1 + FT','-','6 + 1C','2','-','2','','',''),(4,'Allison','250-B17','Cessna 402/414, Nomad N-22','400','0,657','4','7,2','1 + FT','-','6 + 1C','2','-','2','','',''),(5,'Allison','250-B17B','Cessna 402/414, Nomad N-22, SM1019E','400','0,657','4','7,2','1 + FT','-','6 + 1C','2','-','2','','',''),(6,'Allison','250-B17C','Cessna 402/414, Nomad N-22/-24, BN-2T, P68TP, A36, GZ22, AT-35','420','0,657','4','7,2','1 + FT','-','6 + 1C','2','-','2','44,9','22,5','198'),(7,'Allison','250-B17D','SF260TP, KM2D, HTT34, CT-4C','420','0,657','4','7,2','1 + FT','-','6 + 1C','2','-','2','44,9','22,5','202'),(8,'Allison','250-B17E','Nomad N-22/-24','420','0,657','4','7,2','1 + FT','-','6 + 1C','2','-','2','44,9','22,5','202'),(9,'Allison','250-B17F','AT-34, Grob 140TP','450','0,61','4','7,9','1 + FT','-','4 + 1C','2','-','2','44,9','22,5','212'),(10,'Allison','250-B17F/1','BN-2T, Defender 4000','450','0,61','4','7,9','1 + FT','-','4 + 1C','2','-','2','','',''),(11,'Allison','250-B17F/2','P-210, A36, Cessna 206H','450','0,61','4','7,9','1 + FT','-','4 + 1C','2','-','2','','',''),(12,'Allison','250-C14','AB206A/C, A206B (not produced)','370','','','','1 + FT','-','6 + 1C','2','-','2','','',''),(13,'Allison','250-C18','Bell 206A, AB206A, MD500, MD500C','317','0,64','4','7,2','1 + FT','-','6 + 1C','2','-','2','','',''),(14,'Allison','250-C18A','MD500, MD500C','317','0,64','4','7,2','1 + FT','-','6 + 1C','2','-','2','','',''),(15,'Allison','250-C18B','Bell 206A, AB206A','317','0,64','4','7,2','1 + FT','-','6 + 1C','2','-','2','','',''),(16,'Allison','250-C20','Bell 206B, MD500C, A109A, BO105C/CB, Fokker H5','400','0,65','4','7,2','1 + FT','-','6 + 1C','2','-','2','','',''),(17,'Allison','250-C20B','Bell 47G, Bell 206B-1/B-3, AB206B, MD500D/E, A109A, BO105CBS/CBS-4/CBS-5, RH-1100, UH-12E, KA226','420','0,65','4','7,2','1 + FT','-','6 + 1C','2','-','2','38,8','23,2','161'),(18,'Allison','250-C20F','AS355E/F1/F2','420','0,65','4','7,2','1 + FT','-','6 + 1C','2','-','2','38,8','23,2','161'),(19,'Allison','250-C20F/2R','AS355F2R','450','','','','1 + FT','-','6 + 1C','2','-','2','38,8','23,2','161'),(20,'Allison','250-C20J','Bell 206B-3/L','420','0,65','4','7,2','1 + FT','-','6 + 1C','2','-','2','38,8','23,2','161'),(21,'Allison','250-C20R','Bell 206LT, Gemini ST, Bell 400/440 (not produced)','450','0,608','','7,9','1 + FT','-','4 + 1C','2','-','2','38,8','23,2','173'),(22,'Allison','250-C20R/1','A109A Mk.2, A109C/C Max, Gemini ST','450','0,608','','7,9','1 + FT','-','4 + 1C','2','-','2','38,8','23,2','173'),(23,'Allison','250-C20R/2','Bell 260B-3/L, MD500D/ER, MD520N, KA-226A','450','0,608','','7,9','1 + FT','-','4 + 1C','2','-','2','38,8','23,2','173'),(24,'Allison','250-C20R/3','BO108 (not produced/see EC135)','450','0,608','','7,9','1 + FT','-','4 + 1C','2','-','2','38,8','23,2','173'),(25,'Allison','250-C20R/4','Bell 206B-3/L','450','0,608','','7,9','1 + FT','-','4 + 1C','2','-','2','38,8','23,2','173'),(26,'Allison','250-C20R/9','','450','0,608','','7,9','1 + FT','-','4 + 1C','2','-','2','38,8','23,2','173'),(27,'Allison','250-C20S','Cessna 185, 206, 207 conversions','420','0,65','4','7,2','1 + FT','-','6 + 1C','2','-','2','','',''),(28,'Allison','250-C20W','TH330, TH333, TH480A/B','420','0,65','4','7,2','1 + FT','-','6 + 1C','2','-','2','','',''),(29,'Allison','250-C22','A109D','','','','','1 + FT','-','6 + 1C','2','-','2','','',''),(30,'Allison','250-C28B','Bell 206L-1, AB206L','500','0,606','4','8,4','1 + FT','-','1C','2','-','2','47,3','25,1','230'),(31,'Allison','250-C28C','BO105LS/LS-A1/LS-A3','500','0,606','4','8,4','1 + FT','-','1C','2','-','2','47,3','25,1','230'),(32,'Allison','250-C30','MD530, FT600, S-76A','650','0,592','6','8,4','1 + FT','-','1C','2','-','2','41','25,1','240'),(33,'Allison','250-C30C','','650','0,592','6','8,4','1 + FT','-','1C','2','-','2','','',''),(34,'Allison','250-C30G','Bell 222','650','0,592','6','8,6','1 + FT','-','1C','2','-','2','43,2','25,5','258'),(35,'Allison','250-C30G/2','Bell 230','650','0,592','6','8,6','1 + FT','-','1C','2','-','2','43,2','25,5','258'),(36,'Allison','250-C30L','(see military turboshaft specifications)','','','','','','','','','','','','',''),(37,'Allison','250-C30M','AS350D','650','0,592','6','8,6','1 + FT','-','1C','2','-','2','43,2','25,5','258'),(38,'Allison','250-C30P','Bell 206L-3/L-4','650','0,592','6','8,6','1 + FT','-','1C','2','-','2','43,2','25,5','258'),(39,'Allison','250-C30R','(see military turboshaft specifications)','','','','','','','','','','','','',''),(40,'Allison','250-C30R/1','(see military turboshaft specifications)','','','','','','','','','','','','',''),(41,'Allison','250-C30R/2','(see military turboshaft specifications)','','','','','','','','','','','','',''),(42,'Allison','250-C30R/3','(see military turboshaft specifications)','','','','','','','','','','','','',''),(43,'Allison','250-C30R/3M','(see military turboshaft specifications)','','','','','','','','','','','','',''),(44,'Allison','250-C30S','S-76A-2','650','0,592','6','8,6','1 + FT','-','1C','2','-','2','43,2','25,5','258'),(45,'Allison','250-C30U','(see military turboshaft specifications)','','','','','','','','','','','','',''),(46,'Allison','250-C40B','Bell 430','715','0,57','','9,2','1 + FT','-','1C','2','-','2','41','25,1','280'),(47,'Allison (Rolls-Royce)','250-C47B','Bell 407','650','0,58','6','9,2','1 + FT','-','1C','2','-','2','41','25,1','274'),(48,'Allison (Rolls-Royce)','250-C47M','MD600N','650','0,58','6','9,2','1 + FT','-','1C','2','-','2','41','25,1','274'),(49,'Allison','501-D13','L-188A/C Electra','3.750','','','','1','-','14','4','-','-','','',''),(50,'Allison','501-D13A','L-188A/C Electra','3.750','','','','1','-','14','4','-','-','','',''),(51,'Allison','501-D13D','Convair CV-580','3.460','','','','1','-','14','4','-','-','','',''),(52,'Allison','501-D13H','Convair CV-580','','','','','1','-','14','4','-','-','','',''),(53,'Allison','501-D15','L-188A/C Electra','4.050','','','','1','-','14','4','-','-','','',''),(54,'Allison','501-D22','Lockheed L-382','3.755','','','','1','-','14','4','-','-','146','44,6',''),(55,'Allison','501-D22A','Lockheed L-100-20/-30','4.590','0,52','33','9,6','1','-','14','4','-','-','146','44,6','1.834'),(56,'Allison','501-D22C','B-377GT Guppy 201','4.368','0,52','33','9,6','1','-','14','4','-','-','146','44,6',''),(57,'Allison','501-D22G','Convair CV-5800','4.368','0,52','33','9,6','1','-','14','4','-','-','146','44,6',''),(58,'Allison (Rolls-Royce)','AE 2100A','Saab 2000','4.152','0,46','','17','1 + FT','-','14','2','-','2','118','28,7','1.641'),(59,'Allison (Rolls-Royce)','AE 2100C','N-250-50/-100 (not produced)','','','','','1 + FT','-','14','2','-','2','','',''),(60,'Avco Lycoming','AL5512','Boeing 234ER/LR/UT, Boeing 360 (not produced)','4.200','0,52','','8,2','2','-','7 + 1C','2','-','2','','',''),(61,'Avco Lycoming','LTC 4B-8D','Bell 214A','2.250','0,63','','6','1 + FT','-','7 + 1C','2','-','2','44','24','605'),(62,'Avco Lycoming','LTC 4B-12','','4.600','0,52','27','8,5','1 + FT','-','7 + 1C','2','-','2','','',''),(63,'Avco Lycoming','LTC 4R-1','','3.750','0,55','25','8','1 + FT','-','7 + 1C','2','-','2','','',''),(64,'Avco Lycoming','LTC 4R-3','','4.526','0,52','27','8','1 + FT','-','7 + 1C','2','-','2','','',''),(65,'Avco Lycoming','LTC 4V-1','','5.000','0,41','26','','2 + FT','-','8','2','-','2','','',''),(66,'Avco Lycoming','LTP 101-600A-1A','Cessna/Riley 421, Turbo Thrush, Ag-Cat, AT-302/-302A, Do 28D-5X','615','0,544','','8,5','1 + FT','-','1 + 1C','1','-','1','37,4','21','325'),(67,'Avco Lycoming','LTP 101-700A-1A','Cessna/Riley 421, Turbo Thrush, Ag-Cat, Piaggio P166','700','0,544','','8,6','1 + FT','-','1 + 1C','1','-','1','37,4','21','335'),(68,'Avco Lycoming','LTS 101-600A-2','AS350C/D/D1','615','0,571','5','8,5','1 + FT','-','1 + 1C','1','-','1','30,9','22,4','253'),(69,'Avco Lycoming','LTS 101-600A-3','AS350C/D/D1','615','0,582','','8,4','1 + FT','-','1 + 1C','1','-','1','31,5','22,4','265'),(70,'Avco Lycoming','LTS 101-600A-3A','AS350C/D/D1','650','','','','1 + FT','-','1 + 1C','1','-','1','31,5','22,4',''),(71,'Avco Lycoming','LTS 101-650B-1','BK117A1/A3/A4','650','0,577','','8,4','1 + FT','-','1 + 1C','1','-','1','31,1','25,4','273'),(72,'Avco Lycoming','LTS 101-650C-2','Bell 222','675','0,572','','','1 + FT','-','1 + 1C','1','-','1','31,3','22,6','241'),(73,'Avco Lycoming','LTS 101-650C-3','Bell 222','675','0,572','','8,4','1 + FT','-','1 + 1C','1','-','1','31,3','22,6','241'),(74,'Avco Lycoming','LTS 101-650C-3A','Bell 222','675','0,572','','8,4','1 + FT','-','1 + 1C','1','-','1','31,3','22,6','241'),(75,'Avco Lycoming','LTS 101-700D-2','AS350SuperB2','','','','','1 + FT','-','1 + 1C','1','-','1','','',''),(76,'Avco Lycoming','LTS 101-750B-1','BK117B/B1/B2','727','0,577','','8,4','1 + FT','-','1 + 1C','1','-','1','31,3','25,4','271'),(77,'Avco Lycoming','LTS 101-750B-2','AS366','742','0,57','','8,8','1 + FT','-','1 + 1C','1','-','1','32,4','24,7','268'),(78,'Avco Lycoming','LTS 101-750C-1','Bell 222B/UT','735','0,577','','8,8','1 + FT','-','1 + 1C','1','-','1','31,3','22,6','244'),(79,'Avco Lycoming','T5311A','Bell 204B, AB204A','1.100','0,68','11','6,1','1 + FT','-','5 + 1C','1','-','2','47,6','23','496'),(80,'Avco Lycoming','T5313A','Bell 205A, AB205A-1','1.400','0,58','13','7,4','1 + FT','-','5 + 1C','2','-','2','47,6','23',''),(81,'Avco Lycoming','T5313B','Bell 204B-2, Bell 205A1','1.400','0,58','13','7,4','1 + FT','-','5 + 1C','2','-','2','47,6','23','544'),(82,'Avco Lycoming','T5317A','Bell 205A1, Kaman K-Max','1.500','0,59','12','8','1 + FT','-','5 + 1C','2','-','2','47,6','23','564'),(83,'Avco Lycoming','T5319A','','1.800','0,59','12','8','1 + FT','-','5 + 1C','2','-','2','','',''),(84,'Avco Lycoming','T5321A','','1.800','0,59','12','8','1 + FT','-','5 + 1C','2','-','2','','',''),(85,'Avco Lycoming','T5508D','Bell 214B/B-1/C','2.930','0,592','','','1 + FT','-','7 + 1C','2','-','2','44','24','605'),(86,'Avco Lycoming (Textron Lycoming)','T55-L-714A','Boeing 414-100 Super D','4.867','0,5','','9,3','1 + FT','-','7 + 1C','2','-','2','48,5','28,7','832'),(87,'Baranov (OMSK)','TVD-20-03','An-38-200, T-101V','1.380','0,506','','','1 + FT','-','7 + 1C','2','-','2','69,7','33,5','628'),(88,'Bristol','Proteus 625','Britannia 101 prototypes','2.660','','','','','','','','','','','',''),(89,'Bristol','Proteus 705','Britannia 101/102','3.600','','','','','','','','','','','',''),(90,'Bristol','Proteus 755','Britannia 301/302/306/307/307F/308/308F/309, 200 (not produced)','3.925','','','','','','','','','','','',''),(91,'Bristol','Proteus 765','Britannia 311/312/312F/313/314/317/318/324','4.440','','','','','','','','','','','',''),(92,'de Havilland','Gnome H.1000 Mk.501','Whirlwind 3, Bell 204B','','','','','1 + FT','-','10','2','-','1','','',''),(93,'de Havilland (Bristol Siddeley)','Gnome H.1200 Mk.610','Bell 203, AZ-101G (not produced)','1.350','0,62','12','8,1','1 + FT','-','10','2','-','1','','',''),(94,'de Havilland (Bristol Siddeley)','Gnome H.1200 Mk.640','Vertol 107-2','','','','','1 + FT','-','10','2','-','1','','',''),(95,'Garrett','TPE331-1-100F','Porter','705','0,571','','','1','-','2C','3','-','-','43','26','336'),(96,'Garrett','TPE331-1-101','Interceptor 400, PC-6/C1 Turbo-Porter','705','0,571','','','1','-','2C','3','-','-','43','26','336'),(97,'Garrett','TPE331-1-101B','Turbo 18 (Turboliner)','705','0,571','','','1','-','2C','3','-','-','43','26','336'),(98,'Garrett','TPE331-1-101E','Jetliner 600','705','0,571','','','1','-','2C','3','-','-','43','26','336'),(99,'Garrett','TPE331-1-101F','PC-6/C2-H2 Turbo-Porter, Peacemaker','705','0,571','','','1','-','2C','3','-','-','43','26','336'),(100,'Garrett','TPE331-1-101Z','S2R Turbo Thrush','705','0,571','','','1','-','2C','3','-','-','43','26','336'),(101,'Garrett','TPE331-1-151A','MU-2DP/F/G','705','0,571','','8,3','1','-','2C','3','-','-','43','26','336'),(102,'Garrett','TPE331-1-151G','Merlin IIB','705','0,571','','8,3','1','-','2C','3','-','-','43','26','336'),(103,'Garrett','TPE331-1-151K','Turbo Commander','705','0,571','','8,3','1','-','2C','3','-','-','43','26','336'),(104,'Garrett','TPE331-1-151Z','G164B','705','0,571','','8,3','1','-','2C','3','-','-','43','26','336'),(105,'Garrett','TPE331-1U','','705','','','','1','-','2C','3','-','-','43','26','336'),(106,'Garrett','TPE331-1UA','','705','','','','1','-','2C','3','-','-','43','26','336'),(107,'Garrett','TPE331-2-201C','C-212','715','0,556','','8,3','1','-','2C','3','-','-','43','26','336'),(108,'Garrett','TPE331-2-251A','Skyvan III','715','0,556','','8,3','1','-','2C','3','-','-','43','26','336'),(109,'Garrett','TPE331-2U-201A','','','','','','1','-','2C','3','-','-','43','26','336'),(110,'Garrett','TPE331-2UA-203D','Goose','755','','','','1','-','2C','3','-','-','43','26','336'),(111,'Garrett','TPE331-3-301','','840','0,548','','10,3','1','-','2C','3','-','-','43','26','355'),(112,'Garrett','TPE331-3-303','','840','0,548','','10,3','1','-','2C','3','-','-','43','26','355'),(113,'Garrett','TPE331-3A-301W','Jetstream 3M (not produced)','840','0,548','','10,3','1','-','2C','3','-','-','43','26','355'),(114,'Garrett','TPE331-3U-303G','Merlin III/IIIA/IV/IVA, Metro','904','0,548','','10,3','1','-','2C','3','-','-','43','26','355'),(115,'Garrett','TPE331-3U-303N','S55T','904','0,548','','10,3','1','-','2C','3','-','-','43','26','355'),(116,'Garrett','TPE331-3U-303V','Jetstream 3','904','0,548','','10,3','1','-','2C','3','-','-','43','26','355'),(117,'Garrett','TPE331-3U-304G','Merlin III/IIIA/IV/IVA, Metro I/II/IIA','904','0,548','','10,3','1','-','2C','3','-','-','43','26','355'),(118,'Garrett','TPE331-3UW-304G','Metro II/IIA','904','0,548','','10,3','1','-','2C','3','-','-','43','26','355'),(119,'Garrett','TPE331-3W-301A','','904','','','','1','-','2C','3','-','-','43','26','355'),(120,'Garrett','TPE331-3W-304G','','904','','','','1','-','2C','3','-','-','43','26','355'),(121,'Garrett','TPE331-5-251C','C-211-100','840','0,577','','10,3','1','-','2C','3','-','-','43','26','355'),(122,'Garrett','TPE331-5-251K','Turbo Commander 690/690A/680B','840','0,577','','10,3','1','-','2C','3','-','-','43','26','355'),(123,'Garrett','TPE331-5-252C','C-212-100','840','0,577','','10,3','1','-','2C','3','-','-','43','26','355'),(124,'Garrett','TPE331-5-252D','Do 228-101/-201/-202/-202K','840','0,577','','10,3','1','-','2C','3','-','-','43','26','355'),(125,'Garrett','TPE331-5-252K','Turbo Commander 690A/690B','840','0,577','','10,3','1','-','2C','3','-','-','43','26','355'),(126,'Garrett','TPE331-5-252M','MU-2N/P','840','0,577','','10,3','1','-','2C','3','-','-','43','26','355'),(127,'Garrett','TPE331-5-254K','Jetprop Commander 690C/690D','840','0,577','','10,3','1','-','2C','3','-','-','43','26','355'),(128,'Garrett','TPE331-5-255K','Turbo Commander 690/690A/690B, Jetprop Commander 690C/690D','840','0,577','','10,3','1','-','2C','3','-','-','43','26','355'),(129,'Garrett','TPE331-5A-252D','Do 228-212','834','','','','1','-','2C','3','-','-','43','26','355'),(130,'Garrett','TPE331-5AB-252D','Do 228-212','834','','','','1','-','2C','3','-','-','43','26','355'),(131,'Garrett','TPE331-5B-252D','Do 228-212','834','','','','1','-','2C','3','-','-','43','26','355'),(132,'Garrett','TPE331-6-251M','MU-2J/K/L/M','808','0,577','','10,3','1','-','2C','3','-','-','43','26','355'),(133,'Garrett','TPE331-6-252B','King Air B100','808','0,577','','10,3','1','-','2C','3','-','-','43','26','355'),(134,'Garrett','TPE331-6-252L','Merlin IIB','808','0,577','','10,3','1','-','2C','3','-','-','43','26','355'),(135,'Garrett','TPE331-6-252M','MU-2J/K/L/M, FU24-950/954, FU24A-950/954','808','0,577','','10,3','1','-','2C','3','-','-','43','26','355'),(136,'Garrett','TPE331-6-252T','Skyvan','808','0,577','','10,3','1','-','2C','3','-','-','43','26','355'),(137,'Garrett','TPE331-6-253B','King Air B100','808','0,577','','10,3','1','-','2C','3','-','-','43','26','355'),(138,'Garrett','TPE331-6A-251M','MU-2J/K/L/M','808','0,577','','10,3','1','-','2C','3','-','-','43','26','355'),(139,'Garrett','TPE331-6A-252M','MU-2J/K/L/M','808','0,577','','10,3','1','-','2C','3','-','-','43','26','355'),(140,'Garrett','TPE331-8-401S','Conquest II','','0,568','','10,3','1','-','2C','3','-','-','43','26','370'),(141,'Garrett','TPE331-8-402S','Conquest II','','0,568','','10,3','1','-','2C','3','-','-','43','26','370'),(142,'Garrett','TPE331-8-422S','Conquest II','','0,568','','10,3','1','-','2C','3','-','-','43','26','370'),(143,'Garrett','TPE331-9-???S','Conquest II','','0,568','','10,3','1','-','2C','3','-','-','43','26','370'),(144,'Garrett','TPE331-10-501C','C-212-200','','0,55','','10,8','1','-','2C','3','-','-','46','26','380'),(145,'Garrett','TPE331-10-501K','Commander 980','','0,55','','10,8','1','-','2C','3','-','-','46','26','380'),(146,'Garrett','TPE331-10-501M','MU-2J/K/L/M','','0,55','','10,8','1','-','2C','3','-','-','46','26','380'),(147,'Garrett','TPE331-10-501C','C-212-200','','0,55','','10,8','1','-','2C','3','-','-','46','26','380'),(148,'Garrett','TPE331-10-511K','Commander 1000','','0,55','','10,8','1','-','2C','3','-','-','46','26','380'),(149,'Garrett','TPE331-10-511M','MU-2J/K/L/M','','0,55','','10,8','1','-','2C','3','-','-','46','26','380'),(150,'Garrett','TPE331-10A','','984','0,55','','10,8','1','-','2C','3','-','-','46','26','380'),(151,'Garrett','TPE331-10AV-511B','King Air B100','984','0,55','','10,8','1','-','2C','3','-','-','46','26','380'),(152,'Garrett','TPE331-10AV-511KA','Kilo Alpha 290','984','0,55','','10,8','1','-','2C','3','-','-','46','26','380'),(153,'Garrett','TPE331-10AV-511M','MU-2J/K/L/M, FU24-950/954, FU24A-950/954','984','0,55','','10,8','1','-','2C','3','-','-','46','26','380'),(154,'Garrett','TPE331-10G-511D','Do 228-???','984','0,55','','10,8','1','-','2C','3','-','-','46','26','380'),(155,'Garrett','TPE331-10GP-511D','Do 228-???','984','0,55','','10,8','1','-','2C','3','-','-','46','26','380'),(156,'Garrett','TPE331-10GT-511D','Do 228-???','984','0,55','','10,8','1','-','2C','3','-','-','46','26','380'),(157,'Garrett','TPE331-10N-511S','Conquest II','984','0,55','','10,8','1','-','2C','3','-','-','46','26','380'),(158,'Garrett','TPE331-10N-512S','','984','0,55','','10,8','1','-','2C','3','-','-','46','26','380'),(159,'Garrett','TPE331-10N-513S','','984','0,55','','10,8','1','-','2C','3','-','-','46','26','380'),(160,'Garrett','TPE331-10N-514S','','984','0,55','','10,8','1','-','2C','3','-','-','46','26','380'),(161,'Garrett','TPE331-10N-515S','','984','0,55','','10,8','1','-','2C','3','-','-','46','26','380'),(162,'Garrett','TPE331-10N-531S','Conquest II','984','0,55','','10,8','1','-','2C','3','-','-','46','26','380'),(163,'Garrett','TPE331-10N-532S','','984','0,55','','10,8','1','-','2C','3','-','-','46','26','380'),(164,'Garrett','TPE331-10N-533S','','984','0,55','','10,8','1','-','2C','3','-','-','46','26','380'),(165,'Garrett','TPE331-10N-534S','','984','0,55','','10,8','1','-','2C','3','-','-','46','26','380'),(166,'Garrett','TPE331-10N-535S','','984','0,55','','10,8','1','-','2C','3','-','-','46','26','380'),(167,'Garrett','TPE331-10P-511D','Do 228-???','984','0,55','','10,8','1','-','2C','3','-','-','46','26','380'),(168,'Garrett','TPE331-10R-501C','','984','0,55','','10,8','1','-','2C','3','-','-','46','26','380'),(169,'Garrett','TPE331-10R-502C','','984','0,55','','10,8','1','-','2C','3','-','-','46','26','380'),(170,'Garrett','TPE331-10R-511C','C-212-200','984','0,55','','10,8','1','-','2C','3','-','-','46','26','380'),(171,'Garrett','TPE331-10R-512C','C-212-200','984','0,55','','10,8','1','-','2C','3','-','-','46','26','380'),(172,'Garrett','TPE331-10R-513C','C-212-300','984','0,55','','10,8','1','-','2C','3','-','-','46','26','380'),(173,'Garrett','TPE331-10T-511D','Do 228-202K','984','0,55','','10,8','1','-','2C','3','-','-','46','26','380'),(174,'Garrett','TPE331-10T-511K','Turbo Commander 690A/690B, Commander 840/900','984','0,55','','10,8','1','-','2C','3','-','-','46','26','380'),(175,'Garrett','TPE331-10T-511M','MU-2N/P','984','0,55','','10,8','1','-','2C','3','-','-','46','26','380'),(176,'Garrett','TPE331-10T-512K','','984','0,55','','10,8','1','-','2C','3','-','-','46','26','380'),(177,'Garrett','TPE331-10T-513K','','984','0,55','','10,8','1','-','2C','3','-','-','46','26','380'),(178,'Garrett','TPE331-10T-515K','','984','0,55','','10,8','1','-','2C','3','-','-','46','26','380'),(179,'Garrett','TPE331-10T-516K','Turbo Commander 690A/690B, Commander 840/900','984','0,55','','10,8','1','-','2C','3','-','-','46','26','380'),(180,'Garrett','TPE331-10T-517K','','984','0,55','','10,8','1','-','2C','3','-','-','46','26','380'),(181,'Garrett','TPE331-10U-501G','Merlin IIIB','984','0,55','','10,8','1','-','2C','3','-','-','46','26','380'),(182,'Garrett','TPE331-10U-502G','','984','0,55','','10,8','1','-','2C','3','-','-','46','26','380'),(183,'Garrett','TPE331-10U-503G','Merlin 300 (IIIC)','984','0,55','','10,8','1','-','2C','3','-','-','46','26','380'),(184,'Garrett','TPE331-10U-511G','Merlin IIIB','984','0,55','','10,8','1','-','2C','3','-','-','46','26','380'),(185,'Garrett','TPE331-10U-512G','','984','0,55','','10,8','1','-','2C','3','-','-','46','26','380'),(186,'Garrett','TPE331-10U-513G','Merlin 300 (IIIC)','984','0,55','','10,8','1','-','2C','3','-','-','46','26','380'),(187,'Garrett','TPE331-10UA-511G','Metro II/IIA','984','0,55','','10,8','1','-','2C','3','-','-','46','26','380'),(188,'Garrett','TPE331-10UA-511G','Metro II/IIA','984','0,55','','10,8','1','-','2C','3','-','-','46','26','380'),(189,'Garrett','TPE331-10UF-501H','','984','0,55','','10,8','1','-','2C','3','-','-','46','26','380'),(190,'Garrett','TPE331-10UF-511H','Jetstream 3108','984','0,55','','10,8','1','-','2C','3','-','-','46','26','380'),(191,'Garrett','TPE331-10UF-512H','','984','0,55','','10,8','1','-','2C','3','-','-','46','26','380'),(192,'Garrett','TPE331-10UF-513H','Jetstream 3101/3103/3107','984','0,55','','10,8','1','-','2C','3','-','-','46','26','380'),(193,'Garrett','TPE331-10UF-514H','','984','0,55','','10,8','1','-','2C','3','-','-','46','26','380'),(194,'Garrett','TPE331-10UF-515H','Jetstream 3101','984','0,55','','10,8','1','-','2C','3','-','-','46','26','380'),(195,'Garrett','TPE331-10UF-516H','','984','0,55','','10,8','1','-','2C','3','-','-','46','26','380'),(196,'Garrett','TPE331-10UG-513H','Jetstream 3101/3102/3108','984','0,55','','10,8','1','-','2C','3','-','-','46','26','380'),(197,'Garrett','TPE331-10UG-514H','Jetstream 3101/3102','984','0,55','','10,8','1','-','2C','3','-','-','46','26','380'),(198,'Garrett','TPE331-10UG-515H','','984','0,55','','10,8','1','-','2C','3','-','-','46','26','380'),(199,'Garrett','TPE331-10UG-516H','','984','0,55','','10,8','1','-','2C','3','-','-','46','26','380'),(200,'Garrett','TPE331-10UGR-513H','Jetstream 3101/3102','984','0,55','','10,8','1','-','2C','3','-','-','46','26','380'),(201,'Garrett','TPE331-10UGR-514H','Jetstream 3101/3102/3109','984','0,55','','10,8','1','-','2C','3','-','-','46','26','380'),(202,'Garrett','TPE331-10UGR-515H','Jetstream 3112','984','0,55','','10,8','1','-','2C','3','-','-','46','26','380'),(203,'Garrett','TPE331-10UGR-516H','Jetstream 3112','984','0,55','','10,8','1','-','2C','3','-','-','46','26','380'),(204,'Garrett','TPE331-10UK','','1.045','0,55','','10,8','1','-','2C','3','-','-','46','26','380'),(205,'Garrett','TPE331-10UR-513H','Jetstream 3101/3102/3103/3112','984','0,55','','10,8','1','-','2C','3','-','-','46','26','380'),(206,'Garrett','TPE331-11-601W','(see military turboshaft specifications)','','','','','','','','','','','','',''),(207,'Garrett','TPE331-11U-601G','Metro III, Metro 23-11','1.000','0,53','','10,8','1','-','2C','3','-','-','46','26','400'),(208,'Garrett','TPE331-11U-602G','','1.000','0,53','','10,8','1','-','2C','3','-','-','46','26','400'),(209,'Garrett','TPE331-11U-611G','Metro III, Metro 23-11','1.000','0,53','','10,8','1','-','2C','3','-','-','46','26','400'),(210,'Garrett','TPE331-11U-612G','Metro III, Metro 23-11','1.000','0,53','','10,8','1','-','2C','3','-','-','46','26','400'),(211,'Garrett','TPE331-12','','1.151','0,522','','10,8','1','-','2C','3','-','-','46','26','400'),(212,'Garrett','TPE331-12B','(see military turboshaft specifications)','','','','','','','','','','','','',''),(213,'Garrett','TPE331-12JR-701C','C-212-400','1.151','0,522','','10,8','1','-','2C','3','-','-','46','26','400'),(214,'Garrett','TPE331-12JR-701S','Caravan','1.151','0,522','','10,8','1','-','2C','3','-','-','46','26','400'),(215,'Garrett','TPE331-12U-701G','Metro 23-12, Merlin 5/6 (not produced)','1.151','0,522','','10,8','1','-','2C','3','-','-','46','26','400'),(216,'Garrett','TPE331-12UA-701G','Metro 23-12','1.151','0,522','','10,8','1','-','2C','3','-','-','46','26','400'),(217,'Garrett','TPE331-12UA-701H','Jetstream 3201/3201EP/3206','1.151','0,522','','10,8','1','-','2C','3','-','-','46','26','400'),(218,'Garrett','TPE331-12UAR-701G','Metro V, Metro 23-12','1.151','0,522','','10,8','1','-','2C','3','-','-','46','26','400'),(219,'Garrett','TPE331-12UH-701G','Metro 23-12','1.151','0,522','','10,8','1','-','2C','3','-','-','46','26','400'),(220,'Garrett','TPE331-12UHR-701G','Metro 23-12','1.151','0,522','','10,8','1','-','2C','3','-','-','46','26','400'),(221,'Garrett','TPE331-12UHR-701H','Jetstream 3201/3217','1.151','0,522','','10,8','1','-','2C','3','-','-','46','26','400'),(222,'Garrett (Allied-Signal)','TPE331-14','Merlin 6 (not produced)','','','','','1','-','2C','3','-','-','53','32','620'),(223,'Garrett (Allied-Signal)','TPE331-14A','Cheyenne 400','','0,515','','11','1','-','2C','3','-','-','53','32','620'),(224,'Garrett (Allied-Signal)','TPE331-14A-801Z','Turbo Tracker','','0,515','','11','1','-','2C','3','-','-','53','32','620'),(225,'Garrett (Allied-Signal)','TPE331-14B','Cheyenne 400','1.312','0,515','','11','1','-','2C','3','-','-','53','32','620'),(226,'Garrett (Allied-Signal)','TPE331-14F-801L','G520, G520T','','0,515','','11','1','-','2C','3','-','-','53','32','620'),(227,'Garrett (Allied-Signal)','TPE331-14G','','','0,51','','11,4','1','-','2C','3','-','-','53','36','620'),(228,'Garrett (Allied-Signal)','TPE331-14GR-801E','An-38-100','','0,51','','11,4','1','-','2C','3','-','-','53','36','620'),(229,'Garrett (Allied-Signal)','TPE331-14GR-801H','Jetstream 4102','1.723','0,51','','11,4','1','-','2C','3','-','-','53','32','620'),(230,'Garrett (Allied-Signal)','TPE331-14GR-802H','','1.723','0,51','','11,4','1','-','2C','3','-','-','53','32','620'),(231,'Garrett (Allied-Signal)','TPE331-14GR-805H','Jetstream 4101','1.723','0,51','','11,4','1','-','2C','3','-','-','53','32','620'),(232,'Garrett (Allied-Signal)','TPE331-14H','','','0,51','','11,4','1','-','2C','3','-','-','53','36','620'),(233,'Garrett (Allied-Signal)','TPE331-14HR-801E','An-38-100','','0,51','','11,4','1','-','2C','3','-','-','53','36','620'),(234,'Garrett (Allied-Signal)','TPE331-14HR-801H','Jetstream 4102','1.723','0,51','','11,4','1','-','2C','3','-','-','53','32','620'),(235,'Garrett (Allied-Signal)','TPE331-14HR-802H','','1.723','0,51','','11,4','1','-','2C','3','-','-','53','32','620'),(236,'Garrett (Allied-Signal)','TPE331-14HR-805H','Jetstream 4101','1.723','0,51','','11,4','1','-','2C','3','-','-','53','32','620'),(237,'Garrett (Allied-Signal)','TPE331-14UA-801G','Fairchild 400 (not produced)','','0,51','','11,4','1','-','2C','3','-','-','53','36','620'),(238,'Garrett (Allied-Signal)','TPE331-14UB-801G','Fairchild 400 (not produced)','','0,51','','11,4','1','-','2C','3','-','-','53','36','620'),(239,'Garrett (Allied-Signal)','TPE331-15A','(see military turboshaft specifications)','','','','','','','','','','','','',''),(240,'Garrett','TPE331-25D','PC-6/C Turbo-Porter','575','0,665','','8,2','1','-','2C','3','-','-','46','26','335'),(241,'Garrett','TPE331-25/61','MU-2A/2E1/25D, Heliporter 43, Hawk Commander 47, Volpar Super Turbo 18','575','0,665','','8,2','1','-','2C','3','-','-','46','26','335'),(242,'Garrett','TPE331-29','','575','','','','1','-','2C','3','-','-','','',''),(243,'Garrett','TPE331-43','Turbo Commander 680T','575','','','','1','-','2C','3','-','-','','',''),(244,'Garrett','TPE331-43A','','575','','','','1','-','2C','3','-','-','','',''),(245,'Garrett','TPE331-45','','575','','','','1','-','2C','3','-','-','','',''),(246,'Garrett','TPE331-47','','575','','','','1','-','2C','3','-','-','','',''),(247,'Garrett','TPE331-49','','575','','','','1','-','2C','3','-','-','','',''),(248,'Garrett','TPE331-51','','575','','','','1','-','2C','3','-','-','','',''),(249,'Garrett','TPE331-55','','575','','','','1','-','2C','3','-','-','','',''),(250,'Garrett','TPF351-20','CBA-123 prototype','1.300','','','','','','','','','','','',''),(251,'Garrett','TSE231-P2400','Gates Twinjet','474','0,6','4','8,6','','','','','','','','',''),(252,'Garrett','TSE331-3U-303N','S-55QT','800','0,6','8','10,3','','','','','','','','',''),(253,'Garrett','TSE331-10UA-511SW','S-55QT','1.040','','','','','','','','','','','',''),(254,'Garrett','TSE36-1','T-28A (not produced)','240','0,83','3','4,3','','','','','','','','',''),(255,'GE','CT7-2A','Bell 214ST, EH101 prototypes','1.625','0,473','','','1 + FT','-','5 + 1C','2','-','2','47','26','442'),(256,'GE','CT7-2B','Westland 30 Series 200','1.712','','','','1 + FT','-','5 + 1C','2','-','2','','',''),(257,'GE','CT7-2D','S-70','1.625','0,473','','','1 + FT','-','5 + 1C','2','-','2','47','26','442'),(258,'GE','CT7-2D1','S-70','1.625','0,473','','','1 + FT','-','5 + 1C','2','-','2','47','26','466'),(259,'GE','CT7-5A','Saab 340','1.735','','','','1 + FT','-','5 + 1C','2','-','2','96','29','783'),(260,'GE','CT7-5A2','','','','','','1 + FT','-','5 + 1C','2','-','2','96','29','783'),(261,'GE','CT7-6','EH101 Mk.300/Mk.500','2.000','0,47','','','1 + FT','-','5 + 1C','2','-','2','48,2','26','493'),(262,'GE','CT7-6A','','2.000','','','','1 + FT','-','5 + 1C','2','-','2','48,2','26','493'),(263,'GE','CT7-7A','CN-235','1.700','0,474','','14','1 + FT','-','5 + 1C','2','-','2','96','29','783'),(264,'GE','CT7-8','CL-160','2.520','','','','1 + FT','-','5 + 1C','2','-','2','','',''),(265,'GE','CT7-8A','S-92','2.740','','','','1 + FT','-','5 + 1C','2','-','2','48,8','','537'),(266,'GE','CT7-9B','CN-235, Saab 340B, S-80','1.750','','','','1 + FT','-','5 + 1C','2','-','2','96','29','805'),(267,'GE','CT7-9C','CN-235, Saab 340B','1.750','','','','1 + FT','-','5 + 1C','2','-','2','96','29','805'),(268,'GE','CT7-9D','L-610G (not produced)','1.750','','','','1 + FT','-','5 + 1C','2','-','2','96','29','805'),(269,'GE','CT58-GE-110-1','S-62B/C, HH-52A, V107/II','1.400','0,62','14','8,4','2','-','10','2','-','2','20,7','63,3','440'),(270,'GE','CT58-GE-110-2','','1.400','','','','2','-','10','2','-','2','20,7','63,3','440'),(271,'IHI','CT58-IHI-110-1','KV107/II-2/II-7','1.400','0,62','14','8,4','2','-','10','2','-','2','20,7','63,3','440'),(272,'IHI','CT58-IHI-110-2','','1.400','','','','2','-','10','2','-','2','20,7','63,3','440'),(273,'GE','CT64-P4C','DHC-5B (not produced)','','','','','2','-','14','2','-','2','','',''),(274,'GE','CT64-820-1','DHC-5A','2.825','','','','2','-','14','2','-','2','','',''),(275,'Fiat','CT64-820-2','G222 SAMA','2.938','','','','2','-','14','2','-','2','','',''),(276,'GE','CT64-820-3','DHC-5A','3.060','','','','2','-','14','2','-','2','','',''),(277,'GE','CT64-820-4','DHC-5D','3.133','','','','2','-','14','2','-','2','','',''),(278,'Glushenkov (OMKB)','TVD-10B','An-3, An-28, Be-30, T-106, T-501','','','','','','','','','','','','',''),(279,'Honeywell','HTS900','Bell 407X, Bell 429','925','','','','','','','','','','','',''),(280,'Honeywell','HTS1000','','','','','','','','','','','','','',''),(281,'Isotov (Klimov)','GTD-350','Mi-2/-2B/-2R','394','0,84','5','6,1','1 + FT','-','7 + 1C','1','-','2','54,4','24,8','307'),(282,'Isotov (Klimov)','TV2-117','Tu-91, Mi-8','1.480','','','','','','','','','','','',''),(283,'Isotov (Klimov)','TV3-117','Mi-4, Mi-7, Mi-8','2.195','','','','1 + FT','-','10','2','-','2','','',''),(284,'Isotov (Klimov)','TV3-117VMA','Ka-32A/A1/A2','2.200','','','','1 + FT','-','10','2','-','2','','',''),(285,'Isotov (Klimov)','TV3-117VMA-02','Ka-32A/A1/A2','3.221','','','','','','','','','','','',''),(286,'Isotov (Klimov)','TV3-117VMA-SB2','An-140','','','','','','','','','','','','',''),(287,'Ivchenko','AI-20-5','An-32','4.973','','','','1','-','10','3','-','-','','',''),(288,'Ivchenko','AI-20D-3','An-8, Be-12','4.022','','','','1','-','10','3','-','-','','',''),(289,'Ivchenko','AI-20D-4','An-8, Be-12','4.973','','','','1','-','10','3','-','-','','',''),(290,'Ivchenko','AI-20D-5','An-32A','','','','','1','-','10','3','-','-','','',''),(291,'Ivchenko','AI-20D-6','An-12, Il-18, Il-20, Il-22, Il-38','4.080','0,529','46','8','1','-','10','3','-','-','','',''),(292,'Ivchenko','AI-20K','An-10/10A, An-12, Il-18V','3.840','','','','1','-','10','3','-','-','','',''),(293,'Ivchenko','AI-20M','Il-18D/E, Il-38, An-32','3.900','0,44','46','7,6','1','-','10','3','-','-','121,9','46,5','2.293'),(294,'Ivchenko','AI-20V','KA22','','','','','','','','','','','','',''),(295,'Ivchenko','AI-24','An-24V-1','2.448','','','','1','-','10','3','-','-','92,4','42,3','1.323'),(296,'Ivchenko','AI-24A','An-24V-2, An-24RV','2.448','','','','1','-','10','3','-','-','','',''),(297,'Ivchenko','AI-24T','An-24T, An-26','2.560','0,51','32','7,1','1','-','10','3','-','-','','',''),(298,'Ivchenko','AI-24TV','An-30','','','','','1','-','10','3','-','-','','',''),(299,'Ivchenko','AI-26-2','An-24A/B/PV/T/V','2.550','','29','7,6','1','-','10','3','-','-','','',''),(300,'Ivchenko','AI-26P','SM-6','','','','','1','-','10','3','-','-','','',''),(301,'Ivchenko','AI-26T','An-24A/B/T','2.820','','','7,9','1','-','10','3','-','-','','',''),(302,'Ivchenko','AI-26VT','An-26, An-30','','','','','1','-','10','3','-','-','','',''),(303,'Ivchenko','D-27','An-180','14.000','','','','','','','','','','','',''),(304,'Ivchenko (Progress)','D-236','','10.850','0,462','','','2 + FT','-','7','1','-','2','','',''),(305,'Klimov','TV7-117','Il-114 prototype','2.466','','','16','1 + FT','-','5 + 1C','2','-','2','','',''),(306,'Klimov','TV7-117E','Raketa 2.2','2.467','','','','1 + FT','-','5 + 1C','2','-','2','','',''),(307,'Klimov','TV7-117S','Il-114','','','','','1 + FT','-','5 + 1C','2','-','2','84,4','37','1.146'),(308,'Klimov','TV7-117SD','An-140','','','','','1 + FT','-','5 + 1C','2','-','2','','',''),(309,'Klimov','TV7-117SV','MiG-110','','','','','1 + FT','-','5 + 1C','2','-','2','','',''),(310,'Klimov','TV7-117V','Mi-38 (proposed)','','','','','1 + FT','-','5 + 1C','2','-','2','','',''),(311,'Klimov','TV7-117VMA-S','An-38','1.900','0,496','','','1 + FT','-','5 + 1C','2','-','2','','',''),(312,'Klimov','TV7-117VMA-SB2','An-140','2.150','0,503','','','1 + FT','-','5 + 1C','2','-','2','','',''),(313,'Klimov','TV7-117VMA-SB3','(see VK-2500)','','','','','','','','','','','','',''),(314,'Klimov','VK-1500','An-3, An-38, Be-132 (proposed)','','','','','','','','','','','','',''),(315,'Klimov','VK-1500VK','Ka-60, Ka-62 (proposed)','','','','','','','','','','','','',''),(316,'Klimov','VK-1500VM','Mi-8 (proposed)','','','','','','','','','','','','',''),(317,'Klimov','VK-3000','Mi-38 (proposed)','','','','','','','','','','','','',''),(318,'Klimov','VK-3500','','3.500','','','','','','','','','','','',''),(319,'Kuznetsov','NK-4','An-10 prototype','4.000','','','','','','','','','','','',''),(320,'Kuznetsov','NK-12M','','12.000','','143','13','1','-','14','5','-','-','','',''),(321,'Kuznetsov','NK-12MA','An-22, Tu-20','14.795','0,36','143','13','1','-','14','5','-','-','','',''),(322,'Kuznetsov','NK-12MK','S-90-200','','','','','1','-','14','5','-','-','','',''),(323,'Kuznetsov','NK-12MV','Tu-114/-114D','14.795','0,36','143','13','1','-','14','5','-','-','','',''),(324,'LHTEC','CTP800-4T','Ayres LM200','2.700','0,47','','14,1','1 + FT','-','2C','2','-','2','69','50','1.140'),(325,'LHTEC','CTS800-2','A129 (test aircraft)','1.360','0,448','','14,1','1 + FT','-','2C','2','-','2','31,5','26,8','330'),(326,'Lyulka (Saturn)','AL-34','S-86','700','','','','','','','','','','','',''),(327,'Mitsubishi','CT63-M-5A','HS-369','317','0,65','','6,2','2','-','6 + 1C','2','-','2','41','19','139'),(328,'Mitsubishi','MG5-110','MH-2000','876','0,27','','11','1','-','1','2','-','-','47,2','29','340'),(329,'Napier','Eland NEl.1','Convair CV-540','2.920','','','','','','','','','','','',''),(330,'Napier','Eland NEl.6 Mk.504A','Canadair 540C','3.500','','','','','','','','','','','',''),(331,'Napier','Eland NEl.7','(see military turboshaft specifications)','','','','','','','','','','','','',''),(332,'Pratt Whitney','JTFTD12A-1','S-64A','4.050','0,695','','','1 + FT','-','9','2','-','2','','34','882'),(333,'Pratt Whitney','JTFTD12A-3','','','','','','1 + FT','-','9','2','-','2','','34',''),(334,'Pratt Whitney','JTFTD12A-4A','S-64E','4.500','0,69','','','1 + FT','-','9','2','-','2','','34','920'),(335,'Pratt Whitney','JTFTD12A-5A','S-64F','4.800','0,688','','','1 + FT','-','9','2','-','2','','34','935'),(336,'Pratt Whitney Canada','PT6A-6A','PC-6/B Turbo-Porter, P-841 Potez','550','','','','1 + FT','-','3 + 1C','2','-','1','62','19',''),(337,'Pratt Whitney Canada','PT6A-11','Cheyenne I/IA, T-1040','500','0,647','','','1 + FT','-','3 + 1C','2','-','1','62','19','328'),(338,'Pratt Whitney Canada','PT6A-11AG','Turbo-Thrush S2R-T11, Ag-Cat, 620 TP','500','0,647','','','1 + FT','-','3 + 1C','2','-','1','62','19','330'),(339,'Pratt Whitney Canada','PT6A-15AG','Turbo-Thrush S2R-T15, Turbo-Cat, Ag-Cat D, AT-400/-402/-502','680','0,602','','','1 + FT','-','3 + 1C','2','-','1','62','19','328'),(340,'Pratt Whitney Canada','PT6A-20','DHC-6 Twin Otter 1/100/110/200/210, King Air A90, Merlin IIA, PC-6/B1 Turbo-Porter','550','','','','1 + FT','-','3 + 1C','2','-','1','62','19',''),(341,'Pratt Whitney Canada','PT6A-20A','','550','','','','1 + FT','-','3 + 1C','2','-','1','62','19',''),(342,'Pratt Whitney Canada','PT6A-20B','','550','','','','1 + FT','-','3 + 1C','2','-','1','62','19',''),(343,'Pratt Whitney Canada','PT6A-21','King Air C90B','550','0,63','','','1 + FT','-','3 + 1C','2','-','1','62','19','328'),(344,'Pratt Whitney Canada','PT6A-25A','PC-7, Firecracker','550','0,63','','','1 + FT','-','3 + 1C','2','-','1','62','19','343'),(345,'Pratt Whitney Canada','PT6A-25C','PC-7 Mk.II','750','0,595','','','1 + FT','-','3 + 1C','2','-','1','62','19','335'),(346,'Pratt Whitney Canada','PT6A-27','DHC-6 Twin Otter 300/320, Westwind II/III, Airliner A99, L-410A/F, EMB-110, Y-12 II, PC-6/B2','620','0,602','7','6,7','1 + FT','-','3 + 1C','2','-','1','62','19','328'),(347,'Pratt Whitney Canada','PT6A-28','King Air E90/A100, Cheyenne II, EMB-121A Xingu I','680','0,602','','','1 + FT','-','3 + 1C','2','-','1','62','19','328'),(348,'Pratt Whitney Canada','PT6A-34','Commuter C99, 101/101B/102 Avara, ST-28, EMB-110K1/P1/P2','750','0,595','','','1 + FT','-','3 + 1C','2','-','1','62','19','331'),(349,'Pratt Whitney Canada','PT6A-34AG','Ag-Cat, AT-402/502/503A, Fieldmaster, Turbo-Thrush S2R-T34','750','0,595','','','1 + FT','-','3 + 1C','2','-','1','62','19','331'),(350,'Pratt Whitney Canada','PT6A-36','Commuter C99','750','0,59','','','1 + FT','-','3 + 1C','2','-','1','62','19','331'),(351,'Pratt Whitney Canada','PT6A-41','King Air 200, Cheyenne III','850','0,591','','','1 + FT','-','3 + 1C','2','-','2','67','19','403'),(352,'Pratt Whitney Canada','PT6A-41AG','Turbo Cat, Turbo Ag-Cat','850','','','','1 + FT','-','3 + 1C','2','-','2','67','19','412'),(353,'Pratt Whitney Canada','PT6A-42','King Air B200, EMB-121V Xingu III','850','0,601','','','1 + FT','-','3 + 1C','2','-','2','67','19','403'),(354,'Pratt Whitney Canada','PT6A-42A','','850','','','','1 + FT','-','3 + 1C','2','-','2','67','19','403'),(355,'Pratt Whitney Canada','PT6A-45A','Shorts 330, Mowhawk 298','850','0,554','','','1 + FT','-','3 + 1C','2','-','2','72','19','434'),(356,'Pratt Whitney Canada','PT6A-45B','Shorts 330, Mowhawk 298','850','0,554','','','1 + FT','-','3 + 1C','2','-','2','72','19','434'),(357,'Pratt Whitney Canada','PT6A-45R','Shorts 330-200/360-100, Mowhawk 298','850','0,553','','','1 + FT','-','3 + 1C','2','-','2','72','19','448'),(358,'Pratt Whitney Canada','PT6A-50','DHC-7 Dash 7 1/100/101/150/151','1.120','0,56','','','1 + FT','-','3 + 1C','2','-','2','84','19','607'),(359,'Pratt Whitney Canada','PT6A-50/7','DHC-7 Dash 7 200 (not produced)','1.120','','','','1 + FT','-','3 + 1C','2','-','2','84','19','607'),(360,'Pratt Whitney Canada','PT6A-60A','King Air 300, King Air 350','1.050','0,548','','','1 + FT','-','3 + 1C','2','-','2','72','19','475'),(361,'Pratt Whitney Canada','PT6A-61','Cheyenne IIIA','850','0,591','','','1 + FT','-','3 + 1C','2','-','2','67','19','429'),(362,'Pratt Whitney Canada','PT6A-62','Orlik','950','0,567','','','1 + FT','-','3 + 1C','2','-','2','70','19','454'),(363,'Pratt Whitney Canada','PT6A-64','TBM 700','700','0,703','','','1 + FT','-','3 + 1C','2','-','2','','19','456'),(364,'Pratt Whitney Canada','PT6A-65AG','Turbo Thrush, AT-802/802A, Firemaster','1.300','0,509','','','1 + FT','-','4 + 1C','2','-','2','75','19','486'),(365,'Pratt Whitney Canada','PT6A-65AR','Shorts 360-200, AMI DC-3','1.424','0,509','','','1 + FT','-','4 + 1C','2','-','2','75','19','486'),(366,'Pratt Whitney Canada','PT6A-65B','Commuter 1900, PZL-M-18, Be-32','1.100','0,536','10','10','1 + FT','-','4 + 1C','2','-','2','74','19','481'),(367,'Pratt Whitney Canada','PT6A-65R','Shorts 360-200, AMI DC-3','1.376','0,512','','','1 + FT','-','4 + 1C','2','-','2','75','19','481'),(368,'Pratt Whitney Canada','PT6A-66','Avanti, M-102','850','0,62','','','1 + FT','-','4 + 1C','2','-','2','70','19','470'),(369,'Pratt Whitney Canada','PT6A-67','RC-12K/N/P/Q','1.100','0,547','','','1 + FT','-','4 + 1C','2','-','2','76','19','506'),(370,'Pratt Whitney Canada','PT6A-67A','Starship 2000','1.200','0,549','','','1 + FT','-','4 + 1C','2','-','2','','19','506'),(371,'Pratt Whitney Canada','PT6A-67AF','Turbo Firecat','1.424','0,52','','','1 + FT','-','4 + 1C','2','-','2','','19','532'),(372,'Pratt Whitney Canada','PT6A-67B','PC-12','1.200','0,552','','','1 + FT','-','4 + 1C','2','-','2','','19','515'),(373,'Pratt Whitney Canada','PT6A-67D','1900D','1.220','0,53','','','1 + FT','-','4 + 1C','2','-','2','','19','515'),(374,'Pratt Whitney Canada','PT6A-67R','Shorts 360-300, Basler Turbo BT-67','1.424','0,52','','','1 + FT','-','4 + 1C','2','-','2','76','19','515'),(375,'Pratt Whitney Canada','PT6A-110','Do 128-6','400','','','','1 + FT','-','3 + 1C','2','-','1','62','19','334'),(376,'Pratt Whitney Canada','PT6A-112','Conquest I, Corsair I, F406 Caravan II','500','0,637','','','1 + FT','-','3 + 1C','2','-','1','62','19','334'),(377,'Pratt Whitney Canada','PT6A-114','Caravan I/IA','600','0,64','','','1 + FT','-','3 + 1C','2','-','1','62','19','350'),(378,'Pratt Whitney Canada','PT6A-114A','Super Caravan','675','','','','1 + FT','-','3 + 1C','2','-','1','62','19','350'),(379,'Pratt Whitney Canada','PT6A-135','King Air F90, EMB-121A1 Xingu II, Cheyenne IIXL, Comanchero 750','750','0,585','','','1 + FT','-','3 + 1C','2','-','1','62','19','344'),(380,'Pratt Whitney Canada','PT6A-135A','King Air F90-1, ST-50, Seastar','750','0,585','','','1 + FT','-','3 + 1C','2','-','1','62','19','344'),(381,'Pratt Whitney Canada','PT6B-36','S-76B','981','0,594','','','1 + FT','-','4 + 1C','2','-','2','59,2','19,5','372'),(382,'Pratt Whitney Canada','PT6B-36A','','','0,581','','','1 + FT','-','4 + 1C','2','-','2','59,2','19,5','378'),(383,'Pratt Whitney Canada','PT6B-36B','','','0,581','','','1 + FT','-','4 + 1C','2','-','2','59,2','19,5','386'),(384,'Pratt Whitney Canada','PT6C','','','','','','1 + FT','-','4 + 1C','2','-','2','59,2','19,5',''),(385,'Pratt Whitney Canada','PT6T-3','Bell 212, S-58T','1.290','','','','1 + FT','-','4 + 1C','2','-','2','67','44','648'),(386,'Pratt Whitney Canada','PT6T-3B','Bell 212','1.290','0,596','','','1 + FT','-','4 + 1C','2','-','2','67','44','660'),(387,'Pratt Whitney Canada','PT6T-3B-1','Bell 412/412SP','1.800','0,596','','','1 + FT','-','4 + 1C','2','-','2','67','44','660'),(388,'Pratt Whitney Canada','PT6T-3BE','Bell 412HP','1.800','','','','1 + FT','-','4 + 1C','2','-','2','67','44','660'),(389,'Pratt Whitney Canada','PT6T-3D','Bell 412EP','1.800','0,601','','','1 + FT','-','4 + 1C','2','-','2','67','44','690'),(390,'Pratt Whitney Canada','PT6T-3DF','','','','','','1 + FT','-','4 + 1C','2','-','2','67','44','690'),(391,'Pratt Whitney Canada','PT6T-6','S-58T, AB212','1.875','0,602','','','1 + FT','-','4 + 1C','2','-','2','67','44','660'),(392,'Pratt Whitney Canada','PT6T-6B','AB212HP','1.875','','','','1 + FT','-','4 + 1C','2','-','2','67','44','660'),(393,'Pratt Whitney Canada','PW115','EMB-120','1.500','','','','2 + FT','1C','1C','1','1','2','81','31',''),(394,'Pratt Whitney Canada','PW118','EMB-120/-120ER','1.800','0,498','','','2 + FT','1C','1C','1','1','2','81','31','861'),(395,'Pratt Whitney Canada','PW118A','EMB-120/-120ER','1.800','0,504','','','2 + FT','1C','1C','1','1','2','81','31','866'),(396,'Pratt Whitney Canada','PW119B','Do 328-100/-110','2.180','0,49','','','2 + FT','1C','1C','1','1','2','81','31','916'),(397,'Pratt Whitney Canada','PW119C','','','','','','2 + FT','1C','1C','1','1','2','81','31',''),(398,'Pratt Whitney Canada','PW120','ATR42, SA210TA','2.000','0,485','','','2 + FT','1C','1C','1','1','2','84','31','921'),(399,'Pratt Whitney Canada','PW120A','Dash 8-100/-100A','2.000','0,485','','','2 + FT','1C','1C','1','1','2','84','31','933'),(400,'Pratt Whitney Canada','PW121','Dash 8-100/-100A/-100B, ATR42','2.150','0,476','','','2 + FT','1C','1C','1','1','2','84','31','936'),(401,'Pratt Whitney Canada','PW123','Dash 8-300','2.380','0,47','','','2 + FT','1C','1C','1','1','2','84','33','992'),(402,'Pratt Whitney Canada','PW123AF','CL-215/415','2.380','0,47','','','2 + FT','1C','1C','1','1','2','84','33','992'),(403,'Pratt Whitney Canada','PW123B','Dash 8-300','2.500','0,463','','','2 + FT','1C','1C','1','1','2','84','33','992'),(404,'Pratt Whitney Canada','PW123C','Dash 8-200A/-Q300','2.150','0,483','','','2 + FT','1C','1C','1','1','2','84','33','1.060'),(405,'Pratt Whitney Canada','PW123D','Dash 8-200B/-Q300','2.150','0,483','','','2 + FT','1C','1C','1','1','2','84','33','1.060'),(406,'Pratt Whitney Canada','PW123E','Dash 8-Q300','2.380','','','','2 + FT','1C','1C','1','1','2','84','33','1.060'),(407,'Pratt Whitney Canada','PW124B','ATR72','2.380','0,468','','13,9','2 + FT','1C','1C','1','1','2','84','33','1.060'),(408,'Pratt Whitney Canada','PW125B','Fokker 50-100','2.380','0,463','','','2 + FT','1C','1C','1','1','2','84','33','1.060'),(409,'Pratt Whitney Canada','PW126','BAe ATP','2.653','0,463','','','2 + FT','1C','1C','1','1','2','84','33','1.060'),(410,'Pratt Whitney Canada','PW126A','BAe ATP','2.662','0,461','','','2 + FT','1C','1C','1','1','2','84','33','1.060'),(411,'Pratt Whitney Canada','PW127A','An-140, Fokker 50-300','2.380','','','','2 + FT','1C','1C','1','1','2','84','33','1.060'),(412,'Pratt Whitney Canada','PW127B','Fokker 50-400','2.750','0,459','','','2 + FT','1C','1C','1','1','2','84','33','1.060'),(413,'Pratt Whitney Canada','PW127C','Y7-200A','2.750','0,459','','','2 + FT','1C','1C','1','1','2','84','33','1.060'),(414,'Pratt Whitney Canada','PW127D','Jetstream 61','2.750','','','','2 + FT','1C','1C','1','1','2','84','33','1.060'),(415,'Pratt Whitney Canada','PW127E','ATR42-500','2.400','','','','2 + FT','1C','1C','1','1','2','84','33','1.060'),(416,'Pratt Whitney Canada','PW127F','ATR72-500','2.750','0,459','','','2 + FT','1C','1C','1','1','2','84','33','1.060'),(417,'Pratt Whitney Canada','PW127J','MA-60','2.750','','','','2 + FT','1C','1C','1','1','2','84','33','1.060'),(418,'Pratt Whitney Canada','PW127T/S','Mi-38 (proposed)','3.356','','','','2 + FT','1C','1C','1','1','2','','',''),(419,'Pratt Whitney Canada','PW130','Fokker 50-200 (not produced)','','','','','2 + FT','1C','1C','1','1','2','84','33','1.060'),(420,'Pratt Whitney Canada','PW150A','Dash 8-Q400','5.075','','','','2 + FT','1C','1C','1','1','2','84','33','1.060'),(421,'Pratt Whitney Canada','PW206A','MD Explorer','640','0,543','','','1 + FT','-','1C','1','-','1','35,9','22,3',''),(422,'Pratt Whitney Canada','PW206B','EC135P1','635','0,548','','','1 + FT','-','1C','1','-','1','41','24,7',''),(423,'Pratt Whitney Canada','PW206B2','EC135P2','','','','','1 + FT','-','1C','1','-','1','41','24,7',''),(424,'Pratt Whitney Canada','PW206C','A109E','732','','','','1 + FT','-','1C','1','-','1','','',''),(425,'Pratt Whitney Canada','PW206E','','','','','','1 + FT','-','1C','1','-','1','','',''),(426,'Pratt Whitney Canada','PW207E','','','','','','1 + FT','-','1C','1','-','1','','',''),(427,'Pratt Whitney Canada','PW207K','Ansat','','','','','1 + FT','-','1C','1','-','1','','',''),(428,'Pratt Whitney Canada','PW210S','S-76D','1.000','','','','','-','','','','','','',''),(429,'PZL Rzeszw','TWD-10B','An-28','1.011','0,57','10','7,4','1 + FT','-','6 + 1A','2','-','1','81,1','35,4','661'),(430,'PZL Rzeszw','TWD-10W','W-3 Sokol','888','0,6','10','7,4','1 + FT','-','6 + 1A','2','-','1','73,8','30,1','310'),(431,'Rolls-Royce','Dart RDa.1 Mk.502','Viscount 630','900','','','','1','-','2C','3','-','-','','',''),(432,'Rolls-Royce','Dart RDa.3 Mk.505','Viscount 700','1.400','','','','1','-','2C','3','-','-','','',''),(433,'Rolls-Royce','Dart RDa.3 Mk.506','Viscount 700','1.400','','','','1','-','2C','3','-','-','','',''),(434,'Rolls-Royce','Dart RDa.?? Mk.507','F27 Prototype 1','','','','','1','-','2C','3','-','-','','',''),(435,'Rolls-Royce','Dart RDa.6 Mk.510','Viscount 700D/800','1.600','','','','1','-','2C','3','-','-','','',''),(436,'Rolls-Royce','Dart RDa.6 Mk.511','','','','','','1','-','2C','3','-','-','','',''),(437,'Rolls-Royce','Dart RDa.6 Mk.511-7E','F-27, F27 Prototype 2','','','','','1','-','2C','3','-','-','','',''),(438,'Rolls-Royce','Dart RDa.6 Mk.512','ATL.90 Accountant','1.660','','','','1','-','2C','3','-','-','','',''),(439,'Rolls-Royce','Dart RDa.6 Mk.514','Andover 1','1.660','','','','1','-','2C','3','-','-','','',''),(440,'Rolls-Royce','Dart RDa.6 Mk.514-7','F-27/-27B, F27 Mk.100/Mk.300/Mk.700','1.715','','','','1','-','2C','3','-','-','','',''),(441,'Rolls-Royce','Dart RDa.7 Mk.520','Viscount 806','1.742','','','','1','-','2C','3','-','-','','',''),(442,'Rolls-Royce','Dart RDa.7/1 Mk.525-F','Viscount 810','1.834','','','','1','-','2C','3','-','-','','',''),(443,'Rolls-Royce','Dart RDa.7 Mk.526','A.W.650 Argosy 100','1.940','','','','1','-','2C','3','-','-','','',''),(444,'Rolls-Royce','Dart RDa.7 Mk.527','A.W.650 Argosy 200, Herald 100/200','2.000','','','','1','-','2C','3','-','-','','',''),(445,'Rolls-Royce','Dart RDa.7 Mk.528','','','','','','1','-','2C','3','-','-','','',''),(446,'Rolls-Royce','Dart RDa.7 Mk.528-7E','F-27A, F27 Mk.200/Mk.400','2.000','','','','1','-','2C','3','-','-','','',''),(447,'Rolls-Royce','Dart RDa.7 Mk.528D-7E','','','','','','1','-','2C','3','-','-','','',''),(448,'Rolls-Royce','Dart RDa.7 Mk.529-7','F-27F','2.016','','','','1','-','2C','3','-','-','','',''),(449,'Rolls-Royce','Dart RDa.7 Mk.529-7E','','','','','','1','-','2C','3','-','-','','',''),(450,'Rolls-Royce','Dart RDa.7 Mk.529D-7E','','','','','','1','-','2C','3','-','-','','',''),(451,'Rolls-Royce','Dart RDa.7 Mk.529-7H','','','','','','1','-','2C','3','-','-','','',''),(452,'Rolls-Royce','Dart RDa.7 Mk.529D-7H','','','','','','1','-','2C','3','-','-','','',''),(453,'Rolls-Royce','Dart RDa.7 Mk.529-8E','','','','','','1','-','2C','3','-','-','','',''),(454,'Rolls-Royce','Dart RDa.7 Mk.529D-8E','','','','','','1','-','2C','3','-','-','','',''),(455,'Rolls-Royce','Dart RDa.7 Mk.529-8H','','','','','','1','-','2C','3','-','-','','',''),(456,'Rolls-Royce','Dart RDa.7 Mk.529D-8H','','','','','','1','-','2C','3','-','-','','',''),(457,'Rolls-Royce','Dart RDa.7 Mk.529-8X','Gulfstream I/I-C','1.895','','','','1','-','2C','3','-','-','','',''),(458,'Rolls-Royce','Dart RDa.7 Mk.529D-8X','','','','','','1','-','2C','3','-','-','','',''),(459,'Rolls-Royce','Dart RDa.7 Mk.529-8Y','','','','','','1','-','2C','3','-','-','','',''),(460,'Rolls-Royce','Dart RDa.7 Mk.529D-8Y','','','','','','1','-','2C','3','-','-','','',''),(461,'Rolls-Royce','Dart RDa.7 Mk.529-8Z','','','','','','1','-','2C','3','-','-','','',''),(462,'Rolls-Royce','Dart RDa.7 Mk.529D-8Z','','','','','','1','-','2C','3','-','-','','',''),(463,'Rolls-Royce','Dart RDa.7/1 Mk.530','Viscount 830','1.940','','','','1','-','2C','3','-','-','','',''),(464,'Rolls-Royce','Dart RDa.7 Mk.531','Viscount 830, Andover 2','1.940','','','','1','-','2C','3','-','-','','',''),(465,'Rolls-Royce','Dart RDa.7 Mk.532','Herald 600/800','2.030','0,57','24','5,6','1','-','2C','3','-','-','','',''),(466,'Rolls-Royce','Dart RDa.7 Mk.532-2L','','','','','','1','-','2C','3','-','-','','',''),(467,'Rolls-Royce','Dart RDa.7 Mk.532-2S','','','','','','1','-','2C','3','-','-','','',''),(468,'Rolls-Royce','Dart RDa.7 Mk.532-7','F-27J, FH-227/-227B/-227C F27 Mk.400','2.150','','','','1','-','2C','3','-','-','','',''),(469,'Rolls-Royce','Dart RDa.7 Mk.532-7L','FH-227D/E','2.190','','','','1','-','2C','3','-','-','','',''),(470,'Rolls-Royce','Dart RDa.7 Mk.532-7N','F-27M','2.190','','','','1','-','2C','3','-','-','','',''),(471,'Rolls-Royce','Dart RDa.7 Mk.532-7R','','','','','','1','-','2C','3','-','-','','',''),(472,'Rolls-Royce','Dart RDa.7 Mk.533-2','Andover 2','','','','','1','-','2C','3','-','-','','',''),(473,'Rolls-Royce','Dart RDa.7 Mk.534-2','Andover 2A','','','','','1','-','2C','3','-','-','','',''),(474,'Rolls-Royce','Dart RDa.7 Mk.535-2','','','','','','1','-','2C','3','-','-','','',''),(475,'Rolls-Royce','Dart RDa.7 Mk.535-7','','','','','','1','-','2C','3','-','-','','',''),(476,'Rolls-Royce','Dart RDa.7 Mk.535-7R','','','','','','1','-','2C','3','-','-','','',''),(477,'Rolls-Royce','Dart RDa.7 Mk.536','Andover 2B','2.210','','','','1','-','2C','3','-','-','','',''),(478,'Rolls-Royce','Dart RDa.7 Mk.536-2','','','','','','1','-','2C','3','-','-','','',''),(479,'Rolls-Royce','Dart RDa.7 Mk.536-2T','','','','','','1','-','2C','3','-','-','','',''),(480,'Rolls-Royce','Dart RDa.7 Mk.536-7','','','','','','1','-','2C','3','-','-','','',''),(481,'Rolls-Royce','Dart RDa.7 Mk.536-7P','','','','','','1','-','2C','3','-','-','','',''),(482,'Rolls-Royce','Dart RDa.7 Mk.536-7R','F27 Mk.500/Mk.600/Mk.600RF','2.210','','','','1','-','2C','3','-','-','','',''),(483,'Rolls-Royce','Dart RDa.10/1 Mk.542','Convair CV-600/640, YS-11-100, YS-11A200/300/400/500/600','2.915','0,55','27','6,4','1','-','2C','3','-','-','','',''),(484,'Rolls-Royce','Dart RDa.10 Mk.542-4','','','','','','1','-','2C','3','-','-','','',''),(485,'Rolls-Royce','Dart RDa.10 Mk.542-4K','','','','','','1','-','2C','3','-','-','','',''),(486,'Rolls-Royce','Dart RDa.10 Mk.542-10','','','','','','1','-','2C','3','-','-','','',''),(487,'Rolls-Royce','Dart RDa.10 Mk.542-10J','','','','','','1','-','2C','3','-','-','','',''),(488,'Rolls-Royce','Dart RDa.10 Mk.542-10K','','','','','','1','-','2C','3','-','-','','',''),(489,'Rolls-Royce','Dart RDa.10 Mk.543-10','','','','','','1','-','2C','3','-','-','','',''),(490,'Rolls-Royce','Dart RDa.10 Mk.543-10K','','','','','','1','-','2C','3','-','-','','',''),(491,'Rolls-Royce','Dart RDa.?? Mk.550-2','','','','','','1','-','2C','3','-','-','','',''),(492,'Rolls-Royce','Dart RDa.?? Mk.552','Andover 2B','2.210','','','','1','-','2C','3','-','-','','',''),(493,'Rolls-Royce','Dart RDa.?? Mk.552-2','','','','','','1','-','2C','3','-','-','','',''),(494,'Rolls-Royce','Dart RDa.?? Mk.552-7','','','','','','1','-','2C','3','-','-','','',''),(495,'Rolls-Royce','Dart RDa.?? Mk.552-7R','','','','','','1','-','2C','3','-','-','','',''),(496,'Rolls-Royce','Dart RDa.12 Mk.???','DHC-5C (not produced)','','','','','1','-','2C','3','-','-','','',''),(497,'Rolls-Royce','Gem 42-1 Mk.204','Westland 30 Series 100','1.135','0,65','','','3','4','1C','1','1','2','43,2','23,5','404'),(498,'Rolls-Royce','Gem 60-3 Mk.530','Westland 30 Series 100-60','1.260','0,61','','','3','','','','','','','','407'),(499,'Rolls-Royce','Tyne RTy.11 Mk.506','Vanguard 951/953','4.900','','','','2','6','9','1','-','3','','',''),(500,'Rolls-Royce','Tyne RTy.11 Mk.512','Vanguard 952','5.545','','','','2','6','9','1','-','3','','',''),(501,'Rolls-Royce','Tyne RTy.12 Mk.515','Canadair 400','5.095','0,39','47','13,5','2','6','9','1','-','3','','',''),(502,'Rolls-Royce','Tyne RTy.12 Mk.515/10','CL-44D/D-4/J','5.095','0,39','47','13,5','2','6','9','1','-','3','109','43,2','2.219'),(503,'Rolls-Royce/Turbomeca','RTM 322-??','CL 160 (candidate engine)','','','','','1 + FT','-','3 + 1C','2','-','2','','',''),(504,'Rolls-Royce/Turbomeca','RTM 322-??','S-92 (candidate engine)','','','','','1 + FT','-','3 + 1C','2','-','2','','',''),(505,'Samara','NK-123','Il-100','650','','','','','','','','','','','',''),(506,'Saturn','RD-600V','Ka-62','1.302','','','','','','','','','','','',''),(507,'Saturn','TVD-1500','An-38','1.302','','','14,4','1 + FT','-','3 + 1C','2','-','2','77,4','29,9','529'),(508,'Soloviev','D-25V','Mi-6/6K, Mi-10, Mi-12, KA22','5.500','0,64','58','5,6','1 + FT','-','6','1','-','2','','',''),(509,'Soloviev','D-25VF','Mi-10K, Mi-12','6.500','','','','1 + FT','-','6','1','-','2','','',''),(510,'Turbomeca','Ardiden 1H','EC155, A149, KMH (candidate engine)','993','','','','1 + FT','','2C','1','-','1','','',''),(511,'Turbomeca','Arriel 1A','SA365C','641','0,573','','9','1 + FT','-','1 + 1C','2','-','1','42,9','22,4','265'),(512,'Turbomeca','Arriel 1A1','SA365C1','641','0,573','','9','1 + FT','-','1 + 1C','2','-','1','42,9','22,4','265'),(513,'Turbomeca','Arriel 1A2','SA365C2','641','0,573','','9','1 + FT','-','1 + 1C','2','-','1','42,9','22,4','265'),(514,'Turbomeca','Arriel 1B','AS350B/BA','641','0,573','','9','1 + FT','-','1 + 1C','2','-','1','42,9','22,4','265'),(515,'Turbomeca','Arriel 1C','AS365N','660','','','','1 + FT','-','1 + 1C','2','-','1','','',''),(516,'Turbomeca','Arriel 1C1','AS365N1, S-76A+','700','','','','1 + FT','-','1 + 1C','2','-','1','','',''),(517,'Turbomeca','Arriel 1C2','AS365N2','700','','','','1 + FT','-','1 + 1C','2','-','1','','',''),(518,'Turbomeca','Arriel 1D','AS350B1','684','','','','1 + FT','-','1 + 1C','2','-','1','','',''),(519,'Turbomeca','Arriel 1D1','AS350B1/B2, AS-550, KA128','732','','','','1 + FT','-','1 + 1C','2','-','1','','',''),(520,'Turbomeca','Arriel 1E','BK117C1','708','','','','1 + FT','-','1 + 1C','2','-','1','','',''),(521,'Turbomeca','Arriel 1E2','BK117C1C, EC145 (BK117C2)','738','','','','1 + FT','-','1 + 1C','2','-','1','','',''),(522,'Turbomeca','Arriel 1K','A109K','','','','','1 + FT','-','1 + 1C','2','-','1','','',''),(523,'Turbomeca','Arriel 1K1','A109K2','738','','','','1 + FT','-','1 + 1C','2','-','1','','',''),(524,'Turbomeca','Arriel 1M','AS365F','691','','','','1 + FT','-','1 + 1C','2','-','1','','',''),(525,'Turbomeca','Arriel 1M1','AS365F1','783','','','','1 + FT','-','1 + 1C','2','-','1','','',''),(526,'Turbomeca','Arriel 1S','S-76A+','700','','','','1 + FT','-','1 + 1C','2','-','1','','',''),(527,'Turbomeca','Arriel 1S1','S-76A++/C','723','','','','1 + FT','-','1 + 1C','2','-','1','60,6','31',''),(528,'Turbomeca','Arriel 2B','AS350B3','848','','','','1 + FT','-','1 + 1C','2','-','1','','',''),(529,'Turbomeca','Arriel 2B1','EC130B4','848','','','','1 + FT','-','1 + 1C','2','-','1','','',''),(530,'Turbomeca','Arriel 2B1A','Z11','','','','','1 + FT','-','1 + 1C','2','-','1','','',''),(531,'Turbomeca','Arriel 2C','AS365N3, H410A','839','','','','1 + FT','-','1 + 1C','2','-','1','','',''),(532,'Turbomeca','Arriel 2C1','EC155B','839','','','','1 + FT','-','1 + 1C','2','-','1','','',''),(533,'Turbomeca','Arriel 2C2','EC155B1','944','','','','1 + FT','-','1 + 1C','2','-','1','39,9','22,7',''),(534,'Turbomeca','Arriel 2S1','S-76C+','856','','','','1 + FT','-','1 + 1C','2','-','1','','',''),(535,'Turbomeca','Arriel 2S2','S-76C++','','','','','1 + FT','-','1 + 1C','2','-','1','','',''),(536,'Turbomeca','Arrius 1A','AS355N','480','','','','1 + FT','-','1C','1','-','1','30,8','21,3','192'),(537,'Turbomeca','Arrius 1B','BO108 (not produced/see EC135)','480','','','','1 + FT','-','1C','1','-','1','32,5','23,2','245'),(538,'Turbomeca','Arrius 1D','Socata Omga','480','','','','1 + FT','-','1C','1','-','1','32,5','23,2','245'),(539,'Turbomeca','Arrius 1M','AS355N','480','','','','1 + FT','-','1C','1','-','1','30,8','21,3','192'),(540,'Turbomeca','Arrius 2B1','MD Explorer, EC135T1','','','','','1 + FT','-','1C','1','-','1','','',''),(541,'Turbomeca','Arrius 2B1A','EC135T1','','','','','1 + FT','-','1C','1','-','1','','',''),(542,'Turbomeca','Arrius 2B1A1','EC135T1','','','','','1 + FT','-','1C','1','-','1','','',''),(543,'Turbomeca','Arrius 2B2','EC135T2','','','','','1 + FT','-','1C','1','-','1','','',''),(544,'Turbomeca','Arrius 2D','Socata Omga','','','','','1 + FT','-','1C','1','-','1','','',''),(545,'Turbomeca','Arrius 2F','EC120B','','','','','1 + FT','-','1C','1','-','1','','',''),(546,'Turbomeca','Arrius 2K1','','','','','','1 + FT','-','1C','1','-','1','','',''),(547,'Turbomeca','Arrius 2K2','','','','','','1 + FT','-','1C','1','-','1','','',''),(548,'Turbomeca','Artouste I','SE313B','360','','','','1','-','1 + 1C','3','-','-','','',''),(549,'Turbomeca','Artouste IIC5','SE313B','360','','7','3,9','1','-','1 + 1C','3','-','-','','',''),(550,'Turbomeca','Artouste IIC6','SE313B','360','','7','3,9','1','-','1 + 1C','3','-','-','','',''),(551,'Turbomeca','Artouste IIIB','SA315B, SA316B','570','0,76','10','5,2','1','-','1 + 1C','3','-','-','','',''),(552,'Turbomeca','Artouste IIIC','SA315B, SA316B','','','','','1','-','2 + 1C','3','-','-','','',''),(553,'Turbomeca','Artouste IIID','SA316C','','','','','1','-','1 + 1C','3','-','-','','',''),(554,'Turbomeca','Astazou II','P-840.01 Potez','440','','','','1','-','1 + 1C','3','-','-','50','18',''),(555,'Turbomeca','Astazou IIA','SA318C','523','0,623','','','1','-','1 + 1C','3','-','-','50','18',''),(556,'Turbomeca','Astazou IIE','PC-6/A Turbo-Porter','523','','','','1','-','1 + 1C','3','-','-','50','18',''),(557,'Turbomeca','Astazou IIG','PC-6/A Turbo-Porter','523','','','','1','-','1 + 1C','3','-','-','50','18',''),(558,'Turbomeca','Astazou III','','591','0,643','6','','1','-','1 + 1C','3','-','-','56,3','18','324'),(559,'Turbomeca','Astazou III-2','','645','0,65','','','1','-','1 + 1C','3','-','-','','','330'),(560,'Turbomeca','Astazou IIA','SA341G','645','0,65','','','1','-','1 + 1C','3','-','-','','',''),(561,'Turbomeca','Astazou XII','Skyvan 2, PC-6/A1 Turbo-Porter, P-840.02/-842 Potez','690','','','','1','-','2 + 1C','3','-','-','','',''),(562,'Turbomeca','Astazou XIV','SA342J, Jetstream 1, Hirondelle','800','','','','1','-','2 + 1C','3','-','-','','',''),(563,'Turbomeca','Astazou XIVB','SA319B','573','0,624','','','1','-','2 + 1C','3','-','-','56,3','','366'),(564,'Turbomeca','Astazou XIVE','PC-6/A2 Turbo-Porter','573','','','','1','-','2 + 1C','3','-','-','56,3','',''),(565,'Turbomeca','Astazou XIVF','SA319B','573','','','','1','-','2 + 1C','3','-','-','56,3','',''),(566,'Turbomeca','Astazou XIVH','SA342H','','','','','1','-','2 + 1C','3','-','-','57,9','18','353'),(567,'Turbomeca','Astazou XVI','Jetstream 2','','0,5','7','8,2','1','-','2 + 1C','3','-','-','','',''),(568,'Turbomeca','Astazou XVID','Jetstream 201','940','0,5','7','8,2','1','-','2 + 1C','3','-','-','','',''),(569,'Turbomeca','Astazou XVIII','','','','','','1','-','2 + 1C','3','-','-','','',''),(570,'Turbomeca','Astazou XVIIIA','SA360C','591','0,54','','','1','-','2 + 1C','3','-','-','52,2','27,5','341'),(571,'Turbomeca','Bastan 3A','IA 50 Guarani I','850','','','','1','-','1 + 1C','3','-','-','','',''),(572,'Turbomeca','Bastan 6A','IA 50A Guarani II','930','','','','1','-','1 + 1C','3','-','-','','',''),(573,'Turbomeca','Bastan 6C1','AS262A/B','1.000','0,62','10','5,7','1','-','1 + 1C','3','-','-','','',''),(574,'Turbomeca','Bastan 7A','AS262C','1.060','0,6','13','6,8','1','-','2 + 1C','3','-','-','','',''),(575,'Turbomeca','Bastan 16','','1.728','','','','1','-','2 + 1C','3','-','-','','',''),(576,'Turbomeca','Makila 1A','AS332C/L','1.757','0,496','','','1 + FT','-','3 + 1C','2','-','2','54,9','20,3','535'),(577,'Turbomeca','Makila 1A1','AS332C1/L1','1.877','0,481','','','1 + FT','-','3 + 1C','2','-','2','54,9','20,3','535'),(578,'Turbomeca','Makila 1A2','AS332L2','2.100','','','','1 + FT','-','3 + 1C','2','-','2','54,9','20,3','535'),(579,'Turbomeca','Makila 1A4','EC225','2.400','','','','1 + FT','-','3 + 1C','2','-','2','54,9','20,3','535'),(580,'Turbomeca','Makila 2A','EC225','','','','','1 + FT','-','3 + 1C','2','-','2','','',''),(581,'Turbomeca','TM 333-2B','Indian ALH','1.001','0,529','','','1 + FT','-','2 + 1C','1','-','1','41,1','28','345'),(582,'Turbomeca','Turmastazou 14','','900','0,53','7','8','1 + FT','-','2 + 1C','2','-','2','','',''),(583,'Turbomeca','Turmo 3C3','SA321F','1.480','0,603','13','5,9','1 + FT','-','1 + 1C','2','-','1','','',''),(584,'Turbomeca','Turmo 3C5','SA321J','1.500','0,632','','','1 + FT','-','1 + 1C','2','-','1','','',''),(585,'Turbomeca','Turmo 4A','','1.417','0,629','','','1 + FT','-','1 + 1C','2','-','2','','',''),(586,'Turbomeca','Turmo 4C','SA330J','1.417','0,629','','','1 + FT','-','1 + 1C','2','-','??','','',''),(587,'Turbomeca','Turmo 6','SA330L','1.700','','','','1 + FT','-','3 + 1C','2','-','2','','',''),(588,'Turbomeca','Turmo 10','SA321','1.600','','','','1 + FT','-','3 + 1C','2','-','2','','',''),(589,'Turbomeca','Turmo 16','','2.000','','','','1 + FT','-','3 + 1C','2','-','2','','',''),(590,'Walter','M 601 A','L-410M','691','','','','1 + FT','-','2 +1C','1','-','1','65,9','25,6',''),(591,'Walter','M 601 B','L-410MA/UVP','691','0,656','7','6,4','1 + FT','-','2 +1C','1','-','1','65,9','25,6','426'),(592,'Walter','M 601 D','L-410UVP','724','0,654','8','6,6','1 + FT','-','2 +1C','1','-','1','65,3','25,6','426'),(593,'Walter','M 601 E','L-410UVP-E','751','0,649','8','6,7','1 + FT','-','2 +1C','1','-','1','65,9','25,6','441'),(594,'Walter','M 601 F','L-420, M-101, Ae-270','778','0,633','8','6,7','1 + FT','-','2 +1C','1','-','1','65,9','25,6','445'),(595,'Walter','M 601 T','PZL-130TM/TB','751','0,649','8','6,7','1 + FT','-','2 +1C','1','-','1','65,9','25,6','445'),(596,'Walter','M 601 Z','Z-137T','512','0,804','','','1 + FT','-','2 +1C','1','-','1','65,9','25,6','434'),(597,'Walter','M 602','L-610','1.824','0,559','16','13','2 + FT','1C','1C','1','1','2','105,1','34,3','1.257');
/*!40000 ALTER TABLE `turbopropenginespecifications` ENABLE KEYS */;
UNLOCK TABLES;

--
-- Table structure for table `weekdays`
--

DROP TABLE IF EXISTS `weekdays`;
/*!40101 SET @saved_cs_client     = @@character_set_client */;
/*!40101 SET character_set_client = utf8 */;
CREATE TABLE `weekdays` (
  `weekdayNumber` int(11) NOT NULL,
  `weekdayName` varchar(25) DEFAULT NULL,
  PRIMARY KEY (`weekdayNumber`),
  UNIQUE KEY `dayname_UQ` (`weekdayName`)
) ENGINE=InnoDB DEFAULT CHARSET=utf8;
/*!40101 SET character_set_client = @saved_cs_client */;

--
-- Dumping data for table `weekdays`
--

LOCK TABLES `weekdays` WRITE;
/*!40000 ALTER TABLE `weekdays` DISABLE KEYS */;
INSERT INTO `weekdays` VALUES (5,'Friday'),(1,'Monday'),(6,'Saturday'),(7,'Sunday'),(4,'Thursday'),(2,'Tuesday'),(3,'Wednesday');
/*!40000 ALTER TABLE `weekdays` ENABLE KEYS */;
UNLOCK TABLES;

--
-- Dumping events for database '0604972069_freshair'
--

--
-- Dumping routines for database '0604972069_freshair'
--
/*!50003 DROP FUNCTION IF EXISTS `flightcodewithdateandnumber` */;
/*!50003 SET @saved_cs_client      = @@character_set_client */ ;
/*!50003 SET @saved_cs_results     = @@character_set_results */ ;
/*!50003 SET @saved_col_connection = @@collation_connection */ ;
/*!50003 SET character_set_client  = utf8 */ ;
/*!50003 SET character_set_results = utf8 */ ;
/*!50003 SET collation_connection  = utf8_general_ci */ ;
/*!50003 SET @saved_sql_mode       = @@sql_mode */ ;
/*!50003 SET sql_mode              = 'STRICT_TRANS_TABLES,NO_AUTO_CREATE_USER,NO_ENGINE_SUBSTITUTION' */ ;
DELIMITER ;;
CREATE DEFINER=`0604972069`@`%` FUNCTION `flightcodewithdateandnumber`(flight_date date, flight_number char(5)) RETURNS int(11)
BEGIN
	RETURN(SELECT flightcode FROM flights WHERE flights.flightDate = flight_date AND flights.flightNumber = flight_number);
END ;;
DELIMITER ;
/*!50003 SET sql_mode              = @saved_sql_mode */ ;
/*!50003 SET character_set_client  = @saved_cs_client */ ;
/*!50003 SET character_set_results = @saved_cs_results */ ;
/*!50003 SET collation_connection  = @saved_col_connection */ ;
/*!50003 DROP FUNCTION IF EXISTS `GetIDwFlightCode` */;
/*!50003 SET @saved_cs_client      = @@character_set_client */ ;
/*!50003 SET @saved_cs_results     = @@character_set_results */ ;
/*!50003 SET @saved_col_connection = @@collation_connection */ ;
/*!50003 SET character_set_client  = utf8 */ ;
/*!50003 SET character_set_results = utf8 */ ;
/*!50003 SET collation_connection  = utf8_general_ci */ ;
/*!50003 SET @saved_sql_mode       = @@sql_mode */ ;
/*!50003 SET sql_mode              = 'STRICT_TRANS_TABLES,NO_AUTO_CREATE_USER,NO_ENGINE_SUBSTITUTION' */ ;
DELIMITER ;;
CREATE DEFINER=`0604972069`@`%` FUNCTION `GetIDwFlightCode`(daflightcode INT) RETURNS varchar(10) CHARSET utf8
begin
	RETURN(SELECT DISTINCT AircraftID FROM flights WHERE flightCode = daflightcode);
end ;;
DELIMITER ;
/*!50003 SET sql_mode              = @saved_sql_mode */ ;
/*!50003 SET character_set_client  = @saved_cs_client */ ;
/*!50003 SET character_set_results = @saved_cs_results */ ;
/*!50003 SET collation_connection  = @saved_col_connection */ ;
/*!50003 DROP FUNCTION IF EXISTS `getOccupiedSeats` */;
/*!50003 SET @saved_cs_client      = @@character_set_client */ ;
/*!50003 SET @saved_cs_results     = @@character_set_results */ ;
/*!50003 SET @saved_col_connection = @@collation_connection */ ;
/*!50003 SET character_set_client  = utf8 */ ;
/*!50003 SET character_set_results = utf8 */ ;
/*!50003 SET collation_connection  = utf8_general_ci */ ;
/*!50003 SET @saved_sql_mode       = @@sql_mode */ ;
/*!50003 SET sql_mode              = 'STRICT_TRANS_TABLES,STRICT_ALL_TABLES,NO_ZERO_IN_DATE,NO_ZERO_DATE,ALLOW_INVALID_DATES,ERROR_FOR_DIVISION_BY_ZERO,TRADITIONAL,NO_AUTO_CREATE_USER,NO_ENGINE_SUBSTITUTION' */ ;
DELIMITER ;;
CREATE DEFINER=`0604972069`@`%` FUNCTION `getOccupiedSeats`(Flight_Number CHAR(5), Flight_Date DATE) RETURNS int(11)
BEGIN
      DECLARE number_of_seats INT;
      DECLARE number_of_booked_seats INT;
      DECLARE aircraft_ID CHAR(6);

      SET aircraft_ID = (SELECT aircraftID FROM Flights WHERE flightNumber = Flight_Number AND flightDate = Flight_Date);
      SET number_of_seats = NumberOfSeats(aircraft_ID);

      SELECT COUNT(seatingID) into number_of_booked_seats
      FROM Passengers
      JOIN BookedFlights ON Passengers.bookedFlightID = BookedFlights.bookedFlightID
      JOIN Flights ON BookedFlights.flightCode = Flights.flightCode
      JOIN FlightSchedules ON Flights.flightNumber = FlightSchedules.flightNumber
      AND FlightSchedules.flightNumber = Flight_Number
      AND Flights.flightDate = Flight_Date;

RETURN number_of_booked_seats;
END ;;
DELIMITER ;
/*!50003 SET sql_mode              = @saved_sql_mode */ ;
/*!50003 SET character_set_client  = @saved_cs_client */ ;
/*!50003 SET character_set_results = @saved_cs_results */ ;
/*!50003 SET collation_connection  = @saved_col_connection */ ;
/*!50003 DROP FUNCTION IF EXISTS `getUnoccupiedSeats` */;
/*!50003 SET @saved_cs_client      = @@character_set_client */ ;
/*!50003 SET @saved_cs_results     = @@character_set_results */ ;
/*!50003 SET @saved_col_connection = @@collation_connection */ ;
/*!50003 SET character_set_client  = utf8 */ ;
/*!50003 SET character_set_results = utf8 */ ;
/*!50003 SET collation_connection  = utf8_general_ci */ ;
/*!50003 SET @saved_sql_mode       = @@sql_mode */ ;
/*!50003 SET sql_mode              = 'STRICT_TRANS_TABLES,STRICT_ALL_TABLES,NO_ZERO_IN_DATE,NO_ZERO_DATE,ALLOW_INVALID_DATES,ERROR_FOR_DIVISION_BY_ZERO,TRADITIONAL,NO_AUTO_CREATE_USER,NO_ENGINE_SUBSTITUTION' */ ;
DELIMITER ;;
CREATE DEFINER=`0604972069`@`%` FUNCTION `getUnoccupiedSeats`(Flight_Number CHAR(5), Flight_Date DATE) RETURNS int(11)
BEGIN
	DECLARE number_of_seats INT;
	DECLARE number_of_booked_seats INT;
	DECLARE aircraft_ID CHAR(6);

	SET aircraft_ID = (SELECT aircraftID FROM Flights WHERE flightNumber = Flight_Number AND flightDate = Flight_Date);
	SET number_of_seats = NumberOfSeats(aircraft_ID);

	SELECT COUNT(seatingID) into number_of_booked_seats
	FROM Passengers
	JOIN BookedFlights ON Passengers.bookedFlightID = BookedFlights.bookedFlightID
	JOIN Flights ON BookedFlights.flightCode = Flights.flightCode
	JOIN FlightSchedules ON Flights.flightNumber = FlightSchedules.flightNumber
	AND FlightSchedules.flightNumber = Flight_Number
	AND Flights.flightDate = Flight_Date;

	RETURN number_of_seats - number_of_booked_seats;
END ;;
DELIMITER ;
/*!50003 SET sql_mode              = @saved_sql_mode */ ;
/*!50003 SET character_set_client  = @saved_cs_client */ ;
/*!50003 SET character_set_results = @saved_cs_results */ ;
/*!50003 SET collation_connection  = @saved_col_connection */ ;
/*!50003 DROP FUNCTION IF EXISTS `listAircraft` */;
/*!50003 SET @saved_cs_client      = @@character_set_client */ ;
/*!50003 SET @saved_cs_results     = @@character_set_results */ ;
/*!50003 SET @saved_col_connection = @@collation_connection */ ;
/*!50003 SET character_set_client  = utf8 */ ;
/*!50003 SET character_set_results = utf8 */ ;
/*!50003 SET collation_connection  = utf8_general_ci */ ;
/*!50003 SET @saved_sql_mode       = @@sql_mode */ ;
/*!50003 SET sql_mode              = 'STRICT_TRANS_TABLES,STRICT_ALL_TABLES,NO_ZERO_IN_DATE,NO_ZERO_DATE,ALLOW_INVALID_DATES,ERROR_FOR_DIVISION_BY_ZERO,TRADITIONAL,NO_AUTO_CREATE_USER,NO_ENGINE_SUBSTITUTION' */ ;
DELIMITER ;;
CREATE DEFINER=`0604972069`@`%` FUNCTION `listAircraft`() RETURNS varchar(6) CHARSET utf8
BEGIN
	RETURN(SELECT aircraftID FROM aircrafts);
END ;;
DELIMITER ;
/*!50003 SET sql_mode              = @saved_sql_mode */ ;
/*!50003 SET character_set_client  = @saved_cs_client */ ;
/*!50003 SET character_set_results = @saved_cs_results */ ;
/*!50003 SET collation_connection  = @saved_col_connection */ ;
/*!50003 DROP FUNCTION IF EXISTS `NumberOfSeats` */;
/*!50003 SET @saved_cs_client      = @@character_set_client */ ;
/*!50003 SET @saved_cs_results     = @@character_set_results */ ;
/*!50003 SET @saved_col_connection = @@collation_connection */ ;
/*!50003 SET character_set_client  = utf8 */ ;
/*!50003 SET character_set_results = utf8 */ ;
/*!50003 SET collation_connection  = utf8_general_ci */ ;
/*!50003 SET @saved_sql_mode       = @@sql_mode */ ;
/*!50003 SET sql_mode              = 'STRICT_TRANS_TABLES,NO_AUTO_CREATE_USER,NO_ENGINE_SUBSTITUTION' */ ;
DELIMITER ;;
CREATE DEFINER=`0604972069`@`%` FUNCTION `NumberOfSeats`(Aircraft_ID Char(6)) RETURNS int(11)
begin
	RETURN(SELECT COUNT(*) FROM aircraftseats WHERE aircraftID = Aircraft_ID);
end ;;
DELIMITER ;
/*!50003 SET sql_mode              = @saved_sql_mode */ ;
/*!50003 SET character_set_client  = @saved_cs_client */ ;
/*!50003 SET character_set_results = @saved_cs_results */ ;
/*!50003 SET collation_connection  = @saved_col_connection */ ;
/*!50003 DROP FUNCTION IF EXISTS `passengerCountByFlight` */;
/*!50003 SET @saved_cs_client      = @@character_set_client */ ;
/*!50003 SET @saved_cs_results     = @@character_set_results */ ;
/*!50003 SET @saved_col_connection = @@collation_connection */ ;
/*!50003 SET character_set_client  = utf8 */ ;
/*!50003 SET character_set_results = utf8 */ ;
/*!50003 SET collation_connection  = utf8_general_ci */ ;
/*!50003 SET @saved_sql_mode       = @@sql_mode */ ;
/*!50003 SET sql_mode              = 'STRICT_TRANS_TABLES,STRICT_ALL_TABLES,NO_ZERO_IN_DATE,NO_ZERO_DATE,ALLOW_INVALID_DATES,ERROR_FOR_DIVISION_BY_ZERO,TRADITIONAL,NO_AUTO_CREATE_USER,NO_ENGINE_SUBSTITUTION' */ ;
DELIMITER ;;
CREATE DEFINER=`0604972069`@`%` FUNCTION `passengerCountByFlight`(Flight_Number CHAR(5), Flight_Date DATE) RETURNS int(11)
BEGIN
      DECLARE number_of_seats INT;
      DECLARE number_of_booked_seats INT;
      DECLARE aircraft_ID CHAR(6);

      SET aircraft_ID = (SELECT aircraftID FROM Flights WHERE flightNumber = Flight_Number AND flightDate = Flight_Date);
      SET number_of_seats = (SELECT COUNT(*) FROM aircraftseats WHERE aircraftID = Aircraft_ID);

      SELECT COUNT(seatingID) into number_of_booked_seats
      FROM Passengers
      JOIN BookedFlights ON Passengers.bookedFlightID = BookedFlights.bookedFlightID
      JOIN Flights ON BookedFlights.flightCode = Flights.flightCode
      JOIN FlightSchedules ON Flights.flightNumber = FlightSchedules.flightNumber
      AND FlightSchedules.flightNumber = Flight_Number
      AND Flights.flightDate = Flight_Date;

RETURN number_of_booked_seats;
END ;;
DELIMITER ;
/*!50003 SET sql_mode              = @saved_sql_mode */ ;
/*!50003 SET character_set_client  = @saved_cs_client */ ;
/*!50003 SET character_set_results = @saved_cs_results */ ;
/*!50003 SET collation_connection  = @saved_col_connection */ ;
/*!50003 DROP PROCEDURE IF EXISTS `addAirportCoords` */;
/*!50003 SET @saved_cs_client      = @@character_set_client */ ;
/*!50003 SET @saved_cs_results     = @@character_set_results */ ;
/*!50003 SET @saved_col_connection = @@collation_connection */ ;
/*!50003 SET character_set_client  = utf8 */ ;
/*!50003 SET character_set_results = utf8 */ ;
/*!50003 SET collation_connection  = utf8_general_ci */ ;
/*!50003 SET @saved_sql_mode       = @@sql_mode */ ;
/*!50003 SET sql_mode              = 'STRICT_TRANS_TABLES,NO_AUTO_CREATE_USER,NO_ENGINE_SUBSTITUTION' */ ;
DELIMITER ;;
CREATE DEFINER=`0604972069`@`%` PROCEDURE `addAirportCoords`(IATA_code CHAR(3), Airport_coordX DOUBLE, Airport_coordY DOUBLE)
BEGIN
UPDATE airports SET coordinateX = Airport_coordX, coordinateY = Airport_coordY WHERE IATAcode = IATA_code;
END ;;
DELIMITER ;
/*!50003 SET sql_mode              = @saved_sql_mode */ ;
/*!50003 SET character_set_client  = @saved_cs_client */ ;
/*!50003 SET character_set_results = @saved_cs_results */ ;
/*!50003 SET collation_connection  = @saved_col_connection */ ;
/*!50003 DROP PROCEDURE IF EXISTS `addCabinCrew` */;
/*!50003 SET @saved_cs_client      = @@character_set_client */ ;
/*!50003 SET @saved_cs_results     = @@character_set_results */ ;
/*!50003 SET @saved_col_connection = @@collation_connection */ ;
/*!50003 SET character_set_client  = utf8 */ ;
/*!50003 SET character_set_results = utf8 */ ;
/*!50003 SET collation_connection  = utf8_general_ci */ ;
/*!50003 SET @saved_sql_mode       = @@sql_mode */ ;
/*!50003 SET sql_mode              = 'STRICT_TRANS_TABLES,NO_AUTO_CREATE_USER,NO_ENGINE_SUBSTITUTION' */ ;
DELIMITER ;;
CREATE DEFINER=`0604972069`@`%` PROCEDURE `addCabinCrew`(flight_code int)
BEGIN
	declare x INT default 0;
    declare maxruns INT default 0;
    declare mainattendant INT default 0;
    declare attendant varchar(35) default '';
    SET x = 1;
    SET mainattendant = 1;
    SET maxruns = (SELECT NumberOfSeats((SELECT GetIDwFlightCode(flight_code)))) / 45; #1 jnn fyrir 45 farega samkvmt verkefni
    
    WHILE x <= maxruns DO
		SELECT personID INTO attendant FROM staff WHERE jobsID = 9 AND personID != ALL(SELECT staff_personID FROM flights_has_staff WHERE flights_flightCode = flight_code) ORDER BY RAND() LIMIT 1; #workaround
		INSERT INTO flights_has_staff (flights_has_staffID, flights_flightCode, staff_personID, mainCabinAttendant) VALUES (DEFAULT, flight_code, attendant, mainattendant); #velja flight attendant handahfi
		SET x = x + 1;
        SET mainattendant = 0;
    END WHILE;
END ;;
DELIMITER ;
/*!50003 SET sql_mode              = @saved_sql_mode */ ;
/*!50003 SET character_set_client  = @saved_cs_client */ ;
/*!50003 SET character_set_results = @saved_cs_results */ ;
/*!50003 SET collation_connection  = @saved_col_connection */ ;
/*!50003 DROP PROCEDURE IF EXISTS `addFlightDeck` */;
/*!50003 SET @saved_cs_client      = @@character_set_client */ ;
/*!50003 SET @saved_cs_results     = @@character_set_results */ ;
/*!50003 SET @saved_col_connection = @@collation_connection */ ;
/*!50003 SET character_set_client  = utf8 */ ;
/*!50003 SET character_set_results = utf8 */ ;
/*!50003 SET collation_connection  = utf8_general_ci */ ;
/*!50003 SET @saved_sql_mode       = @@sql_mode */ ;
/*!50003 SET sql_mode              = 'STRICT_TRANS_TABLES,NO_AUTO_CREATE_USER,NO_ENGINE_SUBSTITUTION' */ ;
DELIMITER ;;
CREATE DEFINER=`0604972069`@`%` PROCEDURE `addFlightDeck`(flight_code int, flugstjori_Person_ID varchar(35), flugmadur_Person_ID varchar(35))
BEGIN
	declare stopmessage varchar(255);
	IF((SELECT staff.jobsID FROM staff WHERE staff.personID = flugstjori_Person_ID) = 17 AND (SELECT staff.jobsID FROM staff WHERE staff.personID = flugmadur_Person_ID) = 19)
    THEN
    INSERT INTO flights_has_staff VALUES (DEFAULT,flight_code,flugstjori_Person_ID),(DEFAULT,flight_code,flugmadur_Person_ID);
    ELSE
    set stopmessage = concat('Vinsamlegast veldu flugstjra og flugmann.');
	signal sqlstate '45000' set message_text = stopmessage;
    END IF;
END ;;
DELIMITER ;
/*!50003 SET sql_mode              = @saved_sql_mode */ ;
/*!50003 SET character_set_client  = @saved_cs_client */ ;
/*!50003 SET character_set_results = @saved_cs_results */ ;
/*!50003 SET collation_connection  = @saved_col_connection */ ;
/*!50003 DROP PROCEDURE IF EXISTS `AddFlightGeneralStaff` */;
/*!50003 SET @saved_cs_client      = @@character_set_client */ ;
/*!50003 SET @saved_cs_results     = @@character_set_results */ ;
/*!50003 SET @saved_col_connection = @@collation_connection */ ;
/*!50003 SET character_set_client  = utf8 */ ;
/*!50003 SET character_set_results = utf8 */ ;
/*!50003 SET collation_connection  = utf8_general_ci */ ;
/*!50003 SET @saved_sql_mode       = @@sql_mode */ ;
/*!50003 SET sql_mode              = 'STRICT_TRANS_TABLES,NO_AUTO_CREATE_USER,NO_ENGINE_SUBSTITUTION' */ ;
DELIMITER ;;
CREATE DEFINER=`0604972069`@`%` PROCEDURE `AddFlightGeneralStaff`(flight_number CHAR(5), flight_date DATE, person_id VARCHAR(35))
BEGIN

INSERT INTO flights_has_staff(flights_has_staffID, flights_flightCode, staff_personID)
VALUES(DEFAULT, (SELECT(flightcodewithdateandnumber(flight_date, flight_number))), person_id);

END ;;
DELIMITER ;
/*!50003 SET sql_mode              = @saved_sql_mode */ ;
/*!50003 SET character_set_client  = @saved_cs_client */ ;
/*!50003 SET character_set_results = @saved_cs_results */ ;
/*!50003 SET collation_connection  = @saved_col_connection */ ;
/*!50003 DROP PROCEDURE IF EXISTS `BokaFlug` */;
/*!50003 SET @saved_cs_client      = @@character_set_client */ ;
/*!50003 SET @saved_cs_results     = @@character_set_results */ ;
/*!50003 SET @saved_col_connection = @@collation_connection */ ;
/*!50003 SET character_set_client  = utf8 */ ;
/*!50003 SET character_set_results = utf8 */ ;
/*!50003 SET collation_connection  = utf8_general_ci */ ;
/*!50003 SET @saved_sql_mode       = @@sql_mode */ ;
/*!50003 SET sql_mode              = 'STRICT_TRANS_TABLES,STRICT_ALL_TABLES,NO_ZERO_IN_DATE,NO_ZERO_DATE,ALLOW_INVALID_DATES,ERROR_FOR_DIVISION_BY_ZERO,TRADITIONAL,NO_AUTO_CREATE_USER,NO_ENGINE_SUBSTITUTION' */ ;
DELIMITER ;;
CREATE DEFINER=`0604972069`@`%` PROCEDURE `BokaFlug`(texti text)
BEGIN

	declare flight_date1 date;
    declare flight_number1 char(5);
    declare flight_date2 date;
    declare flight_number2 char(5);
    
    declare person_ID varchar(35);
    declare cardholders_Name varchar(55);
    declare cardissued_by varchar(35);
    declare payment_type bit(1);
    declare class_ID int(11);
    
    declare passengerID varchar(35);
    declare passengerName varchar(75);
    declare passengerflightseatID1 int(11);
    declare passengerpriceID1 int(11);
    declare passengerflightseatID2 int(11);
    declare passengerpriceID2 int(11);
    declare booked_flight_ID1 int(11);
    declare booked_flight_ID2 int(11);
    declare booking_number int(11);
    
    declare strlength int;
    
    set payment_type = cast(substring_index(texti,':',1)as unsigned);
	set texti = substring(texti,locate(':',texti) + 1);
        
	set cardissued_by = substring_index(texti,':',1);
	set texti = substring(texti,locate(':',texti) + 1);
        
	set cardholders_Name = substring_index(texti,':',1);
	set texti = substring(texti,locate(':',texti) + 1);
        
	set class_ID = substring_index(texti,':',1);
	set texti = substring(texti,locate(':',texti) + 1);
    
    set flight_date1 = substring_index(texti,':',1);
	set texti = substring(texti,locate(':',texti) + 1);
    
    set flight_number1 = substring_index(texti,':',1);
	set texti = substring(texti,locate(':',texti) + 1);
    
    set flight_date2 = substring_index(texti,':',1);
	set texti = substring(texti,locate(':',texti) + 1);
    
    set flight_number2 = substring_index(texti,':',1);
	set texti = substring(texti,locate(':',texti) + 1);
    
    insert into Bookings(bookingnumber,timeofbooking,paymenttype,cardissuedby,cardholdersname,classid,returnflight)
		values(DEFAULT,NOW(),payment_type,cardissued_by,cardholders_Name,class_ID,1);
	set booking_number = LAST_INSERT_ID();
    
    insert into BookedFlights(bookedflightid,bookingnumber,flightcode,flightorder)
		values(DEFAULT,booking_number,(select flightcodewithdateandnumber(flight_date1,flight_number1)),1); #outgoing flight
	set booked_flight_id1 = LAST_INSERT_ID();
    
	insert into BookedFlights(bookedflightid,bookingnumber,flightcode,flightorder)
		values(DEFAULT,booking_number,(select flightcodewithdateandnumber(flight_date2,flight_number2)),1); #return flight
	set booked_flight_id2 = LAST_INSERT_ID();
	
    set strlength = char_length(texti);
    while (strlength > 0) do
        
        set person_ID = substring_index(texti,':',1);
        set texti = substring(texti,locate(':',texti) + 1);
        
        set passengerName = substring_index(texti,':',1);
        set texti = substring(texti,locate(':',texti) + 1);
        
        set passengerflightseatID1 = substring_index(texti,':',1);
        set texti = substring(texti,locate(':',texti) + 1);
        
        set passengerpriceID1 = substring_index(texti,':',1);
        set texti = substring(texti,locate(':',texti) + 1);
        
        set passengerflightseatID2 = substring_index(texti,':',1);
        set texti = substring(texti,locate(':',texti) + 1);
        
        set passengerpriceID2 = substring_index(texti,':',1);
        set texti = substring(texti,locate(':',texti) + 1);
        
        insert into Passengers(seatingid,personid,personname,priceID,seatID,bookedflightid)
		values (DEFAULT,person_ID,passengerName,passengerpriceID1,passengerflightseatID1,booked_flight_ID1);# outgoing flight        
        insert into Passengers(seatingid,personid,personname,priceID,seatID,bookedflightid)
		values (DEFAULT,person_ID,passengerName,passengerpriceID2,passengerflightseatID2,booked_flight_ID2);# return flight
        
        set strlength = char_length(texti);
	end while;

END ;;
DELIMITER ;
/*!50003 SET sql_mode              = @saved_sql_mode */ ;
/*!50003 SET character_set_client  = @saved_cs_client */ ;
/*!50003 SET character_set_results = @saved_cs_results */ ;
/*!50003 SET collation_connection  = @saved_col_connection */ ;
/*!50003 DROP PROCEDURE IF EXISTS `createAircraft` */;
/*!50003 SET @saved_cs_client      = @@character_set_client */ ;
/*!50003 SET @saved_cs_results     = @@character_set_results */ ;
/*!50003 SET @saved_col_connection = @@collation_connection */ ;
/*!50003 SET character_set_client  = utf8 */ ;
/*!50003 SET character_set_results = utf8 */ ;
/*!50003 SET collation_connection  = utf8_general_ci */ ;
/*!50003 SET @saved_sql_mode       = @@sql_mode */ ;
/*!50003 SET sql_mode              = 'STRICT_TRANS_TABLES,NO_AUTO_CREATE_USER,NO_ENGINE_SUBSTITUTION' */ ;
DELIMITER ;;
CREATE DEFINER=`0604972069`@`%` PROCEDURE `createAircraft`(man varchar(255),
                                var varchar(255),
                                coc tinyint,
                                tys int,
                                exl int,
                                leo float,
                                wis float,
                                hei float,
                                wbs float,
                                wtr float,
                                fuw float,
                                fuh float,
                                mcw float,
                                cl float,
                                wa int,
                                ar float,
                                ws varchar(4),
                                mrw float,
                                mtw float,
                                mlw float,
                                mfw float,
                                oew float,
                                msp float,
                                mcv float,
                                mos int,
                                mds int,
                                cs int,
                                tao int,
                                ls int,
                                rng int,
                                sc int,
                                mfc int,
                                ec int,
                                propenginespecificationsid varchar(255),
                                jetenginespecificationsid varchar(255))
BEGIN
	INSERT INTO aircraftspecifications VALUES (DEFAULT, man, var, coc, tys, exl, leo, wis, hei, wbs, wtr, fuw, fuh, mcw, cl, wa, ar, ws, mrw, mtw, mlw, mfw, oew, msp, mcv, mos, mds, cs, tao, ls, rng, sc, mfc, ec, propenginespecificationsid, jetenginespecificationsid);
END ;;
DELIMITER ;
/*!50003 SET sql_mode              = @saved_sql_mode */ ;
/*!50003 SET character_set_client  = @saved_cs_client */ ;
/*!50003 SET character_set_results = @saved_cs_results */ ;
/*!50003 SET collation_connection  = @saved_col_connection */ ;
/*!50003 DROP PROCEDURE IF EXISTS `createFlightCrew` */;
/*!50003 SET @saved_cs_client      = @@character_set_client */ ;
/*!50003 SET @saved_cs_results     = @@character_set_results */ ;
/*!50003 SET @saved_col_connection = @@collation_connection */ ;
/*!50003 SET character_set_client  = utf8 */ ;
/*!50003 SET character_set_results = utf8 */ ;
/*!50003 SET collation_connection  = utf8_general_ci */ ;
/*!50003 SET @saved_sql_mode       = @@sql_mode */ ;
/*!50003 SET sql_mode              = 'STRICT_TRANS_TABLES,NO_AUTO_CREATE_USER,NO_ENGINE_SUBSTITUTION' */ ;
DELIMITER ;;
CREATE DEFINER=`0604972069`@`%` PROCEDURE `createFlightCrew`(captain_ID varchar(35), firstofficer_ID varchar(35), flight_code int)
BEGIN
	call addFlightDeck(flight_code, captain_ID, firstofficer_ID);
    call addCabinCrew(flight_code);
END ;;
DELIMITER ;
/*!50003 SET sql_mode              = @saved_sql_mode */ ;
/*!50003 SET character_set_client  = @saved_cs_client */ ;
/*!50003 SET character_set_results = @saved_cs_results */ ;
/*!50003 SET collation_connection  = @saved_col_connection */ ;
/*!50003 DROP PROCEDURE IF EXISTS `createStaff` */;
/*!50003 SET @saved_cs_client      = @@character_set_client */ ;
/*!50003 SET @saved_cs_results     = @@character_set_results */ ;
/*!50003 SET @saved_col_connection = @@collation_connection */ ;
/*!50003 SET character_set_client  = utf8 */ ;
/*!50003 SET character_set_results = utf8 */ ;
/*!50003 SET collation_connection  = utf8_general_ci */ ;
/*!50003 SET @saved_sql_mode       = @@sql_mode */ ;
/*!50003 SET sql_mode              = 'STRICT_TRANS_TABLES,NO_AUTO_CREATE_USER,NO_ENGINE_SUBSTITUTION' */ ;
DELIMITER ;;
CREATE DEFINER=`0604972069`@`%` PROCEDURE `createStaff`(person_ID varchar(35), first_Name varchar(75), last_Name varchar(75), date_Of_Birth datetime, countryOfResidence char(2), jobsID int)
BEGIN
	INSERT INTO Staff VALUES (person_ID,first_Name,last_Name,date_Of_Birth,countryOfResidence,jobsID);
END ;;
DELIMITER ;
/*!50003 SET sql_mode              = @saved_sql_mode */ ;
/*!50003 SET character_set_client  = @saved_cs_client */ ;
/*!50003 SET character_set_results = @saved_cs_results */ ;
/*!50003 SET collation_connection  = @saved_col_connection */ ;
/*!50003 DROP PROCEDURE IF EXISTS `CrewMemberHistory` */;
/*!50003 SET @saved_cs_client      = @@character_set_client */ ;
/*!50003 SET @saved_cs_results     = @@character_set_results */ ;
/*!50003 SET @saved_col_connection = @@collation_connection */ ;
/*!50003 SET character_set_client  = utf8 */ ;
/*!50003 SET character_set_results = utf8 */ ;
/*!50003 SET collation_connection  = utf8_general_ci */ ;
/*!50003 SET @saved_sql_mode       = @@sql_mode */ ;
/*!50003 SET sql_mode              = 'STRICT_TRANS_TABLES,NO_AUTO_CREATE_USER,NO_ENGINE_SUBSTITUTION' */ ;
DELIMITER ;;
CREATE DEFINER=`0604972069`@`%` PROCEDURE `CrewMemberHistory`(person_ID varchar(35))
BEGIN
	SELECT flights.flightNumber as Flugnmer, originatingAirport as Upphafssta, destinationAirport as fangasta, jobsTitle AS Hlutverk FROM flights_has_staff 
		JOIN staff ON flights_has_staff.staff_personID = staff.personID
		JOIN jobs ON staff.jobsID = jobs.jobsID
		JOIN flights ON flights_has_staff.flights_flightCode = flights.flightcode
		JOIN flightschedules ON flights.flightNumber = flightschedules.flightNumber
		WHERE staff_personID = person_ID;
END ;;
DELIMITER ;
/*!50003 SET sql_mode              = @saved_sql_mode */ ;
/*!50003 SET character_set_client  = @saved_cs_client */ ;
/*!50003 SET character_set_results = @saved_cs_results */ ;
/*!50003 SET collation_connection  = @saved_col_connection */ ;
/*!50003 DROP PROCEDURE IF EXISTS `deleteAircraft` */;
/*!50003 SET @saved_cs_client      = @@character_set_client */ ;
/*!50003 SET @saved_cs_results     = @@character_set_results */ ;
/*!50003 SET @saved_col_connection = @@collation_connection */ ;
/*!50003 SET character_set_client  = utf8 */ ;
/*!50003 SET character_set_results = utf8 */ ;
/*!50003 SET collation_connection  = utf8_general_ci */ ;
/*!50003 SET @saved_sql_mode       = @@sql_mode */ ;
/*!50003 SET sql_mode              = 'STRICT_TRANS_TABLES,STRICT_ALL_TABLES,NO_ZERO_IN_DATE,NO_ZERO_DATE,ALLOW_INVALID_DATES,ERROR_FOR_DIVISION_BY_ZERO,TRADITIONAL,NO_AUTO_CREATE_USER,NO_ENGINE_SUBSTITUTION' */ ;
DELIMITER ;;
CREATE DEFINER=`0604972069`@`%` PROCEDURE `deleteAircraft`(aircraft_ID char(6))
BEGIN
	DELETE FROM aircrafts WHERE aircraftID = aircraft_ID;
END ;;
DELIMITER ;
/*!50003 SET sql_mode              = @saved_sql_mode */ ;
/*!50003 SET character_set_client  = @saved_cs_client */ ;
/*!50003 SET character_set_results = @saved_cs_results */ ;
/*!50003 SET collation_connection  = @saved_col_connection */ ;
/*!50003 DROP PROCEDURE IF EXISTS `Initial_jet_eng` */;
/*!50003 SET @saved_cs_client      = @@character_set_client */ ;
/*!50003 SET @saved_cs_results     = @@character_set_results */ ;
/*!50003 SET @saved_col_connection = @@collation_connection */ ;
/*!50003 SET character_set_client  = utf8 */ ;
/*!50003 SET character_set_results = utf8 */ ;
/*!50003 SET collation_connection  = utf8_general_ci */ ;
/*!50003 SET @saved_sql_mode       = @@sql_mode */ ;
/*!50003 SET sql_mode              = 'STRICT_TRANS_TABLES,NO_AUTO_CREATE_USER,NO_ENGINE_SUBSTITUTION' */ ;
DELIMITER ;;
CREATE DEFINER=`0604972069`@`%` PROCEDURE `Initial_jet_eng`(texti longtext)
BEGIN
    declare engine_specifications_ID int;
    declare manufacturers varchar(255);
    declare models varchar(255);
    declare application varchar(255);
    declare dry_thrust varchar(255);
    declare wet_thrust varchar(255); #pounds/hr
    declare cruise_thrust varchar(255); #pounds/sec
    declare totalSpecific_FuelConsumptiondry varchar(255);
    declare totalSpecific_FuelConsumptionwet varchar(255);
    declare totalSpecific_FuelConsumptioncruise varchar(255);
    declare total_Airflow varchar(255);
    declare overall_PressureRatio varchar(255);
    declare f_p_r varchar(255);
    declare bypass_Ratio varchar(255);
    declare cruise_Altitude varchar(255); 
    declare number_of_Spools varchar(255); 
    declare fan_Stages varchar(255);
    declare low_PressureCompressors varchar(255);
    declare high_PressureCompressors varchar(255);
    declare high_PressureTurbines varchar(255);
    declare intermediate_PressureTurbines varchar(255);
	declare low_PressureTurbines varchar(255);
    declare fan_Width varchar(255);
    declare lengths varchar(255);
    declare widths varchar(255);
    declare dryweights varchar(255);
    
    
    declare strlength int;

    set strlength = char_length(texti);
    while (strlength > 0) do
    
        set manufacturers = substring_index(texti,';',1);
        set texti = substring(texti,locate(';',texti) + 1);
        
        set models = substring_index(texti,';',1);
        set texti = substring(texti,locate(';',texti) + 1);
        
        set application = substring_index(texti,';',1);
        set texti = substring(texti,locate(';',texti) + 1);
        
        set dry_thrust = substring_index(texti,';',1);
        set texti = substring(texti,locate(';',texti) + 1);
        
        set wet_thrust = substring_index(texti,';',1);
        set texti = substring(texti,locate(';',texti) + 1);
        
        set cruise_thrust = substring_index(texti,';',1);
        set texti = substring(texti,locate(';',texti) + 1);
        
        set totalSpecific_FuelConsumptiondry = substring_index(texti,';',1);
        set texti = substring(texti,locate(';',texti) + 1);
        
        set totalSpecific_FuelConsumptionwet = substring_index(texti,';',1);
        set texti = substring(texti,locate(';',texti) + 1);
        
        set totalSpecific_FuelConsumptioncruise = substring_index(texti,';',1);
        set texti = substring(texti,locate(';',texti) + 1);
        
        set total_Airflow = substring_index(texti,';',1);
        set texti = substring(texti,locate(';',texti) + 1);
        
        set overall_PressureRatio = substring_index(texti,';',1);
        set texti = substring(texti,locate(';',texti) + 1);
        
        set f_p_r = substring_index(texti,';',1);
        set texti = substring(texti,locate(';',texti) + 1);
        
        set bypass_Ratio = substring_index(texti,';',1);
        set texti = substring(texti,locate(';',texti) + 1);
        
        set cruise_Altitude = substring_index(texti,';',1);
        set texti = substring(texti,locate(';',texti) + 1);
        
        set number_of_Spools = substring_index(texti,';',1);
        set texti = substring(texti,locate(';',texti) + 1);
        
		set fan_Stages = substring_index(texti,';',1);
        set texti = substring(texti,locate(';',texti) + 1);
        
        set low_PressureCompressors = substring_index(texti,';',1);
        set texti = substring(texti,locate(';',texti) + 1);
        
        set high_PressureCompressors = substring_index(texti,';',1);
        set texti = substring(texti,locate(';',texti) + 1);
        
        set high_PressureTurbines = substring_index(texti,';',1);
        set texti = substring(texti,locate(';',texti) + 1);
        
        set intermediate_PressureTurbines = substring_index(texti,';',1);
        set texti = substring(texti,locate(';',texti) + 1);
        
        set low_PressureTurbines = substring_index(texti,';',1);
        set texti = substring(texti,locate(';',texti) + 1);
        
        set fan_Width = substring_index(texti,';',1);
        set texti = substring(texti,locate(';',texti) + 1);
        
        set lengths = substring_index(texti,';',1);
        set texti = substring(texti,locate(';',texti) + 1);
        
        set widths = substring_index(texti,';',1);
        set texti = substring(texti,locate(';',texti) + 1);
        
        set dryweights = substring_index(texti,';',1);
        set texti = substring(texti,locate(';',texti) + 1);
        
        
        insert into turbojetenginespecifications(engineSpecificationsID, manufacturer, model, applications, drythrust, wetthrust, cruisethrust, totalSpecificFuelConsumptiondry, totalSpecificFuelConsumptionwet, totalSpecificFuelConsumptioncruise, totalAirflow, overallPressureRatio, FPR, bypassRatio, cruiseAltitude, numberOfSpools, fanStages, lowPressureCompressors, highPressureCompressors, highPressureTurbines, intermediatePressureTurbines, lowPressureTurbines, fanWidth, length, width, dryweight)
        values (DEFAULT,manufacturers,models,application,dry_thrust,wet_thrust,cruise_thrust,totalSpecific_FuelConsumptiondry,totalSpecific_FuelConsumptionwet,totalSpecific_FuelConsumptioncruise,total_Airflow,overall_PressureRatio,f_p_r,bypass_Ratio,cruise_Altitude,number_of_Spools,fan_Stages,low_PressureCompressors,high_PressureCompressors,high_PressureTurbines,intermediate_PressureTurbines,low_PressureTurbines,fan_Width,lengths,widths,dryweights);    
        set strlength = char_length(texti);
    end while;

END ;;
DELIMITER ;
/*!50003 SET sql_mode              = @saved_sql_mode */ ;
/*!50003 SET character_set_client  = @saved_cs_client */ ;
/*!50003 SET character_set_results = @saved_cs_results */ ;
/*!50003 SET collation_connection  = @saved_col_connection */ ;
/*!50003 DROP PROCEDURE IF EXISTS `Initial_staff` */;
/*!50003 SET @saved_cs_client      = @@character_set_client */ ;
/*!50003 SET @saved_cs_results     = @@character_set_results */ ;
/*!50003 SET @saved_col_connection = @@collation_connection */ ;
/*!50003 SET character_set_client  = utf8 */ ;
/*!50003 SET character_set_results = utf8 */ ;
/*!50003 SET collation_connection  = utf8_general_ci */ ;
/*!50003 SET @saved_sql_mode       = @@sql_mode */ ;
/*!50003 SET sql_mode              = 'STRICT_TRANS_TABLES,NO_AUTO_CREATE_USER,NO_ENGINE_SUBSTITUTION' */ ;
DELIMITER ;;
CREATE DEFINER=`0604972069`@`%` PROCEDURE `Initial_staff`(texti text)
BEGIN

    declare person_ID varchar(35);
    declare first_name varchar(75);
    declare last_name varchar(75);
    declare dob date;
    declare resident_country char(2);
    declare jobs_ID int(11);
    
    
    declare strlength int;

    set strlength = char_length(texti);
    while (strlength > 0) do
        
        set person_ID = substring_index(texti,':',1);
        set texti = substring(texti,locate(':',texti) + 1);
        
        set first_name = substring_index(texti,':',1);
        set texti = substring(texti,locate(':',texti) + 1);
        
        set last_name = substring_index(texti,':',1);
        set texti = substring(texti,locate(':',texti) + 1);
        
		set dob = substring_index(texti,':',1);
        set texti = substring(texti,locate(':',texti) + 1);
        
		set resident_country = substring_index(texti,':',1);
        set texti = substring(texti,locate(':',texti) + 1);
        
		set jobs_ID = substring_index(texti,':',1);
        set texti = substring(texti,locate(':',texti) + 1);
        
        
        insert into staff(personID,firstName,lastName,dateOfBirth,countryOfResidence,jobsID)
        values (person_ID,first_name,last_name,dob,resident_country,jobs_ID);    
        
        set strlength = char_length(texti);
    end while;

END ;;
DELIMITER ;
/*!50003 SET sql_mode              = @saved_sql_mode */ ;
/*!50003 SET character_set_client  = @saved_cs_client */ ;
/*!50003 SET character_set_results = @saved_cs_results */ ;
/*!50003 SET collation_connection  = @saved_col_connection */ ;
/*!50003 DROP PROCEDURE IF EXISTS `Initial_turbo_eng` */;
/*!50003 SET @saved_cs_client      = @@character_set_client */ ;
/*!50003 SET @saved_cs_results     = @@character_set_results */ ;
/*!50003 SET @saved_col_connection = @@collation_connection */ ;
/*!50003 SET character_set_client  = utf8 */ ;
/*!50003 SET character_set_results = utf8 */ ;
/*!50003 SET collation_connection  = utf8_general_ci */ ;
/*!50003 SET @saved_sql_mode       = @@sql_mode */ ;
/*!50003 SET sql_mode              = 'STRICT_TRANS_TABLES,NO_AUTO_CREATE_USER,NO_ENGINE_SUBSTITUTION' */ ;
DELIMITER ;;
CREATE DEFINER=`0604972069`@`%` PROCEDURE `Initial_turbo_eng`(texti text)
BEGIN
    declare engine_specifications_ID int;
    declare manufacturers varchar(255);
    declare models varchar(255);
    declare application varchar(255);
    declare total_ShaftHorsepower varchar(255);
    declare total_Specific_FuelConsumption varchar(255); #pounds/hr
    declare total_Airflow varchar(255); #pounds/sec
    declare overall_PressureRatio varchar(255);
    declare number_Of_Spools varchar(255);
    declare lowPressure_Compressors varchar(255);
    declare highPressure_Compressors varchar(255);
    declare highPressure_Turbines varchar(255);
    declare intermediate_PressureTurbines varchar(255);
    declare lowPressure_Turbines varchar(255);
    declare lengths varchar(255); #inches
    declare widths varchar(255); #inches
    declare dryweights varchar(255); #pounds  
    
    
    declare strlength int;

    set strlength = char_length(texti);
    while (strlength > 0) do
    
        set manufacturers = substring_index(texti,';',1);
        set texti = substring(texti,locate(';',texti) + 1);
        
        set models = substring_index(texti,';',1);
        set texti = substring(texti,locate(';',texti) + 1);
        
        set application = substring_index(texti,';',1);
        set texti = substring(texti,locate(';',texti) + 1);
        
        set total_ShaftHorsepower = substring_index(texti,';',1);
        set texti = substring(texti,locate(';',texti) + 1);
        
        set total_Specific_FuelConsumption = substring_index(texti,';',1);
        set texti = substring(texti,locate(';',texti) + 1);
        
        set total_Airflow = substring_index(texti,';',1);
        set texti = substring(texti,locate(';',texti) + 1);
        
        set overall_PressureRatio = substring_index(texti,';',1);
        set texti = substring(texti,locate(';',texti) + 1);
        
        set number_Of_Spools = substring_index(texti,';',1);
        set texti = substring(texti,locate(';',texti) + 1);
        
        set lowPressure_Compressors = substring_index(texti,';',1);
        set texti = substring(texti,locate(';',texti) + 1);
        
        set highPressure_Compressors = substring_index(texti,';',1);
        set texti = substring(texti,locate(';',texti) + 1);
        
        set highPressure_Turbines = substring_index(texti,';',1);
        set texti = substring(texti,locate(';',texti) + 1);
        
        set intermediate_PressureTurbines = substring_index(texti,';',1);
        set texti = substring(texti,locate(';',texti) + 1);
        
        set lowPressure_Turbines = substring_index(texti,';',1);
        set texti = substring(texti,locate(';',texti) + 1);
        
        set lengths = substring_index(texti,';',1);
        set texti = substring(texti,locate(';',texti) + 1);
        
        set widths = substring_index(texti,';',1);
        set texti = substring(texti,locate(';',texti) + 1);
        
        set dryweights = substring_index(texti,';',1);
        set texti = substring(texti,locate(';',texti) + 1);
        
        
        
        
        insert into turbopropenginespecifications(engineSpecificationsID,manufacturer,model,applications,totalShaftHorsepower,totalSpecificFuelConsumption,totalAirflow,overallPressureRatio,numberOfSpools,lowPressureCompressors,highPressureCompressors,highPressureTurbines,intermediatePressureTurbines,lowPressureTurbines,length,width,dryweight)
        values (DEFAULT,manufacturers,models,application,total_ShaftHorsepower,total_Specific_FuelConsumption,total_Airflow,overall_PressureRatio,number_Of_Spools,lowPressure_Compressors,highPressure_Compressors,highPressure_Turbines,intermediate_PressureTurbines,lowPressure_Turbines,lengths,widths,dryweights);    
        set strlength = char_length(texti);
    end while;

END ;;
DELIMITER ;
/*!50003 SET sql_mode              = @saved_sql_mode */ ;
/*!50003 SET character_set_client  = @saved_cs_client */ ;
/*!50003 SET character_set_results = @saved_cs_results */ ;
/*!50003 SET collation_connection  = @saved_col_connection */ ;
/*!50003 DROP PROCEDURE IF EXISTS `jsonexport` */;
/*!50003 SET @saved_cs_client      = @@character_set_client */ ;
/*!50003 SET @saved_cs_results     = @@character_set_results */ ;
/*!50003 SET @saved_col_connection = @@collation_connection */ ;
/*!50003 SET character_set_client  = utf8 */ ;
/*!50003 SET character_set_results = utf8 */ ;
/*!50003 SET collation_connection  = utf8_general_ci */ ;
/*!50003 SET @saved_sql_mode       = @@sql_mode */ ;
/*!50003 SET sql_mode              = 'STRICT_TRANS_TABLES,NO_AUTO_CREATE_USER,NO_ENGINE_SUBSTITUTION' */ ;
DELIMITER ;;
CREATE DEFINER=`0604972069`@`%` PROCEDURE `jsonexport`(aircraft_ID char(6))
BEGIN
	declare seatnumberingandletter varchar(5);
    declare seatingclass varchar(255);
    declare seatinglevel char(2);
    declare body longtext;
    
    declare done boolean default false;
    declare cursorino cursor for SELECT CONCAT(aircraftseats.rowNumber, aircraftseats.seatNumber), classes.className, aircraftseats.deck FROM aircraftseats JOIN classes ON aircraftseats.classID = classes.classID WHERE aircraftseats.aircraftID = aircraft_ID;
	declare continue handler for not found set done = true;	
    
    set body = '[\n';
    
	open cursorino;
	read_loop:loop
		fetch cursorino into seatnumberingandletter,seatingclass,seatinglevel;
		if done then
			leave read_loop;
		end if;
		set body = concat(body,'\t{\n\t\t\'seatNumberAndLetter\' : "',seatnumberingandletter,'",\n\t\t\'className\' : "',seatingclass,'",\n\t\t\'deck\' : "',seatinglevel,'"\n\t},\n');
	end loop;
	close cursorino;
    
    set body = concat(SUBSTRING(body, 1, CHAR_LENGTH(body) - 2),'\n]\n');
    
    select body as jsonfinished; #INTO OUTFILE '/tmp/export.json';
END ;;
DELIMITER ;
/*!50003 SET sql_mode              = @saved_sql_mode */ ;
/*!50003 SET character_set_client  = @saved_cs_client */ ;
/*!50003 SET character_set_results = @saved_cs_results */ ;
/*!50003 SET collation_connection  = @saved_col_connection */ ;
/*!50003 DROP PROCEDURE IF EXISTS `list` */;
/*!50003 SET @saved_cs_client      = @@character_set_client */ ;
/*!50003 SET @saved_cs_results     = @@character_set_results */ ;
/*!50003 SET @saved_col_connection = @@collation_connection */ ;
/*!50003 SET character_set_client  = utf8 */ ;
/*!50003 SET character_set_results = utf8 */ ;
/*!50003 SET collation_connection  = utf8_general_ci */ ;
/*!50003 SET @saved_sql_mode       = @@sql_mode */ ;
/*!50003 SET sql_mode              = 'STRICT_TRANS_TABLES,STRICT_ALL_TABLES,NO_ZERO_IN_DATE,NO_ZERO_DATE,ALLOW_INVALID_DATES,ERROR_FOR_DIVISION_BY_ZERO,TRADITIONAL,NO_AUTO_CREATE_USER,NO_ENGINE_SUBSTITUTION' */ ;
DELIMITER ;;
CREATE DEFINER=`0604972069`@`%` PROCEDURE `list`()
BEGIN
	SELECT countrynames FROM countries;
END ;;
DELIMITER ;
/*!50003 SET sql_mode              = @saved_sql_mode */ ;
/*!50003 SET character_set_client  = @saved_cs_client */ ;
/*!50003 SET character_set_results = @saved_cs_results */ ;
/*!50003 SET collation_connection  = @saved_col_connection */ ;
/*!50003 DROP PROCEDURE IF EXISTS `listAircrafts` */;
/*!50003 SET @saved_cs_client      = @@character_set_client */ ;
/*!50003 SET @saved_cs_results     = @@character_set_results */ ;
/*!50003 SET @saved_col_connection = @@collation_connection */ ;
/*!50003 SET character_set_client  = utf8 */ ;
/*!50003 SET character_set_results = utf8 */ ;
/*!50003 SET collation_connection  = utf8_general_ci */ ;
/*!50003 SET @saved_sql_mode       = @@sql_mode */ ;
/*!50003 SET sql_mode              = 'STRICT_TRANS_TABLES,STRICT_ALL_TABLES,NO_ZERO_IN_DATE,NO_ZERO_DATE,ALLOW_INVALID_DATES,ERROR_FOR_DIVISION_BY_ZERO,TRADITIONAL,NO_AUTO_CREATE_USER,NO_ENGINE_SUBSTITUTION' */ ;
DELIMITER ;;
CREATE DEFINER=`0604972069`@`%` PROCEDURE `listAircrafts`()
BEGIN
	SELECT aircraftID FROM aircrafts;
END ;;
DELIMITER ;
/*!50003 SET sql_mode              = @saved_sql_mode */ ;
/*!50003 SET character_set_client  = @saved_cs_client */ ;
/*!50003 SET character_set_results = @saved_cs_results */ ;
/*!50003 SET collation_connection  = @saved_col_connection */ ;
/*!50003 DROP PROCEDURE IF EXISTS `listAirports` */;
/*!50003 SET @saved_cs_client      = @@character_set_client */ ;
/*!50003 SET @saved_cs_results     = @@character_set_results */ ;
/*!50003 SET @saved_col_connection = @@collation_connection */ ;
/*!50003 SET character_set_client  = utf8 */ ;
/*!50003 SET character_set_results = utf8 */ ;
/*!50003 SET collation_connection  = utf8_general_ci */ ;
/*!50003 SET @saved_sql_mode       = @@sql_mode */ ;
/*!50003 SET sql_mode              = 'STRICT_TRANS_TABLES,STRICT_ALL_TABLES,NO_ZERO_IN_DATE,NO_ZERO_DATE,ALLOW_INVALID_DATES,ERROR_FOR_DIVISION_BY_ZERO,TRADITIONAL,NO_AUTO_CREATE_USER,NO_ENGINE_SUBSTITUTION' */ ;
DELIMITER ;;
CREATE DEFINER=`0604972069`@`%` PROCEDURE `listAirports`()
BEGIN
	SELECT IATACode, AirportName FROM Airports;
END ;;
DELIMITER ;
/*!50003 SET sql_mode              = @saved_sql_mode */ ;
/*!50003 SET character_set_client  = @saved_cs_client */ ;
/*!50003 SET character_set_results = @saved_cs_results */ ;
/*!50003 SET collation_connection  = @saved_col_connection */ ;
/*!50003 DROP PROCEDURE IF EXISTS `listDestinations` */;
/*!50003 SET @saved_cs_client      = @@character_set_client */ ;
/*!50003 SET @saved_cs_results     = @@character_set_results */ ;
/*!50003 SET @saved_col_connection = @@collation_connection */ ;
/*!50003 SET character_set_client  = utf8 */ ;
/*!50003 SET character_set_results = utf8 */ ;
/*!50003 SET collation_connection  = utf8_general_ci */ ;
/*!50003 SET @saved_sql_mode       = @@sql_mode */ ;
/*!50003 SET sql_mode              = 'STRICT_TRANS_TABLES,STRICT_ALL_TABLES,NO_ZERO_IN_DATE,NO_ZERO_DATE,ALLOW_INVALID_DATES,ERROR_FOR_DIVISION_BY_ZERO,TRADITIONAL,NO_AUTO_CREATE_USER,NO_ENGINE_SUBSTITUTION' */ ;
DELIMITER ;;
CREATE DEFINER=`0604972069`@`%` PROCEDURE `listDestinations`()
BEGIN
	SELECT countryname FROM countries ORDER BY countryname ASC;
END ;;
DELIMITER ;
/*!50003 SET sql_mode              = @saved_sql_mode */ ;
/*!50003 SET character_set_client  = @saved_cs_client */ ;
/*!50003 SET character_set_results = @saved_cs_results */ ;
/*!50003 SET collation_connection  = @saved_col_connection */ ;
/*!50003 DROP PROCEDURE IF EXISTS `listFlightSchedules` */;
/*!50003 SET @saved_cs_client      = @@character_set_client */ ;
/*!50003 SET @saved_cs_results     = @@character_set_results */ ;
/*!50003 SET @saved_col_connection = @@collation_connection */ ;
/*!50003 SET character_set_client  = utf8 */ ;
/*!50003 SET character_set_results = utf8 */ ;
/*!50003 SET collation_connection  = utf8_general_ci */ ;
/*!50003 SET @saved_sql_mode       = @@sql_mode */ ;
/*!50003 SET sql_mode              = 'STRICT_TRANS_TABLES,STRICT_ALL_TABLES,NO_ZERO_IN_DATE,NO_ZERO_DATE,ALLOW_INVALID_DATES,ERROR_FOR_DIVISION_BY_ZERO,TRADITIONAL,NO_AUTO_CREATE_USER,NO_ENGINE_SUBSTITUTION' */ ;
DELIMITER ;;
CREATE DEFINER=`0604972069`@`%` PROCEDURE `listFlightSchedules`()
BEGIN
	SELECT * FROM flightschedules;
END ;;
DELIMITER ;
/*!50003 SET sql_mode              = @saved_sql_mode */ ;
/*!50003 SET character_set_client  = @saved_cs_client */ ;
/*!50003 SET character_set_results = @saved_cs_results */ ;
/*!50003 SET collation_connection  = @saved_col_connection */ ;
/*!50003 DROP PROCEDURE IF EXISTS `listPriceCategories` */;
/*!50003 SET @saved_cs_client      = @@character_set_client */ ;
/*!50003 SET @saved_cs_results     = @@character_set_results */ ;
/*!50003 SET @saved_col_connection = @@collation_connection */ ;
/*!50003 SET character_set_client  = utf8 */ ;
/*!50003 SET character_set_results = utf8 */ ;
/*!50003 SET collation_connection  = utf8_general_ci */ ;
/*!50003 SET @saved_sql_mode       = @@sql_mode */ ;
/*!50003 SET sql_mode              = 'STRICT_TRANS_TABLES,STRICT_ALL_TABLES,NO_ZERO_IN_DATE,NO_ZERO_DATE,ALLOW_INVALID_DATES,ERROR_FOR_DIVISION_BY_ZERO,TRADITIONAL,NO_AUTO_CREATE_USER,NO_ENGINE_SUBSTITUTION' */ ;
DELIMITER ;;
CREATE DEFINER=`0604972069`@`%` PROCEDURE `listPriceCategories`()
BEGIN
	SELECT categoryname, minimumprice FROM pricecategories;
END ;;
DELIMITER ;
/*!50003 SET sql_mode              = @saved_sql_mode */ ;
/*!50003 SET character_set_client  = @saved_cs_client */ ;
/*!50003 SET character_set_results = @saved_cs_results */ ;
/*!50003 SET collation_connection  = @saved_col_connection */ ;
/*!50003 DROP PROCEDURE IF EXISTS `readAircraft` */;
/*!50003 SET @saved_cs_client      = @@character_set_client */ ;
/*!50003 SET @saved_cs_results     = @@character_set_results */ ;
/*!50003 SET @saved_col_connection = @@collation_connection */ ;
/*!50003 SET character_set_client  = utf8 */ ;
/*!50003 SET character_set_results = utf8 */ ;
/*!50003 SET collation_connection  = utf8_general_ci */ ;
/*!50003 SET @saved_sql_mode       = @@sql_mode */ ;
/*!50003 SET sql_mode              = 'STRICT_TRANS_TABLES,STRICT_ALL_TABLES,NO_ZERO_IN_DATE,NO_ZERO_DATE,ALLOW_INVALID_DATES,ERROR_FOR_DIVISION_BY_ZERO,TRADITIONAL,NO_AUTO_CREATE_USER,NO_ENGINE_SUBSTITUTION' */ ;
DELIMITER ;;
CREATE DEFINER=`0604972069`@`%` PROCEDURE `readAircraft`(aircraft_ID CHAR(6))
BEGIN
	SELECT * FROM aircrafts WHERE aircraftID = aircraft_ID;
END ;;
DELIMITER ;
/*!50003 SET sql_mode              = @saved_sql_mode */ ;
/*!50003 SET character_set_client  = @saved_cs_client */ ;
/*!50003 SET character_set_results = @saved_cs_results */ ;
/*!50003 SET collation_connection  = @saved_col_connection */ ;
/*!50003 DROP PROCEDURE IF EXISTS `updateAircraft` */;
/*!50003 SET @saved_cs_client      = @@character_set_client */ ;
/*!50003 SET @saved_cs_results     = @@character_set_results */ ;
/*!50003 SET @saved_col_connection = @@collation_connection */ ;
/*!50003 SET character_set_client  = utf8 */ ;
/*!50003 SET character_set_results = utf8 */ ;
/*!50003 SET collation_connection  = utf8_general_ci */ ;
/*!50003 SET @saved_sql_mode       = @@sql_mode */ ;
/*!50003 SET sql_mode              = 'STRICT_TRANS_TABLES,STRICT_ALL_TABLES,NO_ZERO_IN_DATE,NO_ZERO_DATE,ALLOW_INVALID_DATES,ERROR_FOR_DIVISION_BY_ZERO,TRADITIONAL,NO_AUTO_CREATE_USER,NO_ENGINE_SUBSTITUTION' */ ;
DELIMITER ;;
CREATE DEFINER=`0604972069`@`%` PROCEDURE `updateAircraft`(aircraft_ID CHAR(6),aircraft_Type VARCHAR(35),max_Number_Of_Passengers SMALLINT(6),entered_Service DATE,aircraft_Name VARCHAR(55))
BEGIN
	UPDATE aircrafts SET aircraftType = aircraft_Type, maxNumberOfPassangers = max_Number_Of_Passengers, enteredservice = entered_Service, aircraftName = aircraft_Name WHERE aircraftID = aircraft_ID;
END ;;
DELIMITER ;
/*!50003 SET sql_mode              = @saved_sql_mode */ ;
/*!50003 SET character_set_client  = @saved_cs_client */ ;
/*!50003 SET character_set_results = @saved_cs_results */ ;
/*!50003 SET collation_connection  = @saved_col_connection */ ;
/*!50003 DROP PROCEDURE IF EXISTS `UpdateCabinCrew` */;
/*!50003 SET @saved_cs_client      = @@character_set_client */ ;
/*!50003 SET @saved_cs_results     = @@character_set_results */ ;
/*!50003 SET @saved_col_connection = @@collation_connection */ ;
/*!50003 SET character_set_client  = utf8 */ ;
/*!50003 SET character_set_results = utf8 */ ;
/*!50003 SET collation_connection  = utf8_general_ci */ ;
/*!50003 SET @saved_sql_mode       = @@sql_mode */ ;
/*!50003 SET sql_mode              = 'STRICT_TRANS_TABLES,NO_AUTO_CREATE_USER,NO_ENGINE_SUBSTITUTION' */ ;
DELIMITER ;;
CREATE DEFINER=`0604972069`@`%` PROCEDURE `UpdateCabinCrew`(flight_code int, person_ID varchar(35))
BEGIN
	declare newattendant varchar(35) default '';
    SELECT personID INTO newattendant FROM staff WHERE jobsID = 9 AND personID != ALL(SELECT staff_personID FROM flights_has_staff WHERE flights_flightCode = flight_code) ORDER BY RAND() LIMIT 1;
	UPDATE flights_has_staff SET staff_personID = newattendant WHERE staff_personID = person_ID AND flights_flightCode = flight_code;
END ;;
DELIMITER ;
/*!50003 SET sql_mode              = @saved_sql_mode */ ;
/*!50003 SET character_set_client  = @saved_cs_client */ ;
/*!50003 SET character_set_results = @saved_cs_results */ ;
/*!50003 SET collation_connection  = @saved_col_connection */ ;
/*!50003 DROP PROCEDURE IF EXISTS `xmlexport` */;
/*!50003 SET @saved_cs_client      = @@character_set_client */ ;
/*!50003 SET @saved_cs_results     = @@character_set_results */ ;
/*!50003 SET @saved_col_connection = @@collation_connection */ ;
/*!50003 SET character_set_client  = utf8 */ ;
/*!50003 SET character_set_results = utf8 */ ;
/*!50003 SET collation_connection  = utf8_general_ci */ ;
/*!50003 SET @saved_sql_mode       = @@sql_mode */ ;
/*!50003 SET sql_mode              = 'STRICT_TRANS_TABLES,NO_AUTO_CREATE_USER,NO_ENGINE_SUBSTITUTION' */ ;
DELIMITER ;;
CREATE DEFINER=`0604972069`@`%` PROCEDURE `xmlexport`(aircraft_ID char(6))
BEGIN
	declare seatnumberingandletter varchar(5);
    declare seatingclass varchar(255);
    declare seatinglevel char(2);
    declare body longtext;
    
    declare done boolean default false;
    declare cursorino cursor for SELECT CONCAT(aircraftseats.rowNumber, aircraftseats.seatNumber), classes.className, aircraftseats.deck FROM aircraftseats JOIN classes ON aircraftseats.classID = classes.classID WHERE aircraftseats.aircraftID = aircraft_ID;
	declare continue handler for not found set done = true;	
    
    set body = '<DATA>\n\n';
    
	open cursorino;
	read_loop:loop
		fetch cursorino into seatnumberingandletter,seatingclass,seatinglevel;
		if done then
			leave read_loop;
		end if;
		set body = concat(body,'\t<ROW>\n\t\t<seatNumberAndLetter>',seatnumberingandletter,'</seatNumberAndLetter>\n\t\t<className>',seatingclass,'</className>\n\t\t<deck>',seatinglevel,'</deck>\n\t</ROW>\n\n');
	end loop;
	close cursorino;
    
    set body = concat(SUBSTRING(body, 1, CHAR_LENGTH(body) - 1),'</DATA>\n');
    
    select body as xmlfinished; #INTO OUTFILE '/tmp/export.xml';
END ;;
DELIMITER ;
/*!50003 SET sql_mode              = @saved_sql_mode */ ;
/*!50003 SET character_set_client  = @saved_cs_client */ ;
/*!50003 SET character_set_results = @saved_cs_results */ ;
/*!50003 SET collation_connection  = @saved_col_connection */ ;
/*!40103 SET TIME_ZONE=@OLD_TIME_ZONE */;

/*!40101 SET SQL_MODE=@OLD_SQL_MODE */;
/*!40014 SET FOREIGN_KEY_CHECKS=@OLD_FOREIGN_KEY_CHECKS */;
/*!40014 SET UNIQUE_CHECKS=@OLD_UNIQUE_CHECKS */;
/*!40101 SET CHARACTER_SET_CLIENT=@OLD_CHARACTER_SET_CLIENT */;
/*!40101 SET CHARACTER_SET_RESULTS=@OLD_CHARACTER_SET_RESULTS */;
/*!40101 SET COLLATION_CONNECTION=@OLD_COLLATION_CONNECTION */;
/*!40111 SET SQL_NOTES=@OLD_SQL_NOTES */;

-- Dump completed on 2016-12-04 21:27:07
